solid OpenSCAD_Model
  facet normal 0.997845 0.0656179 0
    outer loop
      vertex 102 0 24
      vertex 101.897 1.56631 0
      vertex 101.897 1.56631 24
    endloop
  endfacet
  facet normal 0.997845 0.0656179 0
    outer loop
      vertex 101.897 1.56631 0
      vertex 102 0 24
      vertex 102 0 0
    endloop
  endfacet
  facet normal 0.980813 -0.19495 0
    outer loop
      vertex 101.591 -3.10583 24
      vertex 101.897 -1.56631 0
      vertex 101.897 -1.56631 24
    endloop
  endfacet
  facet normal 0.980813 -0.19495 0
    outer loop
      vertex 101.897 -1.56631 0
      vertex 101.591 -3.10583 24
      vertex 101.591 -3.10583 0
    endloop
  endfacet
  facet normal 0.997845 -0.0656179 0
    outer loop
      vertex 101.897 -1.56631 24
      vertex 102 0 0
      vertex 102 0 24
    endloop
  endfacet
  facet normal 0.997845 -0.0656179 0
    outer loop
      vertex 102 0 0
      vertex 101.897 -1.56631 24
      vertex 101.897 -1.56631 0
    endloop
  endfacet
  facet normal 0.831548 0.555453 0
    outer loop
      vertex 100.392 6 24
      vertex 99.5202 7.30514 0
      vertex 99.5202 7.30514 24
    endloop
  endfacet
  facet normal 0.831548 0.555453 0
    outer loop
      vertex 99.5202 7.30514 0
      vertex 100.392 6 24
      vertex 100.392 6 0
    endloop
  endfacet
  facet normal 0 -1 0
    outer loop
      vertex 0 -12 0
      vertex 90 -12 24
      vertex 0 -12 24
    endloop
  endfacet
  facet normal 0 -1 -0
    outer loop
      vertex 90 -12 24
      vertex 0 -12 0
      vertex 90 -12 0
    endloop
  endfacet
  facet normal 0.947038 -0.321123 0
    outer loop
      vertex 101.087 -4.5922 24
      vertex 101.591 -3.10583 0
      vertex 101.591 -3.10583 24
    endloop
  endfacet
  facet normal 0.947038 -0.321123 0
    outer loop
      vertex 101.591 -3.10583 0
      vertex 101.087 -4.5922 24
      vertex 101.087 -4.5922 0
    endloop
  endfacet
  facet normal -0.0654276 -0.997857 0
    outer loop
      vertex -1.56631 -11.8973 0
      vertex 0 -12 24
      vertex -1.56631 -11.8973 24
    endloop
  endfacet
  facet normal -0.0654276 -0.997857 -0
    outer loop
      vertex 0 -12 24
      vertex -1.56631 -11.8973 0
      vertex 0 -12 0
    endloop
  endfacet
  facet normal 0.980813 0.19495 0
    outer loop
      vertex 101.897 1.56631 24
      vertex 101.591 3.10583 0
      vertex 101.591 3.10583 24
    endloop
  endfacet
  facet normal 0.980813 0.19495 0
    outer loop
      vertex 101.591 3.10583 0
      vertex 101.897 1.56631 24
      vertex 101.897 1.56631 0
    endloop
  endfacet
  facet normal -0.195072 0.980789 0
    outer loop
      vertex -1.56631 11.8973 0
      vertex -3.10583 11.5911 24
      vertex -1.56631 11.8973 24
    endloop
  endfacet
  facet normal -0.195072 0.980789 0
    outer loop
      vertex -3.10583 11.5911 24
      vertex -1.56631 11.8973 0
      vertex -3.10583 11.5911 0
    endloop
  endfacet
  facet normal 0.321402 0.946943 -0
    outer loop
      vertex 94.5922 11.0866 0
      vertex 93.1058 11.5911 24
      vertex 94.5922 11.0866 24
    endloop
  endfacet
  facet normal 0.321402 0.946943 0
    outer loop
      vertex 93.1058 11.5911 24
      vertex 94.5922 11.0866 0
      vertex 93.1058 11.5911 0
    endloop
  endfacet
  facet normal 0.195075 -0.980788 0
    outer loop
      vertex 91.5663 -11.8973 0
      vertex 93.1058 -11.5911 24
      vertex 91.5663 -11.8973 24
    endloop
  endfacet
  facet normal 0.195075 -0.980788 0
    outer loop
      vertex 93.1058 -11.5911 24
      vertex 91.5663 -11.8973 0
      vertex 93.1058 -11.5911 0
    endloop
  endfacet
  facet normal -0.831472 -0.555567 0
    outer loop
      vertex -9.52024 -7.30514 0
      vertex -10.3923 -6 24
      vertex -10.3923 -6 0
    endloop
  endfacet
  facet normal -0.831472 -0.555567 0
    outer loop
      vertex -10.3923 -6 24
      vertex -9.52024 -7.30514 0
      vertex -9.52024 -7.30514 24
    endloop
  endfacet
  facet normal -0.659348 -0.751838 0
    outer loop
      vertex -8.48528 -8.48528 0
      vertex -7.30514 -9.52024 24
      vertex -8.48528 -8.48528 24
    endloop
  endfacet
  facet normal -0.659348 -0.751838 -0
    outer loop
      vertex -7.30514 -9.52024 24
      vertex -8.48528 -8.48528 0
      vertex -7.30514 -9.52024 0
    endloop
  endfacet
  facet normal 0.659329 -0.751855 0
    outer loop
      vertex 97.3051 -9.52024 0
      vertex 98.4853 -8.48528 24
      vertex 97.3051 -9.52024 24
    endloop
  endfacet
  facet normal 0.659329 -0.751855 0
    outer loop
      vertex 98.4853 -8.48528 24
      vertex 97.3051 -9.52024 0
      vertex 98.4853 -8.48528 0
    endloop
  endfacet
  facet normal 0.831548 -0.555453 0
    outer loop
      vertex 99.5202 -7.30514 24
      vertex 100.392 -6 0
      vertex 100.392 -6 24
    endloop
  endfacet
  facet normal 0.831548 -0.555453 0
    outer loop
      vertex 100.392 -6 0
      vertex 99.5202 -7.30514 24
      vertex 99.5202 -7.30514 0
    endloop
  endfacet
  facet normal 0.555579 -0.831464 0
    outer loop
      vertex 96 -10.3923 0
      vertex 97.3051 -9.52024 24
      vertex 96 -10.3923 24
    endloop
  endfacet
  facet normal 0.555579 -0.831464 0
    outer loop
      vertex 97.3051 -9.52024 24
      vertex 96 -10.3923 0
      vertex 97.3051 -9.52024 0
    endloop
  endfacet
  facet normal 0.751857 -0.659326 0
    outer loop
      vertex 98.4853 -8.48528 24
      vertex 99.5202 -7.30514 0
      vertex 99.5202 -7.30514 24
    endloop
  endfacet
  facet normal 0.751857 -0.659326 0
    outer loop
      vertex 99.5202 -7.30514 0
      vertex 98.4853 -8.48528 24
      vertex 98.4853 -8.48528 0
    endloop
  endfacet
  facet normal 0.947038 0.321123 0
    outer loop
      vertex 101.591 3.10583 24
      vertex 101.087 4.5922 0
      vertex 101.087 4.5922 24
    endloop
  endfacet
  facet normal 0.947038 0.321123 0
    outer loop
      vertex 101.087 4.5922 0
      vertex 101.591 3.10583 24
      vertex 101.591 3.10583 0
    endloop
  endfacet
  facet normal -0.946941 0.321408 0
    outer loop
      vertex -11.5911 3.10583 0
      vertex -11.0866 4.5922 24
      vertex -11.0866 4.5922 0
    endloop
  endfacet
  facet normal -0.946941 0.321408 0
    outer loop
      vertex -11.0866 4.5922 24
      vertex -11.5911 3.10583 0
      vertex -11.5911 3.10583 24
    endloop
  endfacet
  facet normal -0.980789 -0.195072 0
    outer loop
      vertex -11.5911 -3.10583 0
      vertex -11.8973 -1.56631 24
      vertex -11.8973 -1.56631 0
    endloop
  endfacet
  facet normal -0.980789 -0.195072 0
    outer loop
      vertex -11.8973 -1.56631 24
      vertex -11.5911 -3.10583 0
      vertex -11.5911 -3.10583 24
    endloop
  endfacet
  facet normal 0.065428 -0.997857 0
    outer loop
      vertex 90 -12 0
      vertex 91.5663 -11.8973 24
      vertex 90 -12 24
    endloop
  endfacet
  facet normal 0.065428 -0.997857 0
    outer loop
      vertex 91.5663 -11.8973 24
      vertex 90 -12 0
      vertex 91.5663 -11.8973 0
    endloop
  endfacet
  facet normal 0 1 -0
    outer loop
      vertex 90 12 0
      vertex 0 12 24
      vertex 90 12 24
    endloop
  endfacet
  facet normal 0 1 0
    outer loop
      vertex 0 12 24
      vertex 90 12 0
      vertex 0 12 0
    endloop
  endfacet
  facet normal 0.065428 0.997857 -0
    outer loop
      vertex 91.5663 11.8973 0
      vertex 90 12 24
      vertex 91.5663 11.8973 24
    endloop
  endfacet
  facet normal 0.065428 0.997857 0
    outer loop
      vertex 90 12 24
      vertex 91.5663 11.8973 0
      vertex 90 12 0
    endloop
  endfacet
  facet normal 0.896683 0.442673 0
    outer loop
      vertex 101.087 4.5922 24
      vertex 100.392 6 0
      vertex 100.392 6 24
    endloop
  endfacet
  facet normal 0.896683 0.442673 0
    outer loop
      vertex 100.392 6 0
      vertex 101.087 4.5922 24
      vertex 101.087 4.5922 0
    endloop
  endfacet
  facet normal -0.0654276 0.997857 0
    outer loop
      vertex 0 12 0
      vertex -1.56631 11.8973 24
      vertex 0 12 24
    endloop
  endfacet
  facet normal -0.0654276 0.997857 0
    outer loop
      vertex -1.56631 11.8973 24
      vertex 0 12 0
      vertex -1.56631 11.8973 0
    endloop
  endfacet
  facet normal 0.659329 0.751855 -0
    outer loop
      vertex 98.4853 8.48528 0
      vertex 97.3051 9.52024 24
      vertex 98.4853 8.48528 24
    endloop
  endfacet
  facet normal 0.659329 0.751855 0
    outer loop
      vertex 97.3051 9.52024 24
      vertex 98.4853 8.48528 0
      vertex 97.3051 9.52024 0
    endloop
  endfacet
  facet normal -0.89686 -0.442314 0
    outer loop
      vertex -10.3923 -6 0
      vertex -11.0866 -4.5922 24
      vertex -11.0866 -4.5922 0
    endloop
  endfacet
  facet normal -0.89686 -0.442314 0
    outer loop
      vertex -11.0866 -4.5922 24
      vertex -10.3923 -6 0
      vertex -10.3923 -6 24
    endloop
  endfacet
  facet normal -0.555567 -0.831472 0
    outer loop
      vertex -7.30514 -9.52024 0
      vertex -6 -10.3923 24
      vertex -7.30514 -9.52024 24
    endloop
  endfacet
  facet normal -0.555567 -0.831472 -0
    outer loop
      vertex -6 -10.3923 24
      vertex -7.30514 -9.52024 0
      vertex -6 -10.3923 0
    endloop
  endfacet
  facet normal 0.896683 -0.442673 0
    outer loop
      vertex 100.392 -6 24
      vertex 101.087 -4.5922 0
      vertex 101.087 -4.5922 24
    endloop
  endfacet
  facet normal 0.896683 -0.442673 0
    outer loop
      vertex 101.087 -4.5922 0
      vertex 100.392 -6 24
      vertex 100.392 -6 0
    endloop
  endfacet
  facet normal 0.751857 0.659326 0
    outer loop
      vertex 99.5202 7.30514 24
      vertex 98.4853 8.48528 0
      vertex 98.4853 8.48528 24
    endloop
  endfacet
  facet normal 0.751857 0.659326 0
    outer loop
      vertex 98.4853 8.48528 0
      vertex 99.5202 7.30514 24
      vertex 99.5202 7.30514 0
    endloop
  endfacet
  facet normal -0.555567 0.831472 0
    outer loop
      vertex -6 10.3923 0
      vertex -7.30514 9.52024 24
      vertex -6 10.3923 24
    endloop
  endfacet
  facet normal -0.555567 0.831472 0
    outer loop
      vertex -7.30514 9.52024 24
      vertex -6 10.3923 0
      vertex -7.30514 9.52024 0
    endloop
  endfacet
  facet normal -0.946941 -0.321408 0
    outer loop
      vertex -11.0866 -4.5922 0
      vertex -11.5911 -3.10583 24
      vertex -11.5911 -3.10583 0
    endloop
  endfacet
  facet normal -0.946941 -0.321408 0
    outer loop
      vertex -11.5911 -3.10583 24
      vertex -11.0866 -4.5922 0
      vertex -11.0866 -4.5922 24
    endloop
  endfacet
  facet normal -0.89686 0.442314 0
    outer loop
      vertex -11.0866 4.5922 0
      vertex -10.3923 6 24
      vertex -10.3923 6 0
    endloop
  endfacet
  facet normal -0.89686 0.442314 0
    outer loop
      vertex -10.3923 6 24
      vertex -11.0866 4.5922 0
      vertex -11.0866 4.5922 24
    endloop
  endfacet
  facet normal 0.195075 0.980788 -0
    outer loop
      vertex 93.1058 11.5911 0
      vertex 91.5663 11.8973 24
      vertex 93.1058 11.5911 24
    endloop
  endfacet
  facet normal 0.195075 0.980788 0
    outer loop
      vertex 91.5663 11.8973 24
      vertex 93.1058 11.5911 0
      vertex 91.5663 11.8973 0
    endloop
  endfacet
  facet normal -0.195072 -0.980789 0
    outer loop
      vertex -3.10583 -11.5911 0
      vertex -1.56631 -11.8973 24
      vertex -3.10583 -11.5911 24
    endloop
  endfacet
  facet normal -0.195072 -0.980789 -0
    outer loop
      vertex -1.56631 -11.8973 24
      vertex -3.10583 -11.5911 0
      vertex -1.56631 -11.8973 0
    endloop
  endfacet
  facet normal 0.321402 -0.946943 0
    outer loop
      vertex 93.1058 -11.5911 0
      vertex 94.5922 -11.0866 24
      vertex 93.1058 -11.5911 24
    endloop
  endfacet
  facet normal 0.321402 -0.946943 0
    outer loop
      vertex 94.5922 -11.0866 24
      vertex 93.1058 -11.5911 0
      vertex 94.5922 -11.0866 0
    endloop
  endfacet
  facet normal 0.442314 -0.89686 0
    outer loop
      vertex 94.5922 -11.0866 0
      vertex 96 -10.3923 24
      vertex 94.5922 -11.0866 24
    endloop
  endfacet
  facet normal 0.442314 -0.89686 0
    outer loop
      vertex 96 -10.3923 24
      vertex 94.5922 -11.0866 0
      vertex 96 -10.3923 0
    endloop
  endfacet
  facet normal 0.442314 0.89686 -0
    outer loop
      vertex 96 10.3923 0
      vertex 94.5922 11.0866 24
      vertex 96 10.3923 24
    endloop
  endfacet
  facet normal 0.442314 0.89686 0
    outer loop
      vertex 94.5922 11.0866 24
      vertex 96 10.3923 0
      vertex 94.5922 11.0866 0
    endloop
  endfacet
  facet normal -0.980789 0.195072 0
    outer loop
      vertex -11.8973 1.56631 0
      vertex -11.5911 3.10583 24
      vertex -11.5911 3.10583 0
    endloop
  endfacet
  facet normal -0.980789 0.195072 0
    outer loop
      vertex -11.5911 3.10583 24
      vertex -11.8973 1.56631 0
      vertex -11.8973 1.56631 24
    endloop
  endfacet
  facet normal -0.321408 -0.946941 0
    outer loop
      vertex -4.5922 -11.0866 0
      vertex -3.10583 -11.5911 24
      vertex -4.5922 -11.0866 24
    endloop
  endfacet
  facet normal -0.321408 -0.946941 -0
    outer loop
      vertex -3.10583 -11.5911 24
      vertex -4.5922 -11.0866 0
      vertex -3.10583 -11.5911 0
    endloop
  endfacet
  facet normal -0.442314 0.89686 0
    outer loop
      vertex -4.5922 11.0866 0
      vertex -6 10.3923 24
      vertex -4.5922 11.0866 24
    endloop
  endfacet
  facet normal -0.442314 0.89686 0
    outer loop
      vertex -6 10.3923 24
      vertex -4.5922 11.0866 0
      vertex -6 10.3923 0
    endloop
  endfacet
  facet normal -0.997857 -0.0654276 0
    outer loop
      vertex -11.8973 -1.56631 0
      vertex -12 0 24
      vertex -12 0 0
    endloop
  endfacet
  facet normal -0.997857 -0.0654276 0
    outer loop
      vertex -12 0 24
      vertex -11.8973 -1.56631 0
      vertex -11.8973 -1.56631 24
    endloop
  endfacet
  facet normal -0.997857 0.0654276 0
    outer loop
      vertex -12 0 0
      vertex -11.8973 1.56631 24
      vertex -11.8973 1.56631 0
    endloop
  endfacet
  facet normal -0.997857 0.0654276 0
    outer loop
      vertex -11.8973 1.56631 24
      vertex -12 0 0
      vertex -12 0 24
    endloop
  endfacet
  facet normal 0.555579 0.831464 -0
    outer loop
      vertex 97.3051 9.52024 0
      vertex 96 10.3923 24
      vertex 97.3051 9.52024 24
    endloop
  endfacet
  facet normal 0.555579 0.831464 0
    outer loop
      vertex 96 10.3923 24
      vertex 97.3051 9.52024 0
      vertex 96 10.3923 0
    endloop
  endfacet
  facet normal -0.321408 0.946941 0
    outer loop
      vertex -3.10583 11.5911 0
      vertex -4.5922 11.0866 24
      vertex -3.10583 11.5911 24
    endloop
  endfacet
  facet normal -0.321408 0.946941 0
    outer loop
      vertex -4.5922 11.0866 24
      vertex -3.10583 11.5911 0
      vertex -4.5922 11.0866 0
    endloop
  endfacet
  facet normal 0 0 -1
    outer loop
      vertex 92 0 0
      vertex 102 0 0
      vertex 101.897 -1.56631 0
    endloop
  endfacet
  facet normal 0 0 -1
    outer loop
      vertex 91.9829 -0.261052 0
      vertex 101.897 -1.56631 0
      vertex 101.591 -3.10583 0
    endloop
  endfacet
  facet normal 0 0 -1
    outer loop
      vertex 102 0 0
      vertex 92 0 0
      vertex 101.897 1.56631 0
    endloop
  endfacet
  facet normal 0 0 -1
    outer loop
      vertex 91.9319 -0.517637 0
      vertex 101.591 -3.10583 0
      vertex 101.087 -4.5922 0
    endloop
  endfacet
  facet normal 0 0 -1
    outer loop
      vertex 91.9829 0.261052 0
      vertex 101.897 1.56631 0
      vertex 92 0 0
    endloop
  endfacet
  facet normal 0 0 -1
    outer loop
      vertex 91.8478 -0.765367 0
      vertex 101.087 -4.5922 0
      vertex 100.392 -6 0
    endloop
  endfacet
  facet normal -0 0 -1
    outer loop
      vertex 101.897 1.56631 0
      vertex 91.9829 0.261052 0
      vertex 101.591 3.10583 0
    endloop
  endfacet
  facet normal 0 0 -1
    outer loop
      vertex 91.732 -1 0
      vertex 100.392 -6 0
      vertex 99.5202 -7.30514 0
    endloop
  endfacet
  facet normal 0 0 -1
    outer loop
      vertex 91.9319 0.517637 0
      vertex 101.591 3.10583 0
      vertex 91.9829 0.261052 0
    endloop
  endfacet
  facet normal 0 0 -1
    outer loop
      vertex 91.5867 -1.21752 0
      vertex 99.5202 -7.30514 0
      vertex 98.4853 -8.48528 0
    endloop
  endfacet
  facet normal -0 0 -1
    outer loop
      vertex 101.591 3.10583 0
      vertex 91.9319 0.517637 0
      vertex 101.087 4.5922 0
    endloop
  endfacet
  facet normal 0 0 -1
    outer loop
      vertex 91.4142 -1.41421 0
      vertex 98.4853 -8.48528 0
      vertex 97.3051 -9.52024 0
    endloop
  endfacet
  facet normal 0 0 -1
    outer loop
      vertex 91.8478 0.765367 0
      vertex 101.087 4.5922 0
      vertex 91.9319 0.517637 0
    endloop
  endfacet
  facet normal 0 0 -1
    outer loop
      vertex 91.2175 -1.58671 0
      vertex 97.3051 -9.52024 0
      vertex 96 -10.3923 0
    endloop
  endfacet
  facet normal -0 0 -1
    outer loop
      vertex 101.087 4.5922 0
      vertex 91.8478 0.765367 0
      vertex 100.392 6 0
    endloop
  endfacet
  facet normal 0 0 -1
    outer loop
      vertex 91 -1.73205 0
      vertex 96 -10.3923 0
      vertex 94.5922 -11.0866 0
    endloop
  endfacet
  facet normal 0 0 -1
    outer loop
      vertex 91.732 1 0
      vertex 100.392 6 0
      vertex 91.8478 0.765367 0
    endloop
  endfacet
  facet normal 0 0 -1
    outer loop
      vertex 90.7654 -1.84776 0
      vertex 94.5922 -11.0866 0
      vertex 93.1058 -11.5911 0
    endloop
  endfacet
  facet normal -0 0 -1
    outer loop
      vertex 100.392 6 0
      vertex 91.732 1 0
      vertex 99.5202 7.30514 0
    endloop
  endfacet
  facet normal 0 0 -1
    outer loop
      vertex 91.5867 1.21752 0
      vertex 99.5202 7.30514 0
      vertex 91.732 1 0
    endloop
  endfacet
  facet normal 0 0 -1
    outer loop
      vertex 101.897 -1.56631 0
      vertex 91.9829 -0.261052 0
      vertex 92 0 0
    endloop
  endfacet
  facet normal 0 0 -1
    outer loop
      vertex 101.591 -3.10583 0
      vertex 91.9319 -0.517637 0
      vertex 91.9829 -0.261052 0
    endloop
  endfacet
  facet normal 0 0 -1
    outer loop
      vertex 101.087 -4.5922 0
      vertex 91.8478 -0.765367 0
      vertex 91.9319 -0.517637 0
    endloop
  endfacet
  facet normal 0 0 -1
    outer loop
      vertex 100.392 -6 0
      vertex 91.732 -1 0
      vertex 91.8478 -0.765367 0
    endloop
  endfacet
  facet normal 0 0 -1
    outer loop
      vertex 99.5202 -7.30514 0
      vertex 91.5867 -1.21752 0
      vertex 91.732 -1 0
    endloop
  endfacet
  facet normal 0 0 -1
    outer loop
      vertex 90.5176 -1.93185 0
      vertex 93.1058 -11.5911 0
      vertex 91.5663 -11.8973 0
    endloop
  endfacet
  facet normal 0 0 -1
    outer loop
      vertex 98.4853 -8.48528 0
      vertex 91.4142 -1.41421 0
      vertex 91.5867 -1.21752 0
    endloop
  endfacet
  facet normal 0 0 -1
    outer loop
      vertex 97.3051 -9.52024 0
      vertex 91.2175 -1.58671 0
      vertex 91.4142 -1.41421 0
    endloop
  endfacet
  facet normal 0 0 -1
    outer loop
      vertex 96 -10.3923 0
      vertex 91 -1.73205 0
      vertex 91.2175 -1.58671 0
    endloop
  endfacet
  facet normal 0 0 -1
    outer loop
      vertex 94.5922 -11.0866 0
      vertex 90.7654 -1.84776 0
      vertex 91 -1.73205 0
    endloop
  endfacet
  facet normal 0 0 -1
    outer loop
      vertex 93.1058 -11.5911 0
      vertex 90.5176 -1.93185 0
      vertex 90.7654 -1.84776 0
    endloop
  endfacet
  facet normal 0 0 -1
    outer loop
      vertex 91.5663 -11.8973 0
      vertex 90.2611 -1.98289 0
      vertex 90.5176 -1.93185 0
    endloop
  endfacet
  facet normal 0 0 -1
    outer loop
      vertex 90 -12 0
      vertex 90.2611 -1.98289 0
      vertex 91.5663 -11.8973 0
    endloop
  endfacet
  facet normal 0 0 -1
    outer loop
      vertex 90 -12 0
      vertex 90 -2 0
      vertex 90.2611 -1.98289 0
    endloop
  endfacet
  facet normal 0 0 -1
    outer loop
      vertex 90 -12 0
      vertex 89.7389 -1.98289 0
      vertex 90 -2 0
    endloop
  endfacet
  facet normal 0 0 -1
    outer loop
      vertex 90 -12 0
      vertex 89.4824 -1.93185 0
      vertex 89.7389 -1.98289 0
    endloop
  endfacet
  facet normal 0 0 -1
    outer loop
      vertex 90 -12 0
      vertex 89.2346 -1.84776 0
      vertex 89.4824 -1.93185 0
    endloop
  endfacet
  facet normal 0 0 -1
    outer loop
      vertex 90 -12 0
      vertex 89 -1.73205 0
      vertex 89.2346 -1.84776 0
    endloop
  endfacet
  facet normal 0 0 -1
    outer loop
      vertex 90 -12 0
      vertex 88.7825 -1.58671 0
      vertex 89 -1.73205 0
    endloop
  endfacet
  facet normal 0 0 -1
    outer loop
      vertex 90 -12 0
      vertex 88.5858 -1.41421 0
      vertex 88.7825 -1.58671 0
    endloop
  endfacet
  facet normal 0 0 -1
    outer loop
      vertex 90 -12 0
      vertex 88.4133 -1.21752 0
      vertex 88.5858 -1.41421 0
    endloop
  endfacet
  facet normal 0 0 -1
    outer loop
      vertex 90 -12 0
      vertex 88.268 -1 0
      vertex 88.4133 -1.21752 0
    endloop
  endfacet
  facet normal 0 0 -1
    outer loop
      vertex 90 -12 0
      vertex 88.1522 -0.765367 0
      vertex 88.268 -1 0
    endloop
  endfacet
  facet normal 0 0 -1
    outer loop
      vertex 90 -12 0
      vertex 88.0681 -0.517637 0
      vertex 88.1522 -0.765367 0
    endloop
  endfacet
  facet normal 0 0 -1
    outer loop
      vertex 1.93185 -0.517637 0
      vertex 88.0681 -0.517637 0
      vertex 90 -12 0
    endloop
  endfacet
  facet normal 0 0 -1
    outer loop
      vertex 88.0171 -0.261052 0
      vertex 2 0 0
      vertex 88 0 0
    endloop
  endfacet
  facet normal 0 0 -1
    outer loop
      vertex 88.0681 -0.517637 0
      vertex 1.93185 -0.517637 0
      vertex 88.0171 -0.261052 0
    endloop
  endfacet
  facet normal 0 0 -1
    outer loop
      vertex 88.0171 -0.261052 0
      vertex 1.98289 -0.261052 0
      vertex 2 0 0
    endloop
  endfacet
  facet normal -0 0 -1
    outer loop
      vertex 88.0171 -0.261052 0
      vertex 1.93185 -0.517637 0
      vertex 1.98289 -0.261052 0
    endloop
  endfacet
  facet normal 0 0 -1
    outer loop
      vertex 0 -12 0
      vertex 1.93185 -0.517637 0
      vertex 90 -12 0
    endloop
  endfacet
  facet normal 0 0 -1
    outer loop
      vertex 1.93185 -0.517637 0
      vertex 0 -12 0
      vertex 1.84776 -0.765367 0
    endloop
  endfacet
  facet normal 0 0 -1
    outer loop
      vertex 1.84776 -0.765367 0
      vertex 0 -12 0
      vertex 1.73205 -1 0
    endloop
  endfacet
  facet normal 0 0 -1
    outer loop
      vertex 1.73205 -1 0
      vertex 0 -12 0
      vertex 1.58671 -1.21752 0
    endloop
  endfacet
  facet normal 0 0 -1
    outer loop
      vertex 1.58671 -1.21752 0
      vertex 0 -12 0
      vertex 1.41421 -1.41421 0
    endloop
  endfacet
  facet normal 0 0 -1
    outer loop
      vertex 1.41421 -1.41421 0
      vertex 0 -12 0
      vertex 1.21752 -1.58671 0
    endloop
  endfacet
  facet normal 0 0 -1
    outer loop
      vertex 1.21752 -1.58671 0
      vertex 0 -12 0
      vertex 1 -1.73205 0
    endloop
  endfacet
  facet normal 0 0 -1
    outer loop
      vertex 1 -1.73205 0
      vertex 0 -12 0
      vertex 0.765367 -1.84776 0
    endloop
  endfacet
  facet normal 0 0 -1
    outer loop
      vertex 0.765367 -1.84776 0
      vertex 0 -12 0
      vertex 0.517637 -1.93185 0
    endloop
  endfacet
  facet normal 0 0 -1
    outer loop
      vertex 0.517637 -1.93185 0
      vertex 0 -12 0
      vertex 0.261052 -1.98289 0
    endloop
  endfacet
  facet normal 0 0 -1
    outer loop
      vertex 0 -12 0
      vertex 0 -2 0
      vertex 0.261052 -1.98289 0
    endloop
  endfacet
  facet normal 0 0 -1
    outer loop
      vertex 0 -12 0
      vertex -0.261052 -1.98289 0
      vertex 0 -2 0
    endloop
  endfacet
  facet normal 0 0 -1
    outer loop
      vertex -1.56631 -11.8973 0
      vertex -0.261052 -1.98289 0
      vertex 0 -12 0
    endloop
  endfacet
  facet normal -0 0 -1
    outer loop
      vertex -0.261052 -1.98289 0
      vertex -1.56631 -11.8973 0
      vertex -0.517637 -1.93185 0
    endloop
  endfacet
  facet normal 0 0 -1
    outer loop
      vertex -3.10583 -11.5911 0
      vertex -0.517637 -1.93185 0
      vertex -1.56631 -11.8973 0
    endloop
  endfacet
  facet normal -0 0 -1
    outer loop
      vertex -0.517637 -1.93185 0
      vertex -3.10583 -11.5911 0
      vertex -0.765367 -1.84776 0
    endloop
  endfacet
  facet normal 0 0 -1
    outer loop
      vertex -4.5922 -11.0866 0
      vertex -0.765367 -1.84776 0
      vertex -3.10583 -11.5911 0
    endloop
  endfacet
  facet normal -0 0 -1
    outer loop
      vertex -0.765367 -1.84776 0
      vertex -4.5922 -11.0866 0
      vertex -1 -1.73205 0
    endloop
  endfacet
  facet normal 0 0 -1
    outer loop
      vertex -6 -10.3923 0
      vertex -1 -1.73205 0
      vertex -4.5922 -11.0866 0
    endloop
  endfacet
  facet normal -0 0 -1
    outer loop
      vertex -1 -1.73205 0
      vertex -6 -10.3923 0
      vertex -1.21752 -1.58671 0
    endloop
  endfacet
  facet normal 0 0 -1
    outer loop
      vertex -7.30514 -9.52024 0
      vertex -1.21752 -1.58671 0
      vertex -6 -10.3923 0
    endloop
  endfacet
  facet normal -0 0 -1
    outer loop
      vertex -1.21752 -1.58671 0
      vertex -7.30514 -9.52024 0
      vertex -1.41421 -1.41421 0
    endloop
  endfacet
  facet normal 0 0 -1
    outer loop
      vertex -8.48528 -8.48528 0
      vertex -1.41421 -1.41421 0
      vertex -7.30514 -9.52024 0
    endloop
  endfacet
  facet normal -0 0 -1
    outer loop
      vertex -1.41421 -1.41421 0
      vertex -8.48528 -8.48528 0
      vertex -1.58671 -1.21752 0
    endloop
  endfacet
  facet normal 0 0 -1
    outer loop
      vertex -9.52024 -7.30514 0
      vertex -1.58671 -1.21752 0
      vertex -8.48528 -8.48528 0
    endloop
  endfacet
  facet normal -0 0 -1
    outer loop
      vertex 99.5202 7.30514 0
      vertex 91.5867 1.21752 0
      vertex 98.4853 8.48528 0
    endloop
  endfacet
  facet normal 0 0 -1
    outer loop
      vertex 91.4142 1.41421 0
      vertex 98.4853 8.48528 0
      vertex 91.5867 1.21752 0
    endloop
  endfacet
  facet normal -0 0 -1
    outer loop
      vertex 98.4853 8.48528 0
      vertex 91.4142 1.41421 0
      vertex 97.3051 9.52024 0
    endloop
  endfacet
  facet normal 0 0 -1
    outer loop
      vertex 91.2175 1.58671 0
      vertex 97.3051 9.52024 0
      vertex 91.4142 1.41421 0
    endloop
  endfacet
  facet normal -0 0 -1
    outer loop
      vertex 97.3051 9.52024 0
      vertex 91.2175 1.58671 0
      vertex 96 10.3923 0
    endloop
  endfacet
  facet normal 0 0 -1
    outer loop
      vertex 91 1.73205 0
      vertex 96 10.3923 0
      vertex 91.2175 1.58671 0
    endloop
  endfacet
  facet normal -0 0 -1
    outer loop
      vertex 96 10.3923 0
      vertex 91 1.73205 0
      vertex 94.5922 11.0866 0
    endloop
  endfacet
  facet normal 0 0 -1
    outer loop
      vertex 90.7654 1.84776 0
      vertex 94.5922 11.0866 0
      vertex 91 1.73205 0
    endloop
  endfacet
  facet normal -0 0 -1
    outer loop
      vertex 94.5922 11.0866 0
      vertex 90.7654 1.84776 0
      vertex 93.1058 11.5911 0
    endloop
  endfacet
  facet normal 0 0 -1
    outer loop
      vertex 90.5176 1.93185 0
      vertex 93.1058 11.5911 0
      vertex 90.7654 1.84776 0
    endloop
  endfacet
  facet normal -0 0 -1
    outer loop
      vertex 93.1058 11.5911 0
      vertex 90.5176 1.93185 0
      vertex 91.5663 11.8973 0
    endloop
  endfacet
  facet normal 0 0 -1
    outer loop
      vertex 90.2611 1.98289 0
      vertex 91.5663 11.8973 0
      vertex 90.5176 1.93185 0
    endloop
  endfacet
  facet normal 0 0 -1
    outer loop
      vertex 90 2 0
      vertex 91.5663 11.8973 0
      vertex 90.2611 1.98289 0
    endloop
  endfacet
  facet normal 0 0 -1
    outer loop
      vertex 90 2 0
      vertex 90 12 0
      vertex 91.5663 11.8973 0
    endloop
  endfacet
  facet normal 0 0 -1
    outer loop
      vertex 89.7389 1.98289 0
      vertex 90 12 0
      vertex 90 2 0
    endloop
  endfacet
  facet normal 0 0 -1
    outer loop
      vertex 89.4824 1.93185 0
      vertex 90 12 0
      vertex 89.7389 1.98289 0
    endloop
  endfacet
  facet normal 0 0 -1
    outer loop
      vertex 89.2346 1.84776 0
      vertex 90 12 0
      vertex 89.4824 1.93185 0
    endloop
  endfacet
  facet normal 0 0 -1
    outer loop
      vertex 89 1.73205 0
      vertex 90 12 0
      vertex 89.2346 1.84776 0
    endloop
  endfacet
  facet normal 0 0 -1
    outer loop
      vertex 88.7825 1.58671 0
      vertex 90 12 0
      vertex 89 1.73205 0
    endloop
  endfacet
  facet normal 0 0 -1
    outer loop
      vertex 88.5858 1.41421 0
      vertex 90 12 0
      vertex 88.7825 1.58671 0
    endloop
  endfacet
  facet normal 0 0 -1
    outer loop
      vertex 88.4133 1.21752 0
      vertex 90 12 0
      vertex 88.5858 1.41421 0
    endloop
  endfacet
  facet normal 0 0 -1
    outer loop
      vertex 88.268 1 0
      vertex 90 12 0
      vertex 88.4133 1.21752 0
    endloop
  endfacet
  facet normal 0 0 -1
    outer loop
      vertex 88.1522 0.765367 0
      vertex 90 12 0
      vertex 88.268 1 0
    endloop
  endfacet
  facet normal 0 0 -1
    outer loop
      vertex 88.0681 0.517637 0
      vertex 90 12 0
      vertex 88.1522 0.765367 0
    endloop
  endfacet
  facet normal 0 0 -1
    outer loop
      vertex 1.93185 0.517637 0
      vertex 88.0681 0.517637 0
      vertex 88.0171 0.261052 0
    endloop
  endfacet
  facet normal 0 0 -1
    outer loop
      vertex 2 0 0
      vertex 88.0171 0.261052 0
      vertex 88 0 0
    endloop
  endfacet
  facet normal 0 0 -1
    outer loop
      vertex 1.98289 0.261052 0
      vertex 88.0171 0.261052 0
      vertex 2 0 0
    endloop
  endfacet
  facet normal 0 0 -1
    outer loop
      vertex 1.93185 0.517637 0
      vertex 88.0171 0.261052 0
      vertex 1.98289 0.261052 0
    endloop
  endfacet
  facet normal 0 0 -1
    outer loop
      vertex 88.0681 0.517637 0
      vertex 1.93185 0.517637 0
      vertex 90 12 0
    endloop
  endfacet
  facet normal 0 0 -1
    outer loop
      vertex 0 12 0
      vertex 1.93185 0.517637 0
      vertex 1.84776 0.765367 0
    endloop
  endfacet
  facet normal 0 0 -1
    outer loop
      vertex 0 12 0
      vertex 1.84776 0.765367 0
      vertex 1.73205 1 0
    endloop
  endfacet
  facet normal 0 0 -1
    outer loop
      vertex 0 12 0
      vertex 1.73205 1 0
      vertex 1.58671 1.21752 0
    endloop
  endfacet
  facet normal 0 0 -1
    outer loop
      vertex 0 12 0
      vertex 1.58671 1.21752 0
      vertex 1.41421 1.41421 0
    endloop
  endfacet
  facet normal 0 0 -1
    outer loop
      vertex 0 12 0
      vertex 1.41421 1.41421 0
      vertex 1.21752 1.58671 0
    endloop
  endfacet
  facet normal 0 0 -1
    outer loop
      vertex 0 12 0
      vertex 1.21752 1.58671 0
      vertex 1 1.73205 0
    endloop
  endfacet
  facet normal 0 0 -1
    outer loop
      vertex 0 12 0
      vertex 1 1.73205 0
      vertex 0.765367 1.84776 0
    endloop
  endfacet
  facet normal 0 0 -1
    outer loop
      vertex 0 12 0
      vertex 0.765367 1.84776 0
      vertex 0.517637 1.93185 0
    endloop
  endfacet
  facet normal 0 0 -1
    outer loop
      vertex 0 12 0
      vertex 0.517637 1.93185 0
      vertex 0.261052 1.98289 0
    endloop
  endfacet
  facet normal 0 0 -1
    outer loop
      vertex 0 12 0
      vertex 0.261052 1.98289 0
      vertex 0 2 0
    endloop
  endfacet
  facet normal 0 0 -1
    outer loop
      vertex 1.93185 0.517637 0
      vertex 0 12 0
      vertex 90 12 0
    endloop
  endfacet
  facet normal 0 0 -1
    outer loop
      vertex -0.261052 1.98289 0
      vertex 0 12 0
      vertex 0 2 0
    endloop
  endfacet
  facet normal 0 0 -1
    outer loop
      vertex -1.56631 11.8973 0
      vertex -0.261052 1.98289 0
      vertex -0.517637 1.93185 0
    endloop
  endfacet
  facet normal 0 0 -1
    outer loop
      vertex -3.10583 11.5911 0
      vertex -0.517637 1.93185 0
      vertex -0.765367 1.84776 0
    endloop
  endfacet
  facet normal 0 0 -1
    outer loop
      vertex -4.5922 11.0866 0
      vertex -0.765367 1.84776 0
      vertex -1 1.73205 0
    endloop
  endfacet
  facet normal 0 0 -1
    outer loop
      vertex -6 10.3923 0
      vertex -1 1.73205 0
      vertex -1.21752 1.58671 0
    endloop
  endfacet
  facet normal 0 0 -1
    outer loop
      vertex -7.30514 9.52024 0
      vertex -1.21752 1.58671 0
      vertex -1.41421 1.41421 0
    endloop
  endfacet
  facet normal 0 0 -1
    outer loop
      vertex -0.261052 1.98289 0
      vertex -1.56631 11.8973 0
      vertex 0 12 0
    endloop
  endfacet
  facet normal 0 0 -1
    outer loop
      vertex -8.48528 8.48528 0
      vertex -1.41421 1.41421 0
      vertex -1.58671 1.21752 0
    endloop
  endfacet
  facet normal 0 0 -1
    outer loop
      vertex -9.52024 7.30514 0
      vertex -1.58671 1.21752 0
      vertex -1.73205 1 0
    endloop
  endfacet
  facet normal 0 0 -1
    outer loop
      vertex -10.3923 6 0
      vertex -1.73205 1 0
      vertex -1.84776 0.765367 0
    endloop
  endfacet
  facet normal 0 0 -1
    outer loop
      vertex -11.0866 4.5922 0
      vertex -1.84776 0.765367 0
      vertex -1.93185 0.517637 0
    endloop
  endfacet
  facet normal 0 0 -1
    outer loop
      vertex -11.5911 3.10583 0
      vertex -1.93185 0.517637 0
      vertex -1.98289 0.261052 0
    endloop
  endfacet
  facet normal 0 0 -1
    outer loop
      vertex -11.8973 1.56631 0
      vertex -1.98289 0.261052 0
      vertex -2 0 0
    endloop
  endfacet
  facet normal -0 0 -1
    outer loop
      vertex -1.58671 -1.21752 0
      vertex -9.52024 -7.30514 0
      vertex -1.73205 -1 0
    endloop
  endfacet
  facet normal 0 0 -1
    outer loop
      vertex -0.517637 1.93185 0
      vertex -3.10583 11.5911 0
      vertex -1.56631 11.8973 0
    endloop
  endfacet
  facet normal 0 0 -1
    outer loop
      vertex -10.3923 -6 0
      vertex -1.73205 -1 0
      vertex -9.52024 -7.30514 0
    endloop
  endfacet
  facet normal 0 0 -1
    outer loop
      vertex -0.765367 1.84776 0
      vertex -4.5922 11.0866 0
      vertex -3.10583 11.5911 0
    endloop
  endfacet
  facet normal -0 0 -1
    outer loop
      vertex -1.73205 -1 0
      vertex -10.3923 -6 0
      vertex -1.84776 -0.765367 0
    endloop
  endfacet
  facet normal 0 0 -1
    outer loop
      vertex -1 1.73205 0
      vertex -6 10.3923 0
      vertex -4.5922 11.0866 0
    endloop
  endfacet
  facet normal 0 0 -1
    outer loop
      vertex -11.0866 -4.5922 0
      vertex -1.84776 -0.765367 0
      vertex -10.3923 -6 0
    endloop
  endfacet
  facet normal 0 0 -1
    outer loop
      vertex -1.21752 1.58671 0
      vertex -7.30514 9.52024 0
      vertex -6 10.3923 0
    endloop
  endfacet
  facet normal -0 0 -1
    outer loop
      vertex -1.84776 -0.765367 0
      vertex -11.0866 -4.5922 0
      vertex -1.93185 -0.517637 0
    endloop
  endfacet
  facet normal 0 0 -1
    outer loop
      vertex -1.41421 1.41421 0
      vertex -8.48528 8.48528 0
      vertex -7.30514 9.52024 0
    endloop
  endfacet
  facet normal 0 0 -1
    outer loop
      vertex -11.5911 -3.10583 0
      vertex -1.93185 -0.517637 0
      vertex -11.0866 -4.5922 0
    endloop
  endfacet
  facet normal 0 0 -1
    outer loop
      vertex -1.58671 1.21752 0
      vertex -9.52024 7.30514 0
      vertex -8.48528 8.48528 0
    endloop
  endfacet
  facet normal -0 0 -1
    outer loop
      vertex -1.93185 -0.517637 0
      vertex -11.5911 -3.10583 0
      vertex -1.98289 -0.261052 0
    endloop
  endfacet
  facet normal 0 0 -1
    outer loop
      vertex -1.73205 1 0
      vertex -10.3923 6 0
      vertex -9.52024 7.30514 0
    endloop
  endfacet
  facet normal 0 0 -1
    outer loop
      vertex -11.8973 -1.56631 0
      vertex -1.98289 -0.261052 0
      vertex -11.5911 -3.10583 0
    endloop
  endfacet
  facet normal 0 0 -1
    outer loop
      vertex -1.84776 0.765367 0
      vertex -11.0866 4.5922 0
      vertex -10.3923 6 0
    endloop
  endfacet
  facet normal -0 0 -1
    outer loop
      vertex -1.98289 -0.261052 0
      vertex -11.8973 -1.56631 0
      vertex -2 0 0
    endloop
  endfacet
  facet normal 0 0 -1
    outer loop
      vertex -1.93185 0.517637 0
      vertex -11.5911 3.10583 0
      vertex -11.0866 4.5922 0
    endloop
  endfacet
  facet normal 0 0 -1
    outer loop
      vertex -12 0 0
      vertex -2 0 0
      vertex -11.8973 -1.56631 0
    endloop
  endfacet
  facet normal 0 0 -1
    outer loop
      vertex -1.98289 0.261052 0
      vertex -11.8973 1.56631 0
      vertex -11.5911 3.10583 0
    endloop
  endfacet
  facet normal 0 0 -1
    outer loop
      vertex -2 0 0
      vertex -12 0 0
      vertex -11.8973 1.56631 0
    endloop
  endfacet
  facet normal -0.659348 0.751838 0
    outer loop
      vertex -7.30514 9.52024 0
      vertex -8.48528 8.48528 24
      vertex -7.30514 9.52024 24
    endloop
  endfacet
  facet normal -0.659348 0.751838 0
    outer loop
      vertex -8.48528 8.48528 24
      vertex -7.30514 9.52024 0
      vertex -8.48528 8.48528 0
    endloop
  endfacet
  facet normal -0.442314 -0.89686 0
    outer loop
      vertex -6 -10.3923 0
      vertex -4.5922 -11.0866 24
      vertex -6 -10.3923 24
    endloop
  endfacet
  facet normal -0.442314 -0.89686 -0
    outer loop
      vertex -4.5922 -11.0866 24
      vertex -6 -10.3923 0
      vertex -4.5922 -11.0866 0
    endloop
  endfacet
  facet normal 0 0 1
    outer loop
      vertex 94 0 24
      vertex 102 0 24
      vertex 101.897 1.56631 24
    endloop
  endfacet
  facet normal 0 0 1
    outer loop
      vertex 93.9658 0.522104 24
      vertex 101.897 1.56631 24
      vertex 101.591 3.10583 24
    endloop
  endfacet
  facet normal 0 0 1
    outer loop
      vertex 102 0 24
      vertex 94 0 24
      vertex 101.897 -1.56631 24
    endloop
  endfacet
  facet normal 0 0 1
    outer loop
      vertex 93.8637 1.03528 24
      vertex 101.591 3.10583 24
      vertex 101.087 4.5922 24
    endloop
  endfacet
  facet normal -0 0 1
    outer loop
      vertex 93.9658 -0.522104 24
      vertex 101.897 -1.56631 24
      vertex 94 0 24
    endloop
  endfacet
  facet normal 0 0 1
    outer loop
      vertex 93.6955 1.53073 24
      vertex 101.087 4.5922 24
      vertex 100.392 6 24
    endloop
  endfacet
  facet normal 0 0 1
    outer loop
      vertex 101.897 -1.56631 24
      vertex 93.9658 -0.522104 24
      vertex 101.591 -3.10583 24
    endloop
  endfacet
  facet normal 0 0 1
    outer loop
      vertex 93.4641 2 24
      vertex 100.392 6 24
      vertex 99.5202 7.30514 24
    endloop
  endfacet
  facet normal -0 0 1
    outer loop
      vertex 93.8637 -1.03528 24
      vertex 101.591 -3.10583 24
      vertex 93.9658 -0.522104 24
    endloop
  endfacet
  facet normal 0 0 1
    outer loop
      vertex 93.1734 2.43505 24
      vertex 99.5202 7.30514 24
      vertex 98.4853 8.48528 24
    endloop
  endfacet
  facet normal 0 0 1
    outer loop
      vertex 101.591 -3.10583 24
      vertex 93.8637 -1.03528 24
      vertex 101.087 -4.5922 24
    endloop
  endfacet
  facet normal 0 0 1
    outer loop
      vertex 92.8284 2.82843 24
      vertex 98.4853 8.48528 24
      vertex 97.3051 9.52024 24
    endloop
  endfacet
  facet normal -0 0 1
    outer loop
      vertex 93.6955 -1.53073 24
      vertex 101.087 -4.5922 24
      vertex 93.8637 -1.03528 24
    endloop
  endfacet
  facet normal 0 0 1
    outer loop
      vertex 92.435 3.17341 24
      vertex 97.3051 9.52024 24
      vertex 96 10.3923 24
    endloop
  endfacet
  facet normal 0 0 1
    outer loop
      vertex 101.087 -4.5922 24
      vertex 93.6955 -1.53073 24
      vertex 100.392 -6 24
    endloop
  endfacet
  facet normal 0 0 1
    outer loop
      vertex 92 3.4641 24
      vertex 96 10.3923 24
      vertex 94.5922 11.0866 24
    endloop
  endfacet
  facet normal -0 0 1
    outer loop
      vertex 93.4641 -2 24
      vertex 100.392 -6 24
      vertex 93.6955 -1.53073 24
    endloop
  endfacet
  facet normal 0 0 1
    outer loop
      vertex 100.392 -6 24
      vertex 93.4641 -2 24
      vertex 99.5202 -7.30514 24
    endloop
  endfacet
  facet normal 0 0 1
    outer loop
      vertex 101.897 1.56631 24
      vertex 93.9658 0.522104 24
      vertex 94 0 24
    endloop
  endfacet
  facet normal 0 0 1
    outer loop
      vertex 101.591 3.10583 24
      vertex 93.8637 1.03528 24
      vertex 93.9658 0.522104 24
    endloop
  endfacet
  facet normal 0 0 1
    outer loop
      vertex 101.087 4.5922 24
      vertex 93.6955 1.53073 24
      vertex 93.8637 1.03528 24
    endloop
  endfacet
  facet normal 0 0 1
    outer loop
      vertex 100.392 6 24
      vertex 93.4641 2 24
      vertex 93.6955 1.53073 24
    endloop
  endfacet
  facet normal 0 0 1
    outer loop
      vertex 99.5202 7.30514 24
      vertex 93.1734 2.43505 24
      vertex 93.4641 2 24
    endloop
  endfacet
  facet normal 0 0 1
    outer loop
      vertex 91.5307 3.69552 24
      vertex 94.5922 11.0866 24
      vertex 93.1058 11.5911 24
    endloop
  endfacet
  facet normal 0 0 1
    outer loop
      vertex 98.4853 8.48528 24
      vertex 92.8284 2.82843 24
      vertex 93.1734 2.43505 24
    endloop
  endfacet
  facet normal 0 0 1
    outer loop
      vertex 97.3051 9.52024 24
      vertex 92.435 3.17341 24
      vertex 92.8284 2.82843 24
    endloop
  endfacet
  facet normal 0 0 1
    outer loop
      vertex 96 10.3923 24
      vertex 92 3.4641 24
      vertex 92.435 3.17341 24
    endloop
  endfacet
  facet normal 0 0 1
    outer loop
      vertex 91.0353 3.8637 24
      vertex 93.1058 11.5911 24
      vertex 91.5663 11.8973 24
    endloop
  endfacet
  facet normal 0 0 1
    outer loop
      vertex 94.5922 11.0866 24
      vertex 91.5307 3.69552 24
      vertex 92 3.4641 24
    endloop
  endfacet
  facet normal 0 0 1
    outer loop
      vertex 93.1058 11.5911 24
      vertex 91.0353 3.8637 24
      vertex 91.5307 3.69552 24
    endloop
  endfacet
  facet normal 0 0 1
    outer loop
      vertex 91.5663 11.8973 24
      vertex 90.5221 3.96578 24
      vertex 91.0353 3.8637 24
    endloop
  endfacet
  facet normal 0 0 1
    outer loop
      vertex 90 12 24
      vertex 90.5221 3.96578 24
      vertex 91.5663 11.8973 24
    endloop
  endfacet
  facet normal 0 0 1
    outer loop
      vertex 90 12 24
      vertex 90 4 24
      vertex 90.5221 3.96578 24
    endloop
  endfacet
  facet normal -0 0 1
    outer loop
      vertex 0 12 24
      vertex 90 4 24
      vertex 90 12 24
    endloop
  endfacet
  facet normal 0 0 1
    outer loop
      vertex 0 12 24
      vertex 0 4 24
      vertex 90 4 24
    endloop
  endfacet
  facet normal 0 0 1
    outer loop
      vertex 0 12 24
      vertex -0.522104 3.96578 24
      vertex 0 4 24
    endloop
  endfacet
  facet normal -0 0 1
    outer loop
      vertex -1.56631 11.8973 24
      vertex -0.522104 3.96578 24
      vertex 0 12 24
    endloop
  endfacet
  facet normal 0 0 1
    outer loop
      vertex -0.522104 3.96578 24
      vertex -1.56631 11.8973 24
      vertex -1.03528 3.8637 24
    endloop
  endfacet
  facet normal -0 0 1
    outer loop
      vertex -3.10583 11.5911 24
      vertex -1.03528 3.8637 24
      vertex -1.56631 11.8973 24
    endloop
  endfacet
  facet normal 0 0 1
    outer loop
      vertex -1.03528 3.8637 24
      vertex -3.10583 11.5911 24
      vertex -1.53073 3.69552 24
    endloop
  endfacet
  facet normal -0 0 1
    outer loop
      vertex -4.5922 11.0866 24
      vertex -1.53073 3.69552 24
      vertex -3.10583 11.5911 24
    endloop
  endfacet
  facet normal 0 0 1
    outer loop
      vertex -1.53073 3.69552 24
      vertex -4.5922 11.0866 24
      vertex -2 3.4641 24
    endloop
  endfacet
  facet normal -0 0 1
    outer loop
      vertex -6 10.3923 24
      vertex -2 3.4641 24
      vertex -4.5922 11.0866 24
    endloop
  endfacet
  facet normal 0 0 1
    outer loop
      vertex -2 3.4641 24
      vertex -6 10.3923 24
      vertex -2.43505 3.17341 24
    endloop
  endfacet
  facet normal -0 0 1
    outer loop
      vertex -7.30514 9.52024 24
      vertex -2.43505 3.17341 24
      vertex -6 10.3923 24
    endloop
  endfacet
  facet normal 0 0 1
    outer loop
      vertex -2.43505 3.17341 24
      vertex -7.30514 9.52024 24
      vertex -2.82843 2.82843 24
    endloop
  endfacet
  facet normal -0 0 1
    outer loop
      vertex -8.48528 8.48528 24
      vertex -2.82843 2.82843 24
      vertex -7.30514 9.52024 24
    endloop
  endfacet
  facet normal 0 0 1
    outer loop
      vertex -2.82843 2.82843 24
      vertex -8.48528 8.48528 24
      vertex -3.17341 2.43505 24
    endloop
  endfacet
  facet normal 0 0 1
    outer loop
      vertex -3.17341 2.43505 24
      vertex -9.52024 7.30514 24
      vertex -3.4641 2 24
    endloop
  endfacet
  facet normal -0 0 1
    outer loop
      vertex -9.52024 7.30514 24
      vertex -3.17341 2.43505 24
      vertex -8.48528 8.48528 24
    endloop
  endfacet
  facet normal -0 0 1
    outer loop
      vertex 93.1734 -2.43505 24
      vertex 99.5202 -7.30514 24
      vertex 93.4641 -2 24
    endloop
  endfacet
  facet normal 0 0 1
    outer loop
      vertex 99.5202 -7.30514 24
      vertex 93.1734 -2.43505 24
      vertex 98.4853 -8.48528 24
    endloop
  endfacet
  facet normal -0 0 1
    outer loop
      vertex 92.8284 -2.82843 24
      vertex 98.4853 -8.48528 24
      vertex 93.1734 -2.43505 24
    endloop
  endfacet
  facet normal 0 0 1
    outer loop
      vertex 98.4853 -8.48528 24
      vertex 92.8284 -2.82843 24
      vertex 97.3051 -9.52024 24
    endloop
  endfacet
  facet normal -0 0 1
    outer loop
      vertex 92.435 -3.17341 24
      vertex 97.3051 -9.52024 24
      vertex 92.8284 -2.82843 24
    endloop
  endfacet
  facet normal 0 0 1
    outer loop
      vertex 97.3051 -9.52024 24
      vertex 92.435 -3.17341 24
      vertex 96 -10.3923 24
    endloop
  endfacet
  facet normal -0 0 1
    outer loop
      vertex 92 -3.4641 24
      vertex 96 -10.3923 24
      vertex 92.435 -3.17341 24
    endloop
  endfacet
  facet normal 0 0 1
    outer loop
      vertex 96 -10.3923 24
      vertex 92 -3.4641 24
      vertex 94.5922 -11.0866 24
    endloop
  endfacet
  facet normal -0 0 1
    outer loop
      vertex 91.5307 -3.69552 24
      vertex 94.5922 -11.0866 24
      vertex 92 -3.4641 24
    endloop
  endfacet
  facet normal 0 0 1
    outer loop
      vertex 94.5922 -11.0866 24
      vertex 91.5307 -3.69552 24
      vertex 93.1058 -11.5911 24
    endloop
  endfacet
  facet normal -0 0 1
    outer loop
      vertex 91.0353 -3.8637 24
      vertex 93.1058 -11.5911 24
      vertex 91.5307 -3.69552 24
    endloop
  endfacet
  facet normal 0 0 1
    outer loop
      vertex 93.1058 -11.5911 24
      vertex 91.0353 -3.8637 24
      vertex 91.5663 -11.8973 24
    endloop
  endfacet
  facet normal -0 0 1
    outer loop
      vertex 90.5221 -3.96578 24
      vertex 91.5663 -11.8973 24
      vertex 91.0353 -3.8637 24
    endloop
  endfacet
  facet normal -0 0 1
    outer loop
      vertex 90 -4 24
      vertex 91.5663 -11.8973 24
      vertex 90.5221 -3.96578 24
    endloop
  endfacet
  facet normal 0 0 1
    outer loop
      vertex 90 -4 24
      vertex 90 -12 24
      vertex 91.5663 -11.8973 24
    endloop
  endfacet
  facet normal -0 0 1
    outer loop
      vertex 0 -4 24
      vertex 90 -12 24
      vertex 90 -4 24
    endloop
  endfacet
  facet normal 0 0 1
    outer loop
      vertex 0 -4 24
      vertex 0 -12 24
      vertex 90 -12 24
    endloop
  endfacet
  facet normal 0 0 1
    outer loop
      vertex -0.522104 -3.96578 24
      vertex 0 -12 24
      vertex 0 -4 24
    endloop
  endfacet
  facet normal 0 0 1
    outer loop
      vertex -1.56631 -11.8973 24
      vertex -0.522104 -3.96578 24
      vertex -1.03528 -3.8637 24
    endloop
  endfacet
  facet normal 0 0 1
    outer loop
      vertex -3.10583 -11.5911 24
      vertex -1.03528 -3.8637 24
      vertex -1.53073 -3.69552 24
    endloop
  endfacet
  facet normal 0 0 1
    outer loop
      vertex -0.522104 -3.96578 24
      vertex -1.56631 -11.8973 24
      vertex 0 -12 24
    endloop
  endfacet
  facet normal 0 0 1
    outer loop
      vertex -4.5922 -11.0866 24
      vertex -1.53073 -3.69552 24
      vertex -2 -3.4641 24
    endloop
  endfacet
  facet normal 0 0 1
    outer loop
      vertex -6 -10.3923 24
      vertex -2 -3.4641 24
      vertex -2.43505 -3.17341 24
    endloop
  endfacet
  facet normal 0 0 1
    outer loop
      vertex -7.30514 -9.52024 24
      vertex -2.43505 -3.17341 24
      vertex -2.82843 -2.82843 24
    endloop
  endfacet
  facet normal 0 0 1
    outer loop
      vertex -1.03528 -3.8637 24
      vertex -3.10583 -11.5911 24
      vertex -1.56631 -11.8973 24
    endloop
  endfacet
  facet normal 0 0 1
    outer loop
      vertex -8.48528 -8.48528 24
      vertex -2.82843 -2.82843 24
      vertex -3.17341 -2.43505 24
    endloop
  endfacet
  facet normal 0 0 1
    outer loop
      vertex -9.52024 -7.30514 24
      vertex -3.17341 -2.43505 24
      vertex -3.4641 -2 24
    endloop
  endfacet
  facet normal 0 0 1
    outer loop
      vertex -10.3923 -6 24
      vertex -3.4641 -2 24
      vertex -3.69552 -1.53073 24
    endloop
  endfacet
  facet normal 0 0 1
    outer loop
      vertex -11.0866 -4.5922 24
      vertex -3.69552 -1.53073 24
      vertex -3.8637 -1.03528 24
    endloop
  endfacet
  facet normal 0 0 1
    outer loop
      vertex -11.5911 -3.10583 24
      vertex -3.8637 -1.03528 24
      vertex -3.96578 -0.522104 24
    endloop
  endfacet
  facet normal 0 0 1
    outer loop
      vertex -1.53073 -3.69552 24
      vertex -4.5922 -11.0866 24
      vertex -3.10583 -11.5911 24
    endloop
  endfacet
  facet normal 0 0 1
    outer loop
      vertex -11.8973 -1.56631 24
      vertex -3.96578 -0.522104 24
      vertex -4 0 24
    endloop
  endfacet
  facet normal -0 0 1
    outer loop
      vertex -10.3923 6 24
      vertex -3.4641 2 24
      vertex -9.52024 7.30514 24
    endloop
  endfacet
  facet normal 0 0 1
    outer loop
      vertex -3.4641 2 24
      vertex -10.3923 6 24
      vertex -3.69552 1.53073 24
    endloop
  endfacet
  facet normal 0 0 1
    outer loop
      vertex -2 -3.4641 24
      vertex -6 -10.3923 24
      vertex -4.5922 -11.0866 24
    endloop
  endfacet
  facet normal -0 0 1
    outer loop
      vertex -11.0866 4.5922 24
      vertex -3.69552 1.53073 24
      vertex -10.3923 6 24
    endloop
  endfacet
  facet normal 0 0 1
    outer loop
      vertex -2.43505 -3.17341 24
      vertex -7.30514 -9.52024 24
      vertex -6 -10.3923 24
    endloop
  endfacet
  facet normal 0 0 1
    outer loop
      vertex -3.69552 1.53073 24
      vertex -11.0866 4.5922 24
      vertex -3.8637 1.03528 24
    endloop
  endfacet
  facet normal 0 0 1
    outer loop
      vertex -2.82843 -2.82843 24
      vertex -8.48528 -8.48528 24
      vertex -7.30514 -9.52024 24
    endloop
  endfacet
  facet normal -0 0 1
    outer loop
      vertex -11.5911 3.10583 24
      vertex -3.8637 1.03528 24
      vertex -11.0866 4.5922 24
    endloop
  endfacet
  facet normal 0 0 1
    outer loop
      vertex -3.17341 -2.43505 24
      vertex -9.52024 -7.30514 24
      vertex -8.48528 -8.48528 24
    endloop
  endfacet
  facet normal 0 0 1
    outer loop
      vertex -3.8637 1.03528 24
      vertex -11.5911 3.10583 24
      vertex -3.96578 0.522104 24
    endloop
  endfacet
  facet normal 0 0 1
    outer loop
      vertex -3.4641 -2 24
      vertex -10.3923 -6 24
      vertex -9.52024 -7.30514 24
    endloop
  endfacet
  facet normal -0 0 1
    outer loop
      vertex -11.8973 1.56631 24
      vertex -3.96578 0.522104 24
      vertex -11.5911 3.10583 24
    endloop
  endfacet
  facet normal 0 0 1
    outer loop
      vertex -3.69552 -1.53073 24
      vertex -11.0866 -4.5922 24
      vertex -10.3923 -6 24
    endloop
  endfacet
  facet normal 0 0 1
    outer loop
      vertex -3.96578 0.522104 24
      vertex -11.8973 1.56631 24
      vertex -4 0 24
    endloop
  endfacet
  facet normal 0 0 1
    outer loop
      vertex -3.8637 -1.03528 24
      vertex -11.5911 -3.10583 24
      vertex -11.0866 -4.5922 24
    endloop
  endfacet
  facet normal 0 0 1
    outer loop
      vertex -12 0 24
      vertex -4 0 24
      vertex -11.8973 1.56631 24
    endloop
  endfacet
  facet normal 0 0 1
    outer loop
      vertex -3.96578 -0.522104 24
      vertex -11.8973 -1.56631 24
      vertex -11.5911 -3.10583 24
    endloop
  endfacet
  facet normal 0 0 1
    outer loop
      vertex -4 0 24
      vertex -12 0 24
      vertex -11.8973 -1.56631 24
    endloop
  endfacet
  facet normal -0.831472 0.555567 0
    outer loop
      vertex -10.3923 6 0
      vertex -9.52024 7.30514 24
      vertex -9.52024 7.30514 0
    endloop
  endfacet
  facet normal -0.831472 0.555567 0
    outer loop
      vertex -9.52024 7.30514 24
      vertex -10.3923 6 0
      vertex -10.3923 6 24
    endloop
  endfacet
  facet normal -0.751838 0.659348 0
    outer loop
      vertex -9.52024 7.30514 0
      vertex -8.48528 8.48528 24
      vertex -8.48528 8.48528 0
    endloop
  endfacet
  facet normal -0.751838 0.659348 0
    outer loop
      vertex -8.48528 8.48528 24
      vertex -9.52024 7.30514 0
      vertex -9.52024 7.30514 24
    endloop
  endfacet
  facet normal -0.751838 -0.659348 0
    outer loop
      vertex -8.48528 -8.48528 0
      vertex -9.52024 -7.30514 24
      vertex -9.52024 -7.30514 0
    endloop
  endfacet
  facet normal -0.751838 -0.659348 0
    outer loop
      vertex -9.52024 -7.30514 24
      vertex -8.48528 -8.48528 0
      vertex -8.48528 -8.48528 24
    endloop
  endfacet
  facet normal -0.0654027 -0.997859 0
    outer loop
      vertex 90 4 8
      vertex 90.5221 3.96578 24
      vertex 90 4 24
    endloop
  endfacet
  facet normal -0.0654027 -0.997859 -0
    outer loop
      vertex 90.5221 3.96578 24
      vertex 90 4 8
      vertex 90.5221 3.96578 8
    endloop
  endfacet
  facet normal -0.751826 -0.659362 0
    outer loop
      vertex 93.1734 2.43505 8
      vertex 92.8284 2.82843 24
      vertex 92.8284 2.82843 8
    endloop
  endfacet
  facet normal -0.751826 -0.659362 0
    outer loop
      vertex 92.8284 2.82843 24
      vertex 93.1734 2.43505 8
      vertex 93.1734 2.43505 24
    endloop
  endfacet
  facet normal 0 -1 0
    outer loop
      vertex 0 4 8
      vertex 90 4 24
      vertex 0 4 24
    endloop
  endfacet
  facet normal 0 -1 -0
    outer loop
      vertex 90 4 24
      vertex 0 4 8
      vertex 90 4 8
    endloop
  endfacet
  facet normal 0.442291 -0.896871 0
    outer loop
      vertex -2 3.4641 8
      vertex -1.53073 3.69552 24
      vertex -2 3.4641 24
    endloop
  endfacet
  facet normal 0.442291 -0.896871 0
    outer loop
      vertex -1.53073 3.69552 24
      vertex -2 3.4641 8
      vertex -1.53073 3.69552 8
    endloop
  endfacet
  facet normal 0.896871 0.442291 0
    outer loop
      vertex -3.4641 -2 24
      vertex -3.69552 -1.53073 8
      vertex -3.69552 -1.53073 24
    endloop
  endfacet
  facet normal 0.896871 0.442291 0
    outer loop
      vertex -3.69552 -1.53073 8
      vertex -3.4641 -2 24
      vertex -3.4641 -2 8
    endloop
  endfacet
  facet normal 0.195096 -0.980784 0
    outer loop
      vertex -1.03528 3.8637 8
      vertex -0.522104 3.96578 24
      vertex -1.03528 3.8637 24
    endloop
  endfacet
  facet normal 0.195096 -0.980784 0
    outer loop
      vertex -0.522104 3.96578 24
      vertex -1.03528 3.8637 8
      vertex -0.522104 3.96578 8
    endloop
  endfacet
  facet normal -0.94692 -0.321469 0
    outer loop
      vertex 93.8637 1.03528 8
      vertex 93.6955 1.53073 24
      vertex 93.6955 1.53073 8
    endloop
  endfacet
  facet normal -0.94692 -0.321469 0
    outer loop
      vertex 93.6955 1.53073 24
      vertex 93.8637 1.03528 8
      vertex 93.8637 1.03528 24
    endloop
  endfacet
  facet normal -0.980777 0.195133 0
    outer loop
      vertex 93.8637 -1.03528 8
      vertex 93.9658 -0.522104 24
      vertex 93.9658 -0.522104 8
    endloop
  endfacet
  facet normal -0.980777 0.195133 0
    outer loop
      vertex 93.9658 -0.522104 24
      vertex 93.8637 -1.03528 8
      vertex 93.8637 -1.03528 24
    endloop
  endfacet
  facet normal 0 0 1
    outer loop
      vertex 93.9658 0.522104 8
      vertex 91.9829 0.261052 8
      vertex 92 0 8
    endloop
  endfacet
  facet normal 0 0 1
    outer loop
      vertex 92.435 3.17341 8
      vertex 91.9319 0.517637 8
      vertex 91.9829 0.261052 8
    endloop
  endfacet
  facet normal 0 0 1
    outer loop
      vertex 92.435 3.17341 8
      vertex 91.8478 0.765367 8
      vertex 91.9319 0.517637 8
    endloop
  endfacet
  facet normal 0 0 1
    outer loop
      vertex 92.435 3.17341 8
      vertex 91.732 1 8
      vertex 91.8478 0.765367 8
    endloop
  endfacet
  facet normal 0 0 1
    outer loop
      vertex 92.435 3.17341 8
      vertex 91.5867 1.21752 8
      vertex 91.732 1 8
    endloop
  endfacet
  facet normal 0 0 1
    outer loop
      vertex 91 1.73205 8
      vertex 92 3.4641 8
      vertex 91.5307 3.69552 8
    endloop
  endfacet
  facet normal 0 0 1
    outer loop
      vertex 92.435 3.17341 8
      vertex 91.4142 1.41421 8
      vertex 91.5867 1.21752 8
    endloop
  endfacet
  facet normal 0 0 1
    outer loop
      vertex 92.435 3.17341 8
      vertex 91.2175 1.58671 8
      vertex 91.4142 1.41421 8
    endloop
  endfacet
  facet normal 0 0 1
    outer loop
      vertex 90.7654 1.84776 8
      vertex 91.5307 3.69552 8
      vertex 91.0353 3.8637 8
    endloop
  endfacet
  facet normal 0 0 1
    outer loop
      vertex 92 3.4641 8
      vertex 91 1.73205 8
      vertex 91.2175 1.58671 8
    endloop
  endfacet
  facet normal 0 0 1
    outer loop
      vertex 91.5307 3.69552 8
      vertex 90.7654 1.84776 8
      vertex 91 1.73205 8
    endloop
  endfacet
  facet normal 0 0 1
    outer loop
      vertex 90.5176 1.93185 8
      vertex 91.0353 3.8637 8
      vertex 90.5221 3.96578 8
    endloop
  endfacet
  facet normal 0 0 1
    outer loop
      vertex 91.0353 3.8637 8
      vertex 90.5176 1.93185 8
      vertex 90.7654 1.84776 8
    endloop
  endfacet
  facet normal 0 0 1
    outer loop
      vertex 90.5221 3.96578 8
      vertex 90.2611 1.98289 8
      vertex 90.5176 1.93185 8
    endloop
  endfacet
  facet normal 0 0 1
    outer loop
      vertex 90 4 8
      vertex 90.2611 1.98289 8
      vertex 90.5221 3.96578 8
    endloop
  endfacet
  facet normal 0 0 1
    outer loop
      vertex 90 4 8
      vertex 90 2 8
      vertex 90.2611 1.98289 8
    endloop
  endfacet
  facet normal 0 0 1
    outer loop
      vertex 90 4 8
      vertex 89.7389 1.98289 8
      vertex 90 2 8
    endloop
  endfacet
  facet normal 0 0 1
    outer loop
      vertex 90 4 8
      vertex 89.4824 1.93185 8
      vertex 89.7389 1.98289 8
    endloop
  endfacet
  facet normal 0 0 1
    outer loop
      vertex 90 4 8
      vertex 89.2346 1.84776 8
      vertex 89.4824 1.93185 8
    endloop
  endfacet
  facet normal 0 0 1
    outer loop
      vertex 90 4 8
      vertex 89 1.73205 8
      vertex 89.2346 1.84776 8
    endloop
  endfacet
  facet normal 0 0 1
    outer loop
      vertex 90 4 8
      vertex 88.7825 1.58671 8
      vertex 89 1.73205 8
    endloop
  endfacet
  facet normal 0 0 1
    outer loop
      vertex 90 4 8
      vertex 88.5858 1.41421 8
      vertex 88.7825 1.58671 8
    endloop
  endfacet
  facet normal 0 0 1
    outer loop
      vertex 90 4 8
      vertex 88.4133 1.21752 8
      vertex 88.5858 1.41421 8
    endloop
  endfacet
  facet normal 0 0 1
    outer loop
      vertex 90 4 8
      vertex 88.268 1 8
      vertex 88.4133 1.21752 8
    endloop
  endfacet
  facet normal 0 0 1
    outer loop
      vertex 88.0171 0.261052 8
      vertex 2 0 8
      vertex 88 0 8
    endloop
  endfacet
  facet normal 0 0 1
    outer loop
      vertex 1.98289 0.261052 8
      vertex 88.0171 0.261052 8
      vertex 88.0681 0.517637 8
    endloop
  endfacet
  facet normal 0 0 1
    outer loop
      vertex 1.93185 0.517637 8
      vertex 88.0681 0.517637 8
      vertex 88.1522 0.765367 8
    endloop
  endfacet
  facet normal 0 0 1
    outer loop
      vertex 1.84776 0.765367 8
      vertex 88.1522 0.765367 8
      vertex 88.268 1 8
    endloop
  endfacet
  facet normal 0 0 1
    outer loop
      vertex 1.73205 1 8
      vertex 88.268 1 8
      vertex 90 4 8
    endloop
  endfacet
  facet normal 0 0 1
    outer loop
      vertex 88.0171 0.261052 8
      vertex 1.98289 0.261052 8
      vertex 2 0 8
    endloop
  endfacet
  facet normal 0 0 1
    outer loop
      vertex 88.0681 0.517637 8
      vertex 1.93185 0.517637 8
      vertex 1.98289 0.261052 8
    endloop
  endfacet
  facet normal 0 0 1
    outer loop
      vertex 88.1522 0.765367 8
      vertex 1.84776 0.765367 8
      vertex 1.93185 0.517637 8
    endloop
  endfacet
  facet normal 0 0 1
    outer loop
      vertex 88.268 1 8
      vertex 1.73205 1 8
      vertex 1.84776 0.765367 8
    endloop
  endfacet
  facet normal -0 0 1
    outer loop
      vertex 0 4 8
      vertex 1.73205 1 8
      vertex 90 4 8
    endloop
  endfacet
  facet normal 0 0 1
    outer loop
      vertex 1.73205 1 8
      vertex 0 4 8
      vertex 1.58671 1.21752 8
    endloop
  endfacet
  facet normal 0 0 1
    outer loop
      vertex 1.58671 1.21752 8
      vertex 0 4 8
      vertex 1.41421 1.41421 8
    endloop
  endfacet
  facet normal 0 0 1
    outer loop
      vertex 1.41421 1.41421 8
      vertex 0 4 8
      vertex 1.21752 1.58671 8
    endloop
  endfacet
  facet normal 0 0 1
    outer loop
      vertex 1.21752 1.58671 8
      vertex 0 4 8
      vertex 1 1.73205 8
    endloop
  endfacet
  facet normal 0 0 1
    outer loop
      vertex 1 1.73205 8
      vertex 0 4 8
      vertex 0.765367 1.84776 8
    endloop
  endfacet
  facet normal 0 0 1
    outer loop
      vertex 0.765367 1.84776 8
      vertex 0 4 8
      vertex 0.517637 1.93185 8
    endloop
  endfacet
  facet normal 0 0 1
    outer loop
      vertex 0.517637 1.93185 8
      vertex 0 4 8
      vertex 0.261052 1.98289 8
    endloop
  endfacet
  facet normal 0 0 1
    outer loop
      vertex 0 4 8
      vertex 0 2 8
      vertex 0.261052 1.98289 8
    endloop
  endfacet
  facet normal 0 0 1
    outer loop
      vertex 0 4 8
      vertex -0.261052 1.98289 8
      vertex 0 2 8
    endloop
  endfacet
  facet normal -0 0 1
    outer loop
      vertex -0.522104 3.96578 8
      vertex -0.261052 1.98289 8
      vertex 0 4 8
    endloop
  endfacet
  facet normal 0 0 1
    outer loop
      vertex -0.261052 1.98289 8
      vertex -0.522104 3.96578 8
      vertex -0.517637 1.93185 8
    endloop
  endfacet
  facet normal -0 0 1
    outer loop
      vertex -1.03528 3.8637 8
      vertex -0.517637 1.93185 8
      vertex -0.522104 3.96578 8
    endloop
  endfacet
  facet normal 0 0 1
    outer loop
      vertex -0.517637 1.93185 8
      vertex -1.03528 3.8637 8
      vertex -0.765367 1.84776 8
    endloop
  endfacet
  facet normal -0 0 1
    outer loop
      vertex -1.53073 3.69552 8
      vertex -0.765367 1.84776 8
      vertex -1.03528 3.8637 8
    endloop
  endfacet
  facet normal 0 0 1
    outer loop
      vertex -0.765367 1.84776 8
      vertex -1.53073 3.69552 8
      vertex -1 1.73205 8
    endloop
  endfacet
  facet normal -0 0 1
    outer loop
      vertex -2 3.4641 8
      vertex -1 1.73205 8
      vertex -1.53073 3.69552 8
    endloop
  endfacet
  facet normal 0 0 1
    outer loop
      vertex -1 1.73205 8
      vertex -2 3.4641 8
      vertex -1.21752 1.58671 8
    endloop
  endfacet
  facet normal -0 0 1
    outer loop
      vertex -2.43505 3.17341 8
      vertex -1.21752 1.58671 8
      vertex -2 3.4641 8
    endloop
  endfacet
  facet normal 0 0 1
    outer loop
      vertex -1.21752 1.58671 8
      vertex -2.43505 3.17341 8
      vertex -1.41421 1.41421 8
    endloop
  endfacet
  facet normal -0 0 1
    outer loop
      vertex -2.82843 2.82843 8
      vertex -1.41421 1.41421 8
      vertex -2.43505 3.17341 8
    endloop
  endfacet
  facet normal 0 0 1
    outer loop
      vertex -1.41421 1.41421 8
      vertex -2.82843 2.82843 8
      vertex -1.58671 1.21752 8
    endloop
  endfacet
  facet normal -0 0 1
    outer loop
      vertex -3.17341 2.43505 8
      vertex -1.58671 1.21752 8
      vertex -2.82843 2.82843 8
    endloop
  endfacet
  facet normal 0 0 1
    outer loop
      vertex -1.58671 1.21752 8
      vertex -3.17341 2.43505 8
      vertex -1.73205 1 8
    endloop
  endfacet
  facet normal -0 0 1
    outer loop
      vertex -3.4641 2 8
      vertex -1.73205 1 8
      vertex -3.17341 2.43505 8
    endloop
  endfacet
  facet normal 0 0 1
    outer loop
      vertex -1.73205 1 8
      vertex -3.4641 2 8
      vertex -1.84776 0.765367 8
    endloop
  endfacet
  facet normal -0 0 1
    outer loop
      vertex -3.69552 1.53073 8
      vertex -1.84776 0.765367 8
      vertex -3.4641 2 8
    endloop
  endfacet
  facet normal 0 0 1
    outer loop
      vertex -2 0 8
      vertex -2.43505 -3.17341 8
      vertex -2 -3.4641 8
    endloop
  endfacet
  facet normal 0 0 1
    outer loop
      vertex -1.84776 0.765367 8
      vertex -3.69552 1.53073 8
      vertex -1.93185 0.517637 8
    endloop
  endfacet
  facet normal 0 0 1
    outer loop
      vertex -2 0 8
      vertex -2.82843 -2.82843 8
      vertex -2.43505 -3.17341 8
    endloop
  endfacet
  facet normal -0 0 1
    outer loop
      vertex -3.8637 1.03528 8
      vertex -1.93185 0.517637 8
      vertex -3.69552 1.53073 8
    endloop
  endfacet
  facet normal 0 0 1
    outer loop
      vertex -2 0 8
      vertex -3.17341 -2.43505 8
      vertex -2.82843 -2.82843 8
    endloop
  endfacet
  facet normal 0 0 1
    outer loop
      vertex -1.93185 0.517637 8
      vertex -3.8637 1.03528 8
      vertex -1.98289 0.261052 8
    endloop
  endfacet
  facet normal 0 0 1
    outer loop
      vertex -2 0 8
      vertex -3.4641 -2 8
      vertex -3.17341 -2.43505 8
    endloop
  endfacet
  facet normal -0 0 1
    outer loop
      vertex -3.96578 0.522104 8
      vertex -1.98289 0.261052 8
      vertex -3.8637 1.03528 8
    endloop
  endfacet
  facet normal 0 0 1
    outer loop
      vertex -2 0 8
      vertex -3.69552 -1.53073 8
      vertex -3.4641 -2 8
    endloop
  endfacet
  facet normal 0 0 1
    outer loop
      vertex -1.98289 0.261052 8
      vertex -3.96578 0.522104 8
      vertex -2 0 8
    endloop
  endfacet
  facet normal 0 0 1
    outer loop
      vertex -2 0 8
      vertex -3.8637 -1.03528 8
      vertex -3.69552 -1.53073 8
    endloop
  endfacet
  facet normal 0 0 1
    outer loop
      vertex -4 0 8
      vertex -2 0 8
      vertex -3.96578 0.522104 8
    endloop
  endfacet
  facet normal 0 0 1
    outer loop
      vertex -2 0 8
      vertex -3.96578 -0.522104 8
      vertex -3.8637 -1.03528 8
    endloop
  endfacet
  facet normal 0 0 1
    outer loop
      vertex -2 0 8
      vertex -4 0 8
      vertex -3.96578 -0.522104 8
    endloop
  endfacet
  facet normal 0 0 1
    outer loop
      vertex 92 0 8
      vertex 94 0 8
      vertex 93.9658 0.522104 8
    endloop
  endfacet
  facet normal 0 0 1
    outer loop
      vertex 91.9829 0.261052 8
      vertex 93.9658 0.522104 8
      vertex 93.8637 1.03528 8
    endloop
  endfacet
  facet normal 0 0 1
    outer loop
      vertex 94 0 8
      vertex 92 0 8
      vertex 93.9658 -0.522104 8
    endloop
  endfacet
  facet normal 0 0 1
    outer loop
      vertex 91.9829 0.261052 8
      vertex 93.8637 1.03528 8
      vertex 93.6955 1.53073 8
    endloop
  endfacet
  facet normal -0 0 1
    outer loop
      vertex 91.9829 -0.261052 8
      vertex 93.9658 -0.522104 8
      vertex 92 0 8
    endloop
  endfacet
  facet normal 0 0 1
    outer loop
      vertex 91.9829 0.261052 8
      vertex 93.6955 1.53073 8
      vertex 93.4641 2 8
    endloop
  endfacet
  facet normal 0 0 1
    outer loop
      vertex 93.9658 -0.522104 8
      vertex 91.9829 -0.261052 8
      vertex 93.8637 -1.03528 8
    endloop
  endfacet
  facet normal 0 0 1
    outer loop
      vertex 91.9829 0.261052 8
      vertex 93.4641 2 8
      vertex 93.1734 2.43505 8
    endloop
  endfacet
  facet normal -0 0 1
    outer loop
      vertex 91.9319 -0.517637 8
      vertex 93.8637 -1.03528 8
      vertex 91.9829 -0.261052 8
    endloop
  endfacet
  facet normal 0 0 1
    outer loop
      vertex 91.9829 0.261052 8
      vertex 93.1734 2.43505 8
      vertex 92.8284 2.82843 8
    endloop
  endfacet
  facet normal 0 0 1
    outer loop
      vertex 93.8637 -1.03528 8
      vertex 91.9319 -0.517637 8
      vertex 93.6955 -1.53073 8
    endloop
  endfacet
  facet normal 0 0 1
    outer loop
      vertex 91.9829 0.261052 8
      vertex 92.8284 2.82843 8
      vertex 92.435 3.17341 8
    endloop
  endfacet
  facet normal -0 0 1
    outer loop
      vertex 91.8478 -0.765367 8
      vertex 93.6955 -1.53073 8
      vertex 91.9319 -0.517637 8
    endloop
  endfacet
  facet normal 0 0 1
    outer loop
      vertex 91.2175 1.58671 8
      vertex 92.435 3.17341 8
      vertex 92 3.4641 8
    endloop
  endfacet
  facet normal 0 0 1
    outer loop
      vertex 93.6955 -1.53073 8
      vertex 91.8478 -0.765367 8
      vertex 93.4641 -2 8
    endloop
  endfacet
  facet normal -0 0 1
    outer loop
      vertex 91.732 -1 8
      vertex 93.4641 -2 8
      vertex 91.8478 -0.765367 8
    endloop
  endfacet
  facet normal 0 0 1
    outer loop
      vertex 93.4641 -2 8
      vertex 91.732 -1 8
      vertex 93.1734 -2.43505 8
    endloop
  endfacet
  facet normal -0 0 1
    outer loop
      vertex 91.5867 -1.21752 8
      vertex 93.1734 -2.43505 8
      vertex 91.732 -1 8
    endloop
  endfacet
  facet normal 0 0 1
    outer loop
      vertex 93.1734 -2.43505 8
      vertex 91.5867 -1.21752 8
      vertex 92.8284 -2.82843 8
    endloop
  endfacet
  facet normal -0 0 1
    outer loop
      vertex 91.4142 -1.41421 8
      vertex 92.8284 -2.82843 8
      vertex 91.5867 -1.21752 8
    endloop
  endfacet
  facet normal 0 0 1
    outer loop
      vertex 92.8284 -2.82843 8
      vertex 91.4142 -1.41421 8
      vertex 92.435 -3.17341 8
    endloop
  endfacet
  facet normal -0 0 1
    outer loop
      vertex 91.2175 -1.58671 8
      vertex 92.435 -3.17341 8
      vertex 91.4142 -1.41421 8
    endloop
  endfacet
  facet normal 0 0 1
    outer loop
      vertex 92.435 -3.17341 8
      vertex 91.2175 -1.58671 8
      vertex 92 -3.4641 8
    endloop
  endfacet
  facet normal -0 0 1
    outer loop
      vertex 91 -1.73205 8
      vertex 92 -3.4641 8
      vertex 91.2175 -1.58671 8
    endloop
  endfacet
  facet normal 0 0 1
    outer loop
      vertex 92 -3.4641 8
      vertex 91 -1.73205 8
      vertex 91.5307 -3.69552 8
    endloop
  endfacet
  facet normal -0 0 1
    outer loop
      vertex 90.7654 -1.84776 8
      vertex 91.5307 -3.69552 8
      vertex 91 -1.73205 8
    endloop
  endfacet
  facet normal 0 0 1
    outer loop
      vertex 91.5307 -3.69552 8
      vertex 90.7654 -1.84776 8
      vertex 91.0353 -3.8637 8
    endloop
  endfacet
  facet normal -0 0 1
    outer loop
      vertex 90.5176 -1.93185 8
      vertex 91.0353 -3.8637 8
      vertex 90.7654 -1.84776 8
    endloop
  endfacet
  facet normal 0 0 1
    outer loop
      vertex 91.0353 -3.8637 8
      vertex 90.5176 -1.93185 8
      vertex 90.5221 -3.96578 8
    endloop
  endfacet
  facet normal -0 0 1
    outer loop
      vertex 90.2611 -1.98289 8
      vertex 90.5221 -3.96578 8
      vertex 90.5176 -1.93185 8
    endloop
  endfacet
  facet normal -0 0 1
    outer loop
      vertex 90 -2 8
      vertex 90.5221 -3.96578 8
      vertex 90.2611 -1.98289 8
    endloop
  endfacet
  facet normal 0 0 1
    outer loop
      vertex 90 -2 8
      vertex 90 -4 8
      vertex 90.5221 -3.96578 8
    endloop
  endfacet
  facet normal 0 0 1
    outer loop
      vertex 89.7389 -1.98289 8
      vertex 90 -4 8
      vertex 90 -2 8
    endloop
  endfacet
  facet normal 0 0 1
    outer loop
      vertex 89.4824 -1.93185 8
      vertex 90 -4 8
      vertex 89.7389 -1.98289 8
    endloop
  endfacet
  facet normal 0 0 1
    outer loop
      vertex 89.2346 -1.84776 8
      vertex 90 -4 8
      vertex 89.4824 -1.93185 8
    endloop
  endfacet
  facet normal 0 0 1
    outer loop
      vertex 89 -1.73205 8
      vertex 90 -4 8
      vertex 89.2346 -1.84776 8
    endloop
  endfacet
  facet normal 0 0 1
    outer loop
      vertex 88.7825 -1.58671 8
      vertex 90 -4 8
      vertex 89 -1.73205 8
    endloop
  endfacet
  facet normal 0 0 1
    outer loop
      vertex 88.5858 -1.41421 8
      vertex 90 -4 8
      vertex 88.7825 -1.58671 8
    endloop
  endfacet
  facet normal 0 0 1
    outer loop
      vertex 88.4133 -1.21752 8
      vertex 90 -4 8
      vertex 88.5858 -1.41421 8
    endloop
  endfacet
  facet normal 0 0 1
    outer loop
      vertex 88.268 -1 8
      vertex 90 -4 8
      vertex 88.4133 -1.21752 8
    endloop
  endfacet
  facet normal -0 0 1
    outer loop
      vertex 2 0 8
      vertex 88.0171 -0.261052 8
      vertex 88 0 8
    endloop
  endfacet
  facet normal 0 0 1
    outer loop
      vertex 1.98289 -0.261052 8
      vertex 88.0171 -0.261052 8
      vertex 2 0 8
    endloop
  endfacet
  facet normal 0 0 1
    outer loop
      vertex 88.0171 -0.261052 8
      vertex 1.98289 -0.261052 8
      vertex 88.0681 -0.517637 8
    endloop
  endfacet
  facet normal 0 0 1
    outer loop
      vertex 1.93185 -0.517637 8
      vertex 88.0681 -0.517637 8
      vertex 1.98289 -0.261052 8
    endloop
  endfacet
  facet normal 0 0 1
    outer loop
      vertex 88.0681 -0.517637 8
      vertex 1.93185 -0.517637 8
      vertex 88.1522 -0.765367 8
    endloop
  endfacet
  facet normal 0 0 1
    outer loop
      vertex 1.84776 -0.765367 8
      vertex 88.1522 -0.765367 8
      vertex 1.93185 -0.517637 8
    endloop
  endfacet
  facet normal 0 0 1
    outer loop
      vertex 88.1522 -0.765367 8
      vertex 1.84776 -0.765367 8
      vertex 88.268 -1 8
    endloop
  endfacet
  facet normal 0 0 1
    outer loop
      vertex 1.73205 -1 8
      vertex 88.268 -1 8
      vertex 1.84776 -0.765367 8
    endloop
  endfacet
  facet normal 0 0 1
    outer loop
      vertex 88.268 -1 8
      vertex 1.73205 -1 8
      vertex 90 -4 8
    endloop
  endfacet
  facet normal 0 0 1
    outer loop
      vertex 0 -4 8
      vertex 1.73205 -1 8
      vertex 1.58671 -1.21752 8
    endloop
  endfacet
  facet normal 0 0 1
    outer loop
      vertex 0 -4 8
      vertex 1.58671 -1.21752 8
      vertex 1.41421 -1.41421 8
    endloop
  endfacet
  facet normal 0 0 1
    outer loop
      vertex 0 -4 8
      vertex 1.41421 -1.41421 8
      vertex 1.21752 -1.58671 8
    endloop
  endfacet
  facet normal 0 0 1
    outer loop
      vertex 0 -4 8
      vertex 1.21752 -1.58671 8
      vertex 1 -1.73205 8
    endloop
  endfacet
  facet normal 0 0 1
    outer loop
      vertex 0 -4 8
      vertex 1 -1.73205 8
      vertex 0.765367 -1.84776 8
    endloop
  endfacet
  facet normal 0 0 1
    outer loop
      vertex 0 -4 8
      vertex 0.765367 -1.84776 8
      vertex 0.517637 -1.93185 8
    endloop
  endfacet
  facet normal 0 0 1
    outer loop
      vertex 0 -4 8
      vertex 0.517637 -1.93185 8
      vertex 0.261052 -1.98289 8
    endloop
  endfacet
  facet normal 0 0 1
    outer loop
      vertex 0 -4 8
      vertex 0.261052 -1.98289 8
      vertex 0 -2 8
    endloop
  endfacet
  facet normal 0 0 1
    outer loop
      vertex 1.73205 -1 8
      vertex 0 -4 8
      vertex 90 -4 8
    endloop
  endfacet
  facet normal 0 0 1
    outer loop
      vertex -0.261052 -1.98289 8
      vertex 0 -4 8
      vertex 0 -2 8
    endloop
  endfacet
  facet normal 0 0 1
    outer loop
      vertex -0.522104 -3.96578 8
      vertex -0.261052 -1.98289 8
      vertex -0.517637 -1.93185 8
    endloop
  endfacet
  facet normal 0 0 1
    outer loop
      vertex -0.261052 -1.98289 8
      vertex -0.522104 -3.96578 8
      vertex 0 -4 8
    endloop
  endfacet
  facet normal 0 0 1
    outer loop
      vertex -1.03528 -3.8637 8
      vertex -0.517637 -1.93185 8
      vertex -0.765367 -1.84776 8
    endloop
  endfacet
  facet normal 0 0 1
    outer loop
      vertex -1.53073 -3.69552 8
      vertex -0.765367 -1.84776 8
      vertex -1 -1.73205 8
    endloop
  endfacet
  facet normal 0 0 1
    outer loop
      vertex -0.517637 -1.93185 8
      vertex -1.03528 -3.8637 8
      vertex -0.522104 -3.96578 8
    endloop
  endfacet
  facet normal 0 0 1
    outer loop
      vertex -2 -3.4641 8
      vertex -1 -1.73205 8
      vertex -1.21752 -1.58671 8
    endloop
  endfacet
  facet normal 0 0 1
    outer loop
      vertex -2 -3.4641 8
      vertex -1.21752 -1.58671 8
      vertex -1.41421 -1.41421 8
    endloop
  endfacet
  facet normal 0 0 1
    outer loop
      vertex -0.765367 -1.84776 8
      vertex -1.53073 -3.69552 8
      vertex -1.03528 -3.8637 8
    endloop
  endfacet
  facet normal 0 0 1
    outer loop
      vertex -2 -3.4641 8
      vertex -1.41421 -1.41421 8
      vertex -1.58671 -1.21752 8
    endloop
  endfacet
  facet normal 0 0 1
    outer loop
      vertex -2 -3.4641 8
      vertex -1.58671 -1.21752 8
      vertex -1.73205 -1 8
    endloop
  endfacet
  facet normal 0 0 1
    outer loop
      vertex -2 -3.4641 8
      vertex -1.73205 -1 8
      vertex -1.84776 -0.765367 8
    endloop
  endfacet
  facet normal 0 0 1
    outer loop
      vertex -2 -3.4641 8
      vertex -1.84776 -0.765367 8
      vertex -1.93185 -0.517637 8
    endloop
  endfacet
  facet normal 0 0 1
    outer loop
      vertex -2 -3.4641 8
      vertex -1.93185 -0.517637 8
      vertex -1.98289 -0.261052 8
    endloop
  endfacet
  facet normal 0 0 1
    outer loop
      vertex -1 -1.73205 8
      vertex -2 -3.4641 8
      vertex -1.53073 -3.69552 8
    endloop
  endfacet
  facet normal 0 0 1
    outer loop
      vertex -2 -3.4641 8
      vertex -1.98289 -0.261052 8
      vertex -2 0 8
    endloop
  endfacet
  facet normal 0.321435 -0.946932 0
    outer loop
      vertex -1.53073 3.69552 8
      vertex -1.03528 3.8637 24
      vertex -1.53073 3.69552 24
    endloop
  endfacet
  facet normal 0.321435 -0.946932 0
    outer loop
      vertex -1.03528 3.8637 24
      vertex -1.53073 3.69552 8
      vertex -1.03528 3.8637 8
    endloop
  endfacet
  facet normal 0.0654022 0.997859 -0
    outer loop
      vertex 0 -4 8
      vertex -0.522104 -3.96578 24
      vertex 0 -4 24
    endloop
  endfacet
  facet normal 0.0654022 0.997859 0
    outer loop
      vertex -0.522104 -3.96578 24
      vertex 0 -4 8
      vertex -0.522104 -3.96578 8
    endloop
  endfacet
  facet normal 0 1 -0
    outer loop
      vertex 90 -4 8
      vertex 0 -4 24
      vertex 90 -4 24
    endloop
  endfacet
  facet normal 0 1 0
    outer loop
      vertex 0 -4 24
      vertex 90 -4 8
      vertex 0 -4 8
    endloop
  endfacet
  facet normal 0.195096 0.980784 -0
    outer loop
      vertex -0.522104 -3.96578 8
      vertex -1.03528 -3.8637 24
      vertex -0.522104 -3.96578 24
    endloop
  endfacet
  facet normal 0.195096 0.980784 0
    outer loop
      vertex -1.03528 -3.8637 24
      vertex -0.522104 -3.96578 8
      vertex -1.03528 -3.8637 8
    endloop
  endfacet
  facet normal -0.442268 -0.896883 0
    outer loop
      vertex 91.5307 3.69552 8
      vertex 92 3.4641 24
      vertex 91.5307 3.69552 24
    endloop
  endfacet
  facet normal -0.442268 -0.896883 -0
    outer loop
      vertex 92 3.4641 24
      vertex 91.5307 3.69552 8
      vertex 92 3.4641 8
    endloop
  endfacet
  facet normal -0.980777 -0.195133 0
    outer loop
      vertex 93.9658 0.522104 8
      vertex 93.8637 1.03528 24
      vertex 93.8637 1.03528 8
    endloop
  endfacet
  facet normal -0.980777 -0.195133 0
    outer loop
      vertex 93.8637 1.03528 24
      vertex 93.9658 0.522104 8
      vertex 93.9658 0.522104 24
    endloop
  endfacet
  facet normal -0.659321 -0.751861 0
    outer loop
      vertex 92.435 3.17341 8
      vertex 92.8284 2.82843 24
      vertex 92.435 3.17341 24
    endloop
  endfacet
  facet normal -0.659321 -0.751861 -0
    outer loop
      vertex 92.8284 2.82843 24
      vertex 92.435 3.17341 8
      vertex 92.8284 2.82843 8
    endloop
  endfacet
  facet normal 0.896871 -0.442291 0
    outer loop
      vertex -3.69552 1.53073 24
      vertex -3.4641 2 8
      vertex -3.4641 2 24
    endloop
  endfacet
  facet normal 0.896871 -0.442291 0
    outer loop
      vertex -3.4641 2 8
      vertex -3.69552 1.53073 24
      vertex -3.69552 1.53073 8
    endloop
  endfacet
  facet normal -0.831462 -0.555582 0
    outer loop
      vertex 93.4641 2 8
      vertex 93.1734 2.43505 24
      vertex 93.1734 2.43505 8
    endloop
  endfacet
  facet normal -0.831462 -0.555582 0
    outer loop
      vertex 93.1734 2.43505 24
      vertex 93.4641 2 8
      vertex 93.4641 2 24
    endloop
  endfacet
  facet normal -0.751826 0.659362 0
    outer loop
      vertex 92.8284 -2.82843 8
      vertex 93.1734 -2.43505 24
      vertex 93.1734 -2.43505 8
    endloop
  endfacet
  facet normal -0.751826 0.659362 0
    outer loop
      vertex 93.1734 -2.43505 24
      vertex 92.8284 -2.82843 8
      vertex 92.8284 -2.82843 24
    endloop
  endfacet
  facet normal 0.555569 -0.831471 0
    outer loop
      vertex -2.43505 3.17341 8
      vertex -2 3.4641 24
      vertex -2.43505 3.17341 24
    endloop
  endfacet
  facet normal 0.555569 -0.831471 0
    outer loop
      vertex -2 3.4641 24
      vertex -2.43505 3.17341 8
      vertex -2 3.4641 8
    endloop
  endfacet
  facet normal -0.831462 0.555582 0
    outer loop
      vertex 93.1734 -2.43505 8
      vertex 93.4641 -2 24
      vertex 93.4641 -2 8
    endloop
  endfacet
  facet normal -0.831462 0.555582 0
    outer loop
      vertex 93.4641 -2 24
      vertex 93.1734 -2.43505 8
      vertex 93.1734 -2.43505 24
    endloop
  endfacet
  facet normal -0.442268 0.896883 0
    outer loop
      vertex 92 -3.4641 8
      vertex 91.5307 -3.69552 24
      vertex 92 -3.4641 24
    endloop
  endfacet
  facet normal -0.442268 0.896883 0
    outer loop
      vertex 91.5307 -3.69552 24
      vertex 92 -3.4641 8
      vertex 91.5307 -3.69552 8
    endloop
  endfacet
  facet normal -0.896887 0.44226 0
    outer loop
      vertex 93.4641 -2 8
      vertex 93.6955 -1.53073 24
      vertex 93.6955 -1.53073 8
    endloop
  endfacet
  facet normal -0.896887 0.44226 0
    outer loop
      vertex 93.6955 -1.53073 24
      vertex 93.4641 -2 8
      vertex 93.4641 -2 24
    endloop
  endfacet
  facet normal -0.321464 -0.946922 0
    outer loop
      vertex 91.0353 3.8637 8
      vertex 91.5307 3.69552 24
      vertex 91.0353 3.8637 24
    endloop
  endfacet
  facet normal -0.321464 -0.946922 -0
    outer loop
      vertex 91.5307 3.69552 24
      vertex 91.0353 3.8637 8
      vertex 91.5307 3.69552 8
    endloop
  endfacet
  facet normal 0.751845 0.65934 0
    outer loop
      vertex -2.82843 -2.82843 24
      vertex -3.17341 -2.43505 8
      vertex -3.17341 -2.43505 24
    endloop
  endfacet
  facet normal 0.751845 0.65934 0
    outer loop
      vertex -3.17341 -2.43505 8
      vertex -2.82843 -2.82843 24
      vertex -2.82843 -2.82843 8
    endloop
  endfacet
  facet normal -0.555613 -0.831441 0
    outer loop
      vertex 92 3.4641 8
      vertex 92.435 3.17341 24
      vertex 92 3.4641 24
    endloop
  endfacet
  facet normal -0.555613 -0.831441 -0
    outer loop
      vertex 92.435 3.17341 24
      vertex 92 3.4641 8
      vertex 92.435 3.17341 8
    endloop
  endfacet
  facet normal 0.321435 0.946932 -0
    outer loop
      vertex -1.03528 -3.8637 8
      vertex -1.53073 -3.69552 24
      vertex -1.03528 -3.8637 24
    endloop
  endfacet
  facet normal 0.321435 0.946932 0
    outer loop
      vertex -1.53073 -3.69552 24
      vertex -1.03528 -3.8637 8
      vertex -1.53073 -3.69552 8
    endloop
  endfacet
  facet normal 0.555569 0.831471 -0
    outer loop
      vertex -2 -3.4641 8
      vertex -2.43505 -3.17341 24
      vertex -2 -3.4641 24
    endloop
  endfacet
  facet normal 0.555569 0.831471 0
    outer loop
      vertex -2.43505 -3.17341 24
      vertex -2 -3.4641 8
      vertex -2.43505 -3.17341 8
    endloop
  endfacet
  facet normal -0.555613 0.831441 0
    outer loop
      vertex 92.435 -3.17341 8
      vertex 92 -3.4641 24
      vertex 92.435 -3.17341 24
    endloop
  endfacet
  facet normal -0.555613 0.831441 0
    outer loop
      vertex 92 -3.4641 24
      vertex 92.435 -3.17341 8
      vertex 92 -3.4641 8
    endloop
  endfacet
  facet normal 0.0654022 -0.997859 0
    outer loop
      vertex -0.522104 3.96578 8
      vertex 0 4 24
      vertex -0.522104 3.96578 24
    endloop
  endfacet
  facet normal 0.0654022 -0.997859 0
    outer loop
      vertex 0 4 24
      vertex -0.522104 3.96578 8
      vertex 0 4 8
    endloop
  endfacet
  facet normal -0.997861 -0.0653641 0
    outer loop
      vertex 94 0 8
      vertex 93.9658 0.522104 24
      vertex 93.9658 0.522104 8
    endloop
  endfacet
  facet normal -0.997861 -0.0653641 0
    outer loop
      vertex 93.9658 0.522104 24
      vertex 94 0 8
      vertex 94 0 24
    endloop
  endfacet
  facet normal 0.997859 0.0654022 0
    outer loop
      vertex -3.96578 -0.522104 24
      vertex -4 0 8
      vertex -4 0 24
    endloop
  endfacet
  facet normal 0.997859 0.0654022 0
    outer loop
      vertex -4 0 8
      vertex -3.96578 -0.522104 24
      vertex -3.96578 -0.522104 8
    endloop
  endfacet
  facet normal 0.831471 0.555569 0
    outer loop
      vertex -3.17341 -2.43505 24
      vertex -3.4641 -2 8
      vertex -3.4641 -2 24
    endloop
  endfacet
  facet normal 0.831471 0.555569 0
    outer loop
      vertex -3.4641 -2 8
      vertex -3.17341 -2.43505 24
      vertex -3.17341 -2.43505 8
    endloop
  endfacet
  facet normal -0.321464 0.946922 0
    outer loop
      vertex 91.5307 -3.69552 8
      vertex 91.0353 -3.8637 24
      vertex 91.5307 -3.69552 24
    endloop
  endfacet
  facet normal -0.321464 0.946922 0
    outer loop
      vertex 91.0353 -3.8637 24
      vertex 91.5307 -3.69552 8
      vertex 91.0353 -3.8637 8
    endloop
  endfacet
  facet normal 0.946932 -0.321435 0
    outer loop
      vertex -3.8637 1.03528 24
      vertex -3.69552 1.53073 8
      vertex -3.69552 1.53073 24
    endloop
  endfacet
  facet normal 0.946932 -0.321435 0
    outer loop
      vertex -3.69552 1.53073 8
      vertex -3.8637 1.03528 24
      vertex -3.8637 1.03528 8
    endloop
  endfacet
  facet normal -0.195087 0.980786 0
    outer loop
      vertex 91.0353 -3.8637 8
      vertex 90.5221 -3.96578 24
      vertex 91.0353 -3.8637 24
    endloop
  endfacet
  facet normal -0.195087 0.980786 0
    outer loop
      vertex 90.5221 -3.96578 24
      vertex 91.0353 -3.8637 8
      vertex 90.5221 -3.96578 8
    endloop
  endfacet
  facet normal 0.442291 0.896871 -0
    outer loop
      vertex -1.53073 -3.69552 8
      vertex -2 -3.4641 24
      vertex -1.53073 -3.69552 24
    endloop
  endfacet
  facet normal 0.442291 0.896871 0
    outer loop
      vertex -2 -3.4641 24
      vertex -1.53073 -3.69552 8
      vertex -2 -3.4641 8
    endloop
  endfacet
  facet normal -0.659321 0.751861 0
    outer loop
      vertex 92.8284 -2.82843 8
      vertex 92.435 -3.17341 24
      vertex 92.8284 -2.82843 24
    endloop
  endfacet
  facet normal -0.659321 0.751861 0
    outer loop
      vertex 92.435 -3.17341 24
      vertex 92.8284 -2.82843 8
      vertex 92.435 -3.17341 8
    endloop
  endfacet
  facet normal -0.0654027 0.997859 0
    outer loop
      vertex 90.5221 -3.96578 8
      vertex 90 -4 24
      vertex 90.5221 -3.96578 24
    endloop
  endfacet
  facet normal -0.0654027 0.997859 0
    outer loop
      vertex 90 -4 24
      vertex 90.5221 -3.96578 8
      vertex 90 -4 8
    endloop
  endfacet
  facet normal 0.65934 0.751845 -0
    outer loop
      vertex -2.43505 -3.17341 8
      vertex -2.82843 -2.82843 24
      vertex -2.43505 -3.17341 24
    endloop
  endfacet
  facet normal 0.65934 0.751845 0
    outer loop
      vertex -2.82843 -2.82843 24
      vertex -2.43505 -3.17341 8
      vertex -2.82843 -2.82843 8
    endloop
  endfacet
  facet normal 0.997859 -0.0654022 0
    outer loop
      vertex -4 0 24
      vertex -3.96578 0.522104 8
      vertex -3.96578 0.522104 24
    endloop
  endfacet
  facet normal 0.997859 -0.0654022 0
    outer loop
      vertex -3.96578 0.522104 8
      vertex -4 0 24
      vertex -4 0 8
    endloop
  endfacet
  facet normal 0.980784 -0.195096 0
    outer loop
      vertex -3.96578 0.522104 24
      vertex -3.8637 1.03528 8
      vertex -3.8637 1.03528 24
    endloop
  endfacet
  facet normal 0.980784 -0.195096 0
    outer loop
      vertex -3.8637 1.03528 8
      vertex -3.96578 0.522104 24
      vertex -3.96578 0.522104 8
    endloop
  endfacet
  facet normal 0.831471 -0.555569 0
    outer loop
      vertex -3.4641 2 24
      vertex -3.17341 2.43505 8
      vertex -3.17341 2.43505 24
    endloop
  endfacet
  facet normal 0.831471 -0.555569 0
    outer loop
      vertex -3.17341 2.43505 8
      vertex -3.4641 2 24
      vertex -3.4641 2 8
    endloop
  endfacet
  facet normal -0.195087 -0.980786 0
    outer loop
      vertex 90.5221 3.96578 8
      vertex 91.0353 3.8637 24
      vertex 90.5221 3.96578 24
    endloop
  endfacet
  facet normal -0.195087 -0.980786 -0
    outer loop
      vertex 91.0353 3.8637 24
      vertex 90.5221 3.96578 8
      vertex 91.0353 3.8637 8
    endloop
  endfacet
  facet normal 0.946932 0.321435 0
    outer loop
      vertex -3.69552 -1.53073 24
      vertex -3.8637 -1.03528 8
      vertex -3.8637 -1.03528 24
    endloop
  endfacet
  facet normal 0.946932 0.321435 0
    outer loop
      vertex -3.8637 -1.03528 8
      vertex -3.69552 -1.53073 24
      vertex -3.69552 -1.53073 8
    endloop
  endfacet
  facet normal -0.997861 0.0653641 0
    outer loop
      vertex 93.9658 -0.522104 8
      vertex 94 0 24
      vertex 94 0 8
    endloop
  endfacet
  facet normal -0.997861 0.0653641 0
    outer loop
      vertex 94 0 24
      vertex 93.9658 -0.522104 8
      vertex 93.9658 -0.522104 24
    endloop
  endfacet
  facet normal -0.94692 0.321469 0
    outer loop
      vertex 93.6955 -1.53073 8
      vertex 93.8637 -1.03528 24
      vertex 93.8637 -1.03528 8
    endloop
  endfacet
  facet normal -0.94692 0.321469 0
    outer loop
      vertex 93.8637 -1.03528 24
      vertex 93.6955 -1.53073 8
      vertex 93.6955 -1.53073 24
    endloop
  endfacet
  facet normal 0.980784 0.195096 0
    outer loop
      vertex -3.8637 -1.03528 24
      vertex -3.96578 -0.522104 8
      vertex -3.96578 -0.522104 24
    endloop
  endfacet
  facet normal 0.980784 0.195096 0
    outer loop
      vertex -3.96578 -0.522104 8
      vertex -3.8637 -1.03528 24
      vertex -3.8637 -1.03528 8
    endloop
  endfacet
  facet normal -0.896887 -0.44226 0
    outer loop
      vertex 93.6955 1.53073 8
      vertex 93.4641 2 24
      vertex 93.4641 2 8
    endloop
  endfacet
  facet normal -0.896887 -0.44226 0
    outer loop
      vertex 93.4641 2 24
      vertex 93.6955 1.53073 8
      vertex 93.6955 1.53073 24
    endloop
  endfacet
  facet normal 0.751845 -0.65934 0
    outer loop
      vertex -3.17341 2.43505 24
      vertex -2.82843 2.82843 8
      vertex -2.82843 2.82843 24
    endloop
  endfacet
  facet normal 0.751845 -0.65934 0
    outer loop
      vertex -2.82843 2.82843 8
      vertex -3.17341 2.43505 24
      vertex -3.17341 2.43505 8
    endloop
  endfacet
  facet normal 0.65934 -0.751845 0
    outer loop
      vertex -2.82843 2.82843 8
      vertex -2.43505 3.17341 24
      vertex -2.82843 2.82843 24
    endloop
  endfacet
  facet normal 0.65934 -0.751845 0
    outer loop
      vertex -2.43505 3.17341 24
      vertex -2.82843 2.82843 8
      vertex -2.43505 3.17341 8
    endloop
  endfacet
  facet normal -0.980784 -0.195098 0
    outer loop
      vertex 1.98289 0.261052 0
      vertex 1.93185 0.517637 8
      vertex 1.93185 0.517637 0
    endloop
  endfacet
  facet normal -0.980784 -0.195098 0
    outer loop
      vertex 1.93185 0.517637 8
      vertex 1.98289 0.261052 0
      vertex 1.98289 0.261052 8
    endloop
  endfacet
  facet normal -0.997859 -0.0654022 0
    outer loop
      vertex 2 0 0
      vertex 1.98289 0.261052 8
      vertex 1.98289 0.261052 0
    endloop
  endfacet
  facet normal -0.997859 -0.0654022 0
    outer loop
      vertex 1.98289 0.261052 8
      vertex 2 0 0
      vertex 2 0 8
    endloop
  endfacet
  facet normal -0.0654022 -0.997859 0
    outer loop
      vertex 0 2 0
      vertex 0.261052 1.98289 8
      vertex 0 2 8
    endloop
  endfacet
  facet normal -0.0654022 -0.997859 -0
    outer loop
      vertex 0.261052 1.98289 8
      vertex 0 2 0
      vertex 0.261052 1.98289 0
    endloop
  endfacet
  facet normal 0.195098 -0.980784 0
    outer loop
      vertex -0.517637 1.93185 0
      vertex -0.261052 1.98289 8
      vertex -0.517637 1.93185 8
    endloop
  endfacet
  facet normal 0.195098 -0.980784 0
    outer loop
      vertex -0.261052 1.98289 8
      vertex -0.517637 1.93185 0
      vertex -0.261052 1.98289 0
    endloop
  endfacet
  facet normal 0.946934 0.321429 0
    outer loop
      vertex -1.84776 -0.765367 8
      vertex -1.93185 -0.517637 0
      vertex -1.93185 -0.517637 8
    endloop
  endfacet
  facet normal 0.946934 0.321429 0
    outer loop
      vertex -1.93185 -0.517637 0
      vertex -1.84776 -0.765367 8
      vertex -1.84776 -0.765367 0
    endloop
  endfacet
  facet normal -0.555564 0.831474 0
    outer loop
      vertex 1.21752 -1.58671 0
      vertex 1 -1.73205 8
      vertex 1.21752 -1.58671 8
    endloop
  endfacet
  facet normal -0.555564 0.831474 0
    outer loop
      vertex 1 -1.73205 8
      vertex 1.21752 -1.58671 0
      vertex 1 -1.73205 0
    endloop
  endfacet
  facet normal 0.89687 -0.442294 0
    outer loop
      vertex -1.84776 0.765367 8
      vertex -1.73205 1 0
      vertex -1.73205 1 8
    endloop
  endfacet
  facet normal 0.89687 -0.442294 0
    outer loop
      vertex -1.73205 1 0
      vertex -1.84776 0.765367 8
      vertex -1.84776 0.765367 0
    endloop
  endfacet
  facet normal 0.946934 -0.321429 0
    outer loop
      vertex -1.93185 0.517637 8
      vertex -1.84776 0.765367 0
      vertex -1.84776 0.765367 8
    endloop
  endfacet
  facet normal 0.946934 -0.321429 0
    outer loop
      vertex -1.84776 0.765367 0
      vertex -1.93185 0.517637 8
      vertex -1.93185 0.517637 0
    endloop
  endfacet
  facet normal 0.89687 0.442294 0
    outer loop
      vertex -1.73205 -1 8
      vertex -1.84776 -0.765367 0
      vertex -1.84776 -0.765367 8
    endloop
  endfacet
  facet normal 0.89687 0.442294 0
    outer loop
      vertex -1.84776 -0.765367 0
      vertex -1.73205 -1 8
      vertex -1.73205 -1 0
    endloop
  endfacet
  facet normal 0.321429 -0.946934 0
    outer loop
      vertex -0.765367 1.84776 0
      vertex -0.517637 1.93185 8
      vertex -0.765367 1.84776 8
    endloop
  endfacet
  facet normal 0.321429 -0.946934 0
    outer loop
      vertex -0.517637 1.93185 8
      vertex -0.765367 1.84776 0
      vertex -0.517637 1.93185 0
    endloop
  endfacet
  facet normal -0.997859 0.0654022 0
    outer loop
      vertex 1.98289 -0.261052 0
      vertex 2 0 8
      vertex 2 0 0
    endloop
  endfacet
  facet normal -0.997859 0.0654022 0
    outer loop
      vertex 2 0 8
      vertex 1.98289 -0.261052 0
      vertex 1.98289 -0.261052 8
    endloop
  endfacet
  facet normal 0.831474 -0.555564 0
    outer loop
      vertex -1.73205 1 8
      vertex -1.58671 1.21752 0
      vertex -1.58671 1.21752 8
    endloop
  endfacet
  facet normal 0.831474 -0.555564 0
    outer loop
      vertex -1.58671 1.21752 0
      vertex -1.73205 1 8
      vertex -1.73205 1 0
    endloop
  endfacet
  facet normal 0.980784 -0.195098 0
    outer loop
      vertex -1.98289 0.261052 8
      vertex -1.93185 0.517637 0
      vertex -1.93185 0.517637 8
    endloop
  endfacet
  facet normal 0.980784 -0.195098 0
    outer loop
      vertex -1.93185 0.517637 0
      vertex -1.98289 0.261052 8
      vertex -1.98289 0.261052 0
    endloop
  endfacet
  facet normal -0.946934 0.321429 0
    outer loop
      vertex 1.84776 -0.765367 0
      vertex 1.93185 -0.517637 8
      vertex 1.93185 -0.517637 0
    endloop
  endfacet
  facet normal -0.946934 0.321429 0
    outer loop
      vertex 1.93185 -0.517637 8
      vertex 1.84776 -0.765367 0
      vertex 1.84776 -0.765367 8
    endloop
  endfacet
  facet normal -0.659362 0.751826 0
    outer loop
      vertex 1.41421 -1.41421 0
      vertex 1.21752 -1.58671 8
      vertex 1.41421 -1.41421 8
    endloop
  endfacet
  facet normal -0.659362 0.751826 0
    outer loop
      vertex 1.21752 -1.58671 8
      vertex 1.41421 -1.41421 0
      vertex 1.21752 -1.58671 0
    endloop
  endfacet
  facet normal -0.321429 -0.946934 0
    outer loop
      vertex 0.517637 1.93185 0
      vertex 0.765367 1.84776 8
      vertex 0.517637 1.93185 8
    endloop
  endfacet
  facet normal -0.321429 -0.946934 -0
    outer loop
      vertex 0.765367 1.84776 8
      vertex 0.517637 1.93185 0
      vertex 0.765367 1.84776 0
    endloop
  endfacet
  facet normal 0.751826 0.659362 0
    outer loop
      vertex -1.41421 -1.41421 8
      vertex -1.58671 -1.21752 0
      vertex -1.58671 -1.21752 8
    endloop
  endfacet
  facet normal 0.751826 0.659362 0
    outer loop
      vertex -1.58671 -1.21752 0
      vertex -1.41421 -1.41421 8
      vertex -1.41421 -1.41421 0
    endloop
  endfacet
  facet normal 0.659362 -0.751826 0
    outer loop
      vertex -1.41421 1.41421 0
      vertex -1.21752 1.58671 8
      vertex -1.41421 1.41421 8
    endloop
  endfacet
  facet normal 0.659362 -0.751826 0
    outer loop
      vertex -1.21752 1.58671 8
      vertex -1.41421 1.41421 0
      vertex -1.21752 1.58671 0
    endloop
  endfacet
  facet normal 0.997859 -0.0654022 0
    outer loop
      vertex -2 0 8
      vertex -1.98289 0.261052 0
      vertex -1.98289 0.261052 8
    endloop
  endfacet
  facet normal 0.997859 -0.0654022 0
    outer loop
      vertex -1.98289 0.261052 0
      vertex -2 0 8
      vertex -2 0 0
    endloop
  endfacet
  facet normal -0.555564 -0.831474 0
    outer loop
      vertex 1 1.73205 0
      vertex 1.21752 1.58671 8
      vertex 1 1.73205 8
    endloop
  endfacet
  facet normal -0.555564 -0.831474 -0
    outer loop
      vertex 1.21752 1.58671 8
      vertex 1 1.73205 0
      vertex 1.21752 1.58671 0
    endloop
  endfacet
  facet normal -0.831474 0.555564 0
    outer loop
      vertex 1.58671 -1.21752 0
      vertex 1.73205 -1 8
      vertex 1.73205 -1 0
    endloop
  endfacet
  facet normal -0.831474 0.555564 0
    outer loop
      vertex 1.73205 -1 8
      vertex 1.58671 -1.21752 0
      vertex 1.58671 -1.21752 8
    endloop
  endfacet
  facet normal -0.831474 -0.555564 0
    outer loop
      vertex 1.73205 1 0
      vertex 1.58671 1.21752 8
      vertex 1.58671 1.21752 0
    endloop
  endfacet
  facet normal -0.831474 -0.555564 0
    outer loop
      vertex 1.58671 1.21752 8
      vertex 1.73205 1 0
      vertex 1.73205 1 8
    endloop
  endfacet
  facet normal 0.751826 -0.659362 0
    outer loop
      vertex -1.58671 1.21752 8
      vertex -1.41421 1.41421 0
      vertex -1.41421 1.41421 8
    endloop
  endfacet
  facet normal 0.751826 -0.659362 0
    outer loop
      vertex -1.41421 1.41421 0
      vertex -1.58671 1.21752 8
      vertex -1.58671 1.21752 0
    endloop
  endfacet
  facet normal -0.321429 0.946934 0
    outer loop
      vertex 0.765367 -1.84776 0
      vertex 0.517637 -1.93185 8
      vertex 0.765367 -1.84776 8
    endloop
  endfacet
  facet normal -0.321429 0.946934 0
    outer loop
      vertex 0.517637 -1.93185 8
      vertex 0.765367 -1.84776 0
      vertex 0.517637 -1.93185 0
    endloop
  endfacet
  facet normal -0.751826 -0.659362 0
    outer loop
      vertex 1.58671 1.21752 0
      vertex 1.41421 1.41421 8
      vertex 1.41421 1.41421 0
    endloop
  endfacet
  facet normal -0.751826 -0.659362 0
    outer loop
      vertex 1.41421 1.41421 8
      vertex 1.58671 1.21752 0
      vertex 1.58671 1.21752 8
    endloop
  endfacet
  facet normal -0.0654022 0.997859 0
    outer loop
      vertex 0.261052 -1.98289 0
      vertex 0 -2 8
      vertex 0.261052 -1.98289 8
    endloop
  endfacet
  facet normal -0.0654022 0.997859 0
    outer loop
      vertex 0 -2 8
      vertex 0.261052 -1.98289 0
      vertex 0 -2 0
    endloop
  endfacet
  facet normal -0.659362 -0.751826 0
    outer loop
      vertex 1.21752 1.58671 0
      vertex 1.41421 1.41421 8
      vertex 1.21752 1.58671 8
    endloop
  endfacet
  facet normal -0.659362 -0.751826 -0
    outer loop
      vertex 1.41421 1.41421 8
      vertex 1.21752 1.58671 0
      vertex 1.41421 1.41421 0
    endloop
  endfacet
  facet normal 0.997859 0.0654022 0
    outer loop
      vertex -1.98289 -0.261052 8
      vertex -2 0 0
      vertex -2 0 8
    endloop
  endfacet
  facet normal 0.997859 0.0654022 0
    outer loop
      vertex -2 0 0
      vertex -1.98289 -0.261052 8
      vertex -1.98289 -0.261052 0
    endloop
  endfacet
  facet normal 0.659362 0.751826 -0
    outer loop
      vertex -1.21752 -1.58671 0
      vertex -1.41421 -1.41421 8
      vertex -1.21752 -1.58671 8
    endloop
  endfacet
  facet normal 0.659362 0.751826 0
    outer loop
      vertex -1.41421 -1.41421 8
      vertex -1.21752 -1.58671 0
      vertex -1.41421 -1.41421 0
    endloop
  endfacet
  facet normal 0.555564 -0.831474 0
    outer loop
      vertex -1.21752 1.58671 0
      vertex -1 1.73205 8
      vertex -1.21752 1.58671 8
    endloop
  endfacet
  facet normal 0.555564 -0.831474 0
    outer loop
      vertex -1 1.73205 8
      vertex -1.21752 1.58671 0
      vertex -1 1.73205 0
    endloop
  endfacet
  facet normal -0.89687 -0.442294 0
    outer loop
      vertex 1.84776 0.765367 0
      vertex 1.73205 1 8
      vertex 1.73205 1 0
    endloop
  endfacet
  facet normal -0.89687 -0.442294 0
    outer loop
      vertex 1.73205 1 8
      vertex 1.84776 0.765367 0
      vertex 1.84776 0.765367 8
    endloop
  endfacet
  facet normal 0.0654022 0.997859 -0
    outer loop
      vertex 0 -2 0
      vertex -0.261052 -1.98289 8
      vertex 0 -2 8
    endloop
  endfacet
  facet normal 0.0654022 0.997859 0
    outer loop
      vertex -0.261052 -1.98289 8
      vertex 0 -2 0
      vertex -0.261052 -1.98289 0
    endloop
  endfacet
  facet normal -0.195098 0.980784 0
    outer loop
      vertex 0.517637 -1.93185 0
      vertex 0.261052 -1.98289 8
      vertex 0.517637 -1.93185 8
    endloop
  endfacet
  facet normal -0.195098 0.980784 0
    outer loop
      vertex 0.261052 -1.98289 8
      vertex 0.517637 -1.93185 0
      vertex 0.261052 -1.98289 0
    endloop
  endfacet
  facet normal -0.442294 -0.89687 0
    outer loop
      vertex 0.765367 1.84776 0
      vertex 1 1.73205 8
      vertex 0.765367 1.84776 8
    endloop
  endfacet
  facet normal -0.442294 -0.89687 -0
    outer loop
      vertex 1 1.73205 8
      vertex 0.765367 1.84776 0
      vertex 1 1.73205 0
    endloop
  endfacet
  facet normal -0.89687 0.442294 0
    outer loop
      vertex 1.73205 -1 0
      vertex 1.84776 -0.765367 8
      vertex 1.84776 -0.765367 0
    endloop
  endfacet
  facet normal -0.89687 0.442294 0
    outer loop
      vertex 1.84776 -0.765367 8
      vertex 1.73205 -1 0
      vertex 1.73205 -1 8
    endloop
  endfacet
  facet normal -0.980784 0.195098 0
    outer loop
      vertex 1.93185 -0.517637 0
      vertex 1.98289 -0.261052 8
      vertex 1.98289 -0.261052 0
    endloop
  endfacet
  facet normal -0.980784 0.195098 0
    outer loop
      vertex 1.98289 -0.261052 8
      vertex 1.93185 -0.517637 0
      vertex 1.93185 -0.517637 8
    endloop
  endfacet
  facet normal 0.980784 0.195098 0
    outer loop
      vertex -1.93185 -0.517637 8
      vertex -1.98289 -0.261052 0
      vertex -1.98289 -0.261052 8
    endloop
  endfacet
  facet normal 0.980784 0.195098 0
    outer loop
      vertex -1.98289 -0.261052 0
      vertex -1.93185 -0.517637 8
      vertex -1.93185 -0.517637 0
    endloop
  endfacet
  facet normal 0.195098 0.980784 -0
    outer loop
      vertex -0.261052 -1.98289 0
      vertex -0.517637 -1.93185 8
      vertex -0.261052 -1.98289 8
    endloop
  endfacet
  facet normal 0.195098 0.980784 0
    outer loop
      vertex -0.517637 -1.93185 8
      vertex -0.261052 -1.98289 0
      vertex -0.517637 -1.93185 0
    endloop
  endfacet
  facet normal -0.195098 -0.980784 0
    outer loop
      vertex 0.261052 1.98289 0
      vertex 0.517637 1.93185 8
      vertex 0.261052 1.98289 8
    endloop
  endfacet
  facet normal -0.195098 -0.980784 -0
    outer loop
      vertex 0.517637 1.93185 8
      vertex 0.261052 1.98289 0
      vertex 0.517637 1.93185 0
    endloop
  endfacet
  facet normal -0.946934 -0.321429 0
    outer loop
      vertex 1.93185 0.517637 0
      vertex 1.84776 0.765367 8
      vertex 1.84776 0.765367 0
    endloop
  endfacet
  facet normal -0.946934 -0.321429 0
    outer loop
      vertex 1.84776 0.765367 8
      vertex 1.93185 0.517637 0
      vertex 1.93185 0.517637 8
    endloop
  endfacet
  facet normal -0.442294 0.89687 0
    outer loop
      vertex 1 -1.73205 0
      vertex 0.765367 -1.84776 8
      vertex 1 -1.73205 8
    endloop
  endfacet
  facet normal -0.442294 0.89687 0
    outer loop
      vertex 0.765367 -1.84776 8
      vertex 1 -1.73205 0
      vertex 0.765367 -1.84776 0
    endloop
  endfacet
  facet normal -0.751826 0.659362 0
    outer loop
      vertex 1.41421 -1.41421 0
      vertex 1.58671 -1.21752 8
      vertex 1.58671 -1.21752 0
    endloop
  endfacet
  facet normal -0.751826 0.659362 0
    outer loop
      vertex 1.58671 -1.21752 8
      vertex 1.41421 -1.41421 0
      vertex 1.41421 -1.41421 8
    endloop
  endfacet
  facet normal 0.831474 0.555564 0
    outer loop
      vertex -1.58671 -1.21752 8
      vertex -1.73205 -1 0
      vertex -1.73205 -1 8
    endloop
  endfacet
  facet normal 0.831474 0.555564 0
    outer loop
      vertex -1.73205 -1 0
      vertex -1.58671 -1.21752 8
      vertex -1.58671 -1.21752 0
    endloop
  endfacet
  facet normal 0.0654022 -0.997859 0
    outer loop
      vertex -0.261052 1.98289 0
      vertex 0 2 8
      vertex -0.261052 1.98289 8
    endloop
  endfacet
  facet normal 0.0654022 -0.997859 0
    outer loop
      vertex 0 2 8
      vertex -0.261052 1.98289 0
      vertex 0 2 0
    endloop
  endfacet
  facet normal 0.321429 0.946934 -0
    outer loop
      vertex -0.517637 -1.93185 0
      vertex -0.765367 -1.84776 8
      vertex -0.517637 -1.93185 8
    endloop
  endfacet
  facet normal 0.321429 0.946934 0
    outer loop
      vertex -0.765367 -1.84776 8
      vertex -0.517637 -1.93185 0
      vertex -0.765367 -1.84776 0
    endloop
  endfacet
  facet normal 0.442294 -0.89687 0
    outer loop
      vertex -1 1.73205 0
      vertex -0.765367 1.84776 8
      vertex -1 1.73205 8
    endloop
  endfacet
  facet normal 0.442294 -0.89687 0
    outer loop
      vertex -0.765367 1.84776 8
      vertex -1 1.73205 0
      vertex -0.765367 1.84776 0
    endloop
  endfacet
  facet normal 0.442294 0.89687 -0
    outer loop
      vertex -0.765367 -1.84776 0
      vertex -1 -1.73205 8
      vertex -0.765367 -1.84776 8
    endloop
  endfacet
  facet normal 0.442294 0.89687 0
    outer loop
      vertex -1 -1.73205 8
      vertex -0.765367 -1.84776 0
      vertex -1 -1.73205 0
    endloop
  endfacet
  facet normal 0.555564 0.831474 -0
    outer loop
      vertex -1 -1.73205 0
      vertex -1.21752 -1.58671 8
      vertex -1 -1.73205 8
    endloop
  endfacet
  facet normal 0.555564 0.831474 0
    outer loop
      vertex -1.21752 -1.58671 8
      vertex -1 -1.73205 0
      vertex -1.21752 -1.58671 0
    endloop
  endfacet
  facet normal -0.0653902 0.99786 0
    outer loop
      vertex 90.2611 -1.98289 0
      vertex 90 -2 8
      vertex 90.2611 -1.98289 8
    endloop
  endfacet
  facet normal -0.0653902 0.99786 0
    outer loop
      vertex 90 -2 8
      vertex 90.2611 -1.98289 0
      vertex 90 -2 0
    endloop
  endfacet
  facet normal -0.980813 -0.194951 0
    outer loop
      vertex 91.9829 0.261052 0
      vertex 91.9319 0.517637 8
      vertex 91.9319 0.517637 0
    endloop
  endfacet
  facet normal -0.980813 -0.194951 0
    outer loop
      vertex 91.9319 0.517637 8
      vertex 91.9829 0.261052 0
      vertex 91.9829 0.261052 8
    endloop
  endfacet
  facet normal -0.997861 -0.0653641 0
    outer loop
      vertex 92 0 0
      vertex 91.9829 0.261052 8
      vertex 91.9829 0.261052 0
    endloop
  endfacet
  facet normal -0.997861 -0.0653641 0
    outer loop
      vertex 91.9829 0.261052 8
      vertex 92 0 0
      vertex 92 0 8
    endloop
  endfacet
  facet normal -0.980813 0.194951 0
    outer loop
      vertex 91.9319 -0.517637 0
      vertex 91.9829 -0.261052 8
      vertex 91.9829 -0.261052 0
    endloop
  endfacet
  facet normal -0.980813 0.194951 0
    outer loop
      vertex 91.9829 -0.261052 8
      vertex 91.9319 -0.517637 0
      vertex 91.9319 -0.517637 8
    endloop
  endfacet
  facet normal -0.946922 0.321463 0
    outer loop
      vertex 91.8478 -0.765367 0
      vertex 91.9319 -0.517637 8
      vertex 91.9319 -0.517637 0
    endloop
  endfacet
  facet normal -0.946922 0.321463 0
    outer loop
      vertex 91.9319 -0.517637 8
      vertex 91.8478 -0.765367 0
      vertex 91.8478 -0.765367 8
    endloop
  endfacet
  facet normal 0.19516 0.980771 -0
    outer loop
      vertex 89.7389 -1.98289 0
      vertex 89.4824 -1.93185 8
      vertex 89.7389 -1.98289 8
    endloop
  endfacet
  facet normal 0.19516 0.980771 0
    outer loop
      vertex 89.4824 -1.93185 8
      vertex 89.7389 -1.98289 0
      vertex 89.4824 -1.93185 0
    endloop
  endfacet
  facet normal 0.321348 -0.946961 0
    outer loop
      vertex 89.2346 1.84776 0
      vertex 89.4824 1.93185 8
      vertex 89.2346 1.84776 8
    endloop
  endfacet
  facet normal 0.321348 -0.946961 0
    outer loop
      vertex 89.4824 1.93185 8
      vertex 89.2346 1.84776 0
      vertex 89.4824 1.93185 0
    endloop
  endfacet
  facet normal 0.5556 -0.83145 0
    outer loop
      vertex 88.7825 1.58671 0
      vertex 89 1.73205 8
      vertex 88.7825 1.58671 8
    endloop
  endfacet
  facet normal 0.5556 -0.83145 0
    outer loop
      vertex 89 1.73205 8
      vertex 88.7825 1.58671 0
      vertex 89 1.73205 0
    endloop
  endfacet
  facet normal -0.896734 -0.442571 0
    outer loop
      vertex 91.8478 0.765367 0
      vertex 91.732 1 8
      vertex 91.732 1 0
    endloop
  endfacet
  facet normal -0.896734 -0.442571 0
    outer loop
      vertex 91.732 1 8
      vertex 91.8478 0.765367 0
      vertex 91.8478 0.765367 8
    endloop
  endfacet
  facet normal -0.19516 0.980771 0
    outer loop
      vertex 90.5176 -1.93185 0
      vertex 90.2611 -1.98289 8
      vertex 90.5176 -1.93185 8
    endloop
  endfacet
  facet normal -0.19516 0.980771 0
    outer loop
      vertex 90.2611 -1.98289 8
      vertex 90.5176 -1.93185 0
      vertex 90.2611 -1.98289 0
    endloop
  endfacet
  facet normal -0.442344 0.896845 0
    outer loop
      vertex 91 -1.73205 0
      vertex 90.7654 -1.84776 8
      vertex 91 -1.73205 8
    endloop
  endfacet
  facet normal -0.442344 0.896845 0
    outer loop
      vertex 90.7654 -1.84776 8
      vertex 91 -1.73205 0
      vertex 90.7654 -1.84776 0
    endloop
  endfacet
  facet normal -0.321348 0.946961 0
    outer loop
      vertex 90.7654 -1.84776 0
      vertex 90.5176 -1.93185 8
      vertex 90.7654 -1.84776 8
    endloop
  endfacet
  facet normal -0.321348 0.946961 0
    outer loop
      vertex 90.5176 -1.93185 8
      vertex 90.7654 -1.84776 0
      vertex 90.5176 -1.93185 0
    endloop
  endfacet
  facet normal -0.5556 0.83145 0
    outer loop
      vertex 91.2175 -1.58671 0
      vertex 91 -1.73205 8
      vertex 91.2175 -1.58671 8
    endloop
  endfacet
  facet normal -0.5556 0.83145 0
    outer loop
      vertex 91 -1.73205 8
      vertex 91.2175 -1.58671 0
      vertex 91 -1.73205 0
    endloop
  endfacet
  facet normal 0.442344 -0.896845 0
    outer loop
      vertex 89 1.73205 0
      vertex 89.2346 1.84776 8
      vertex 89 1.73205 8
    endloop
  endfacet
  facet normal 0.442344 -0.896845 0
    outer loop
      vertex 89.2346 1.84776 8
      vertex 89 1.73205 0
      vertex 89.2346 1.84776 0
    endloop
  endfacet
  facet normal 0.751826 0.659362 0
    outer loop
      vertex 88.5858 -1.41421 8
      vertex 88.4133 -1.21752 0
      vertex 88.4133 -1.21752 8
    endloop
  endfacet
  facet normal 0.751826 0.659362 0
    outer loop
      vertex 88.4133 -1.21752 0
      vertex 88.5858 -1.41421 8
      vertex 88.5858 -1.41421 0
    endloop
  endfacet
  facet normal 0.997861 0.0653641 0
    outer loop
      vertex 88.0171 -0.261052 8
      vertex 88 0 0
      vertex 88 0 8
    endloop
  endfacet
  facet normal 0.997861 0.0653641 0
    outer loop
      vertex 88 0 0
      vertex 88.0171 -0.261052 8
      vertex 88.0171 -0.261052 0
    endloop
  endfacet
  facet normal -0.831544 -0.555459 0
    outer loop
      vertex 91.732 1 0
      vertex 91.5867 1.21752 8
      vertex 91.5867 1.21752 0
    endloop
  endfacet
  facet normal -0.831544 -0.555459 0
    outer loop
      vertex 91.5867 1.21752 8
      vertex 91.732 1 0
      vertex 91.732 1 8
    endloop
  endfacet
  facet normal 0.997861 -0.0653641 0
    outer loop
      vertex 88 0 8
      vertex 88.0171 0.261052 0
      vertex 88.0171 0.261052 8
    endloop
  endfacet
  facet normal 0.997861 -0.0653641 0
    outer loop
      vertex 88.0171 0.261052 0
      vertex 88 0 8
      vertex 88 0 0
    endloop
  endfacet
  facet normal 0.5556 0.83145 -0
    outer loop
      vertex 89 -1.73205 0
      vertex 88.7825 -1.58671 8
      vertex 89 -1.73205 8
    endloop
  endfacet
  facet normal 0.5556 0.83145 0
    outer loop
      vertex 88.7825 -1.58671 8
      vertex 89 -1.73205 0
      vertex 88.7825 -1.58671 0
    endloop
  endfacet
  facet normal 0.980813 -0.194951 0
    outer loop
      vertex 88.0171 0.261052 8
      vertex 88.0681 0.517637 0
      vertex 88.0681 0.517637 8
    endloop
  endfacet
  facet normal 0.980813 -0.194951 0
    outer loop
      vertex 88.0681 0.517637 0
      vertex 88.0171 0.261052 8
      vertex 88.0171 0.261052 0
    endloop
  endfacet
  facet normal 0.751826 -0.659362 0
    outer loop
      vertex 88.4133 1.21752 8
      vertex 88.5858 1.41421 0
      vertex 88.5858 1.41421 8
    endloop
  endfacet
  facet normal 0.751826 -0.659362 0
    outer loop
      vertex 88.5858 1.41421 0
      vertex 88.4133 1.21752 8
      vertex 88.4133 1.21752 0
    endloop
  endfacet
  facet normal 0.946922 0.321463 0
    outer loop
      vertex 88.1522 -0.765367 8
      vertex 88.0681 -0.517637 0
      vertex 88.0681 -0.517637 8
    endloop
  endfacet
  facet normal 0.946922 0.321463 0
    outer loop
      vertex 88.0681 -0.517637 0
      vertex 88.1522 -0.765367 8
      vertex 88.1522 -0.765367 0
    endloop
  endfacet
  facet normal -0.997861 0.0653641 0
    outer loop
      vertex 91.9829 -0.261052 0
      vertex 92 0 8
      vertex 92 0 0
    endloop
  endfacet
  facet normal -0.997861 0.0653641 0
    outer loop
      vertex 92 0 8
      vertex 91.9829 -0.261052 0
      vertex 91.9829 -0.261052 8
    endloop
  endfacet
  facet normal -0.442344 -0.896845 0
    outer loop
      vertex 90.7654 1.84776 0
      vertex 91 1.73205 8
      vertex 90.7654 1.84776 8
    endloop
  endfacet
  facet normal -0.442344 -0.896845 -0
    outer loop
      vertex 91 1.73205 8
      vertex 90.7654 1.84776 0
      vertex 91 1.73205 0
    endloop
  endfacet
  facet normal -0.751826 -0.659362 0
    outer loop
      vertex 91.5867 1.21752 0
      vertex 91.4142 1.41421 8
      vertex 91.4142 1.41421 0
    endloop
  endfacet
  facet normal -0.751826 -0.659362 0
    outer loop
      vertex 91.4142 1.41421 8
      vertex 91.5867 1.21752 0
      vertex 91.5867 1.21752 8
    endloop
  endfacet
  facet normal -0.5556 -0.83145 0
    outer loop
      vertex 91 1.73205 0
      vertex 91.2175 1.58671 8
      vertex 91 1.73205 8
    endloop
  endfacet
  facet normal -0.5556 -0.83145 -0
    outer loop
      vertex 91.2175 1.58671 8
      vertex 91 1.73205 0
      vertex 91.2175 1.58671 0
    endloop
  endfacet
  facet normal -0.896734 0.442571 0
    outer loop
      vertex 91.732 -1 0
      vertex 91.8478 -0.765367 8
      vertex 91.8478 -0.765367 0
    endloop
  endfacet
  facet normal -0.896734 0.442571 0
    outer loop
      vertex 91.8478 -0.765367 8
      vertex 91.732 -1 0
      vertex 91.732 -1 8
    endloop
  endfacet
  facet normal -0.831544 0.555459 0
    outer loop
      vertex 91.5867 -1.21752 0
      vertex 91.732 -1 8
      vertex 91.732 -1 0
    endloop
  endfacet
  facet normal -0.831544 0.555459 0
    outer loop
      vertex 91.732 -1 8
      vertex 91.5867 -1.21752 0
      vertex 91.5867 -1.21752 8
    endloop
  endfacet
  facet normal 0.831544 -0.555459 0
    outer loop
      vertex 88.268 1 8
      vertex 88.4133 1.21752 0
      vertex 88.4133 1.21752 8
    endloop
  endfacet
  facet normal 0.831544 -0.555459 0
    outer loop
      vertex 88.4133 1.21752 0
      vertex 88.268 1 8
      vertex 88.268 1 0
    endloop
  endfacet
  facet normal 0.19516 -0.980771 0
    outer loop
      vertex 89.4824 1.93185 0
      vertex 89.7389 1.98289 8
      vertex 89.4824 1.93185 8
    endloop
  endfacet
  facet normal 0.19516 -0.980771 0
    outer loop
      vertex 89.7389 1.98289 8
      vertex 89.4824 1.93185 0
      vertex 89.7389 1.98289 0
    endloop
  endfacet
  facet normal -0.659343 -0.751842 0
    outer loop
      vertex 91.2175 1.58671 0
      vertex 91.4142 1.41421 8
      vertex 91.2175 1.58671 8
    endloop
  endfacet
  facet normal -0.659343 -0.751842 -0
    outer loop
      vertex 91.4142 1.41421 8
      vertex 91.2175 1.58671 0
      vertex 91.4142 1.41421 0
    endloop
  endfacet
  facet normal -0.751826 0.659362 0
    outer loop
      vertex 91.4142 -1.41421 0
      vertex 91.5867 -1.21752 8
      vertex 91.5867 -1.21752 0
    endloop
  endfacet
  facet normal -0.751826 0.659362 0
    outer loop
      vertex 91.5867 -1.21752 8
      vertex 91.4142 -1.41421 0
      vertex 91.4142 -1.41421 8
    endloop
  endfacet
  facet normal 0.321348 0.946961 -0
    outer loop
      vertex 89.4824 -1.93185 0
      vertex 89.2346 -1.84776 8
      vertex 89.4824 -1.93185 8
    endloop
  endfacet
  facet normal 0.321348 0.946961 0
    outer loop
      vertex 89.2346 -1.84776 8
      vertex 89.4824 -1.93185 0
      vertex 89.2346 -1.84776 0
    endloop
  endfacet
  facet normal -0.0653902 -0.99786 0
    outer loop
      vertex 90 2 0
      vertex 90.2611 1.98289 8
      vertex 90 2 8
    endloop
  endfacet
  facet normal -0.0653902 -0.99786 -0
    outer loop
      vertex 90.2611 1.98289 8
      vertex 90 2 0
      vertex 90.2611 1.98289 0
    endloop
  endfacet
  facet normal 0.831544 0.555459 0
    outer loop
      vertex 88.4133 -1.21752 8
      vertex 88.268 -1 0
      vertex 88.268 -1 8
    endloop
  endfacet
  facet normal 0.831544 0.555459 0
    outer loop
      vertex 88.268 -1 0
      vertex 88.4133 -1.21752 8
      vertex 88.4133 -1.21752 0
    endloop
  endfacet
  facet normal 0.659343 -0.751842 0
    outer loop
      vertex 88.5858 1.41421 0
      vertex 88.7825 1.58671 8
      vertex 88.5858 1.41421 8
    endloop
  endfacet
  facet normal 0.659343 -0.751842 0
    outer loop
      vertex 88.7825 1.58671 8
      vertex 88.5858 1.41421 0
      vertex 88.7825 1.58671 0
    endloop
  endfacet
  facet normal 0.896734 -0.442571 0
    outer loop
      vertex 88.1522 0.765367 8
      vertex 88.268 1 0
      vertex 88.268 1 8
    endloop
  endfacet
  facet normal 0.896734 -0.442571 0
    outer loop
      vertex 88.268 1 0
      vertex 88.1522 0.765367 8
      vertex 88.1522 0.765367 0
    endloop
  endfacet
  facet normal 0.0653902 -0.99786 0
    outer loop
      vertex 89.7389 1.98289 0
      vertex 90 2 8
      vertex 89.7389 1.98289 8
    endloop
  endfacet
  facet normal 0.0653902 -0.99786 0
    outer loop
      vertex 90 2 8
      vertex 89.7389 1.98289 0
      vertex 90 2 0
    endloop
  endfacet
  facet normal 0.980813 0.194951 0
    outer loop
      vertex 88.0681 -0.517637 8
      vertex 88.0171 -0.261052 0
      vertex 88.0171 -0.261052 8
    endloop
  endfacet
  facet normal 0.980813 0.194951 0
    outer loop
      vertex 88.0171 -0.261052 0
      vertex 88.0681 -0.517637 8
      vertex 88.0681 -0.517637 0
    endloop
  endfacet
  facet normal -0.321348 -0.946961 0
    outer loop
      vertex 90.5176 1.93185 0
      vertex 90.7654 1.84776 8
      vertex 90.5176 1.93185 8
    endloop
  endfacet
  facet normal -0.321348 -0.946961 -0
    outer loop
      vertex 90.7654 1.84776 8
      vertex 90.5176 1.93185 0
      vertex 90.7654 1.84776 0
    endloop
  endfacet
  facet normal 0.946922 -0.321463 0
    outer loop
      vertex 88.0681 0.517637 8
      vertex 88.1522 0.765367 0
      vertex 88.1522 0.765367 8
    endloop
  endfacet
  facet normal 0.946922 -0.321463 0
    outer loop
      vertex 88.1522 0.765367 0
      vertex 88.0681 0.517637 8
      vertex 88.0681 0.517637 0
    endloop
  endfacet
  facet normal -0.946922 -0.321463 0
    outer loop
      vertex 91.9319 0.517637 0
      vertex 91.8478 0.765367 8
      vertex 91.8478 0.765367 0
    endloop
  endfacet
  facet normal -0.946922 -0.321463 0
    outer loop
      vertex 91.8478 0.765367 8
      vertex 91.9319 0.517637 0
      vertex 91.9319 0.517637 8
    endloop
  endfacet
  facet normal 0.442344 0.896845 -0
    outer loop
      vertex 89.2346 -1.84776 0
      vertex 89 -1.73205 8
      vertex 89.2346 -1.84776 8
    endloop
  endfacet
  facet normal 0.442344 0.896845 0
    outer loop
      vertex 89 -1.73205 8
      vertex 89.2346 -1.84776 0
      vertex 89 -1.73205 0
    endloop
  endfacet
  facet normal 0.659343 0.751842 -0
    outer loop
      vertex 88.7825 -1.58671 0
      vertex 88.5858 -1.41421 8
      vertex 88.7825 -1.58671 8
    endloop
  endfacet
  facet normal 0.659343 0.751842 0
    outer loop
      vertex 88.5858 -1.41421 8
      vertex 88.7825 -1.58671 0
      vertex 88.5858 -1.41421 0
    endloop
  endfacet
  facet normal 0.0653902 0.99786 -0
    outer loop
      vertex 90 -2 0
      vertex 89.7389 -1.98289 8
      vertex 90 -2 8
    endloop
  endfacet
  facet normal 0.0653902 0.99786 0
    outer loop
      vertex 89.7389 -1.98289 8
      vertex 90 -2 0
      vertex 89.7389 -1.98289 0
    endloop
  endfacet
  facet normal 0.896734 0.442571 0
    outer loop
      vertex 88.268 -1 8
      vertex 88.1522 -0.765367 0
      vertex 88.1522 -0.765367 8
    endloop
  endfacet
  facet normal 0.896734 0.442571 0
    outer loop
      vertex 88.1522 -0.765367 0
      vertex 88.268 -1 8
      vertex 88.268 -1 0
    endloop
  endfacet
  facet normal -0.19516 -0.980771 0
    outer loop
      vertex 90.2611 1.98289 0
      vertex 90.5176 1.93185 8
      vertex 90.2611 1.98289 8
    endloop
  endfacet
  facet normal -0.19516 -0.980771 -0
    outer loop
      vertex 90.5176 1.93185 8
      vertex 90.2611 1.98289 0
      vertex 90.5176 1.93185 0
    endloop
  endfacet
  facet normal -0.659343 0.751842 0
    outer loop
      vertex 91.4142 -1.41421 0
      vertex 91.2175 -1.58671 8
      vertex 91.4142 -1.41421 8
    endloop
  endfacet
  facet normal -0.659343 0.751842 0
    outer loop
      vertex 91.2175 -1.58671 8
      vertex 91.4142 -1.41421 0
      vertex 91.2175 -1.58671 0
    endloop
  endfacet
endsolid OpenSCAD_Model
