solid OpenSCAD_Model
  facet normal 0.980787 0.19508 0
    outer loop
      vertex 44.615 5.87368 12
      vertex 43.4667 11.6469 0
      vertex 43.4667 11.6469 12
    endloop
  endfacet
  facet normal 0.980787 0.19508 0
    outer loop
      vertex 43.4667 11.6469 0
      vertex 44.615 5.87368 12
      vertex 44.615 5.87368 0
    endloop
  endfacet
  facet normal 0.997859 0.0654063 0
    outer loop
      vertex 45 0 12
      vertex 44.615 5.87368 0
      vertex 44.615 5.87368 12
    endloop
  endfacet
  facet normal 0.997859 0.0654063 0
    outer loop
      vertex 44.615 5.87368 0
      vertex 45 0 12
      vertex 45 0 0
    endloop
  endfacet
  facet normal -0.321442 -0.946929 0
    outer loop
      vertex -17.2208 -41.5746 0
      vertex -11.6469 -43.4667 12
      vertex -17.2208 -41.5746 12
    endloop
  endfacet
  facet normal -0.321442 -0.946929 -0
    outer loop
      vertex -11.6469 -43.4667 12
      vertex -17.2208 -41.5746 0
      vertex -11.6469 -43.4667 0
    endloop
  endfacet
  facet normal -0.980787 -0.19508 0
    outer loop
      vertex -43.4667 -11.6469 0
      vertex -44.615 -5.87368 12
      vertex -44.615 -5.87368 0
    endloop
  endfacet
  facet normal -0.980787 -0.19508 0
    outer loop
      vertex -44.615 -5.87368 12
      vertex -43.4667 -11.6469 0
      vertex -43.4667 -11.6469 12
    endloop
  endfacet
  facet normal 0.321442 -0.946929 0
    outer loop
      vertex 11.6469 -43.4667 0
      vertex 17.2208 -41.5746 12
      vertex 11.6469 -43.4667 12
    endloop
  endfacet
  facet normal 0.321442 -0.946929 0
    outer loop
      vertex 17.2208 -41.5746 12
      vertex 11.6469 -43.4667 0
      vertex 17.2208 -41.5746 0
    endloop
  endfacet
  facet normal -0.896867 0.442301 0
    outer loop
      vertex -41.5746 17.2208 0
      vertex -38.9711 22.5 12
      vertex -38.9711 22.5 0
    endloop
  endfacet
  facet normal -0.896867 0.442301 0
    outer loop
      vertex -38.9711 22.5 12
      vertex -41.5746 17.2208 0
      vertex -41.5746 17.2208 12
    endloop
  endfacet
  facet normal 0.751836 0.65935 0
    outer loop
      vertex 35.7009 27.3943 12
      vertex 31.8198 31.8198 0
      vertex 31.8198 31.8198 12
    endloop
  endfacet
  facet normal 0.751836 0.65935 0
    outer loop
      vertex 31.8198 31.8198 0
      vertex 35.7009 27.3943 12
      vertex 35.7009 27.3943 0
    endloop
  endfacet
  facet normal -0.997859 0.0654063 0
    outer loop
      vertex -45 0 0
      vertex -44.615 5.87368 12
      vertex -44.615 5.87368 0
    endloop
  endfacet
  facet normal -0.997859 0.0654063 0
    outer loop
      vertex -44.615 5.87368 12
      vertex -45 0 0
      vertex -45 0 12
    endloop
  endfacet
  facet normal 0.751836 -0.65935 0
    outer loop
      vertex 31.8198 -31.8198 12
      vertex 35.7009 -27.3943 0
      vertex 35.7009 -27.3943 12
    endloop
  endfacet
  facet normal 0.751836 -0.65935 0
    outer loop
      vertex 35.7009 -27.3943 0
      vertex 31.8198 -31.8198 12
      vertex 31.8198 -31.8198 0
    endloop
  endfacet
  facet normal -0.751836 0.65935 0
    outer loop
      vertex -35.7009 27.3943 0
      vertex -31.8198 31.8198 12
      vertex -31.8198 31.8198 0
    endloop
  endfacet
  facet normal -0.751836 0.65935 0
    outer loop
      vertex -31.8198 31.8198 12
      vertex -35.7009 27.3943 0
      vertex -35.7009 27.3943 12
    endloop
  endfacet
  facet normal -0.321442 0.946929 0
    outer loop
      vertex -11.6469 43.4667 0
      vertex -17.2208 41.5746 12
      vertex -11.6469 43.4667 12
    endloop
  endfacet
  facet normal -0.321442 0.946929 0
    outer loop
      vertex -17.2208 41.5746 12
      vertex -11.6469 43.4667 0
      vertex -17.2208 41.5746 0
    endloop
  endfacet
  facet normal -0.65935 0.751836 0
    outer loop
      vertex -27.3943 35.7009 0
      vertex -31.8198 31.8198 12
      vertex -27.3943 35.7009 12
    endloop
  endfacet
  facet normal -0.65935 0.751836 0
    outer loop
      vertex -31.8198 31.8198 12
      vertex -27.3943 35.7009 0
      vertex -31.8198 31.8198 0
    endloop
  endfacet
  facet normal 0.0654063 -0.997859 0
    outer loop
      vertex 0 -45 0
      vertex 5.87368 -44.615 12
      vertex 0 -45 12
    endloop
  endfacet
  facet normal 0.0654063 -0.997859 0
    outer loop
      vertex 5.87368 -44.615 12
      vertex 0 -45 0
      vertex 5.87368 -44.615 0
    endloop
  endfacet
  facet normal 0.442301 -0.896867 0
    outer loop
      vertex 17.2208 -41.5746 0
      vertex 22.5 -38.9711 12
      vertex 17.2208 -41.5746 12
    endloop
  endfacet
  facet normal 0.442301 -0.896867 0
    outer loop
      vertex 22.5 -38.9711 12
      vertex 17.2208 -41.5746 0
      vertex 22.5 -38.9711 0
    endloop
  endfacet
  facet normal -0.997859 -0.0654063 0
    outer loop
      vertex -44.615 -5.87368 0
      vertex -45 0 12
      vertex -45 0 0
    endloop
  endfacet
  facet normal -0.997859 -0.0654063 0
    outer loop
      vertex -45 0 12
      vertex -44.615 -5.87368 0
      vertex -44.615 -5.87368 12
    endloop
  endfacet
  facet normal 0.946929 0.321442 0
    outer loop
      vertex 43.4667 11.6469 12
      vertex 41.5746 17.2208 0
      vertex 41.5746 17.2208 12
    endloop
  endfacet
  facet normal 0.946929 0.321442 0
    outer loop
      vertex 41.5746 17.2208 0
      vertex 43.4667 11.6469 12
      vertex 43.4667 11.6469 0
    endloop
  endfacet
  facet normal -0.946929 -0.321442 0
    outer loop
      vertex -41.5746 -17.2208 0
      vertex -43.4667 -11.6469 12
      vertex -43.4667 -11.6469 0
    endloop
  endfacet
  facet normal -0.946929 -0.321442 0
    outer loop
      vertex -43.4667 -11.6469 12
      vertex -41.5746 -17.2208 0
      vertex -41.5746 -17.2208 12
    endloop
  endfacet
  facet normal 0.555562 0.831475 -0
    outer loop
      vertex 27.3943 35.7009 0
      vertex 22.5 38.9711 12
      vertex 27.3943 35.7009 12
    endloop
  endfacet
  facet normal 0.555562 0.831475 0
    outer loop
      vertex 22.5 38.9711 12
      vertex 27.3943 35.7009 0
      vertex 22.5 38.9711 0
    endloop
  endfacet
  facet normal 0.19508 -0.980787 0
    outer loop
      vertex 5.87368 -44.615 0
      vertex 11.6469 -43.4667 12
      vertex 5.87368 -44.615 12
    endloop
  endfacet
  facet normal 0.19508 -0.980787 0
    outer loop
      vertex 11.6469 -43.4667 12
      vertex 5.87368 -44.615 0
      vertex 11.6469 -43.4667 0
    endloop
  endfacet
  facet normal 0.831475 0.555562 0
    outer loop
      vertex 38.9711 22.5 12
      vertex 35.7009 27.3943 0
      vertex 35.7009 27.3943 12
    endloop
  endfacet
  facet normal 0.831475 0.555562 0
    outer loop
      vertex 35.7009 27.3943 0
      vertex 38.9711 22.5 12
      vertex 38.9711 22.5 0
    endloop
  endfacet
  facet normal 0.442301 0.896867 -0
    outer loop
      vertex 22.5 38.9711 0
      vertex 17.2208 41.5746 12
      vertex 22.5 38.9711 12
    endloop
  endfacet
  facet normal 0.442301 0.896867 0
    outer loop
      vertex 17.2208 41.5746 12
      vertex 22.5 38.9711 0
      vertex 17.2208 41.5746 0
    endloop
  endfacet
  facet normal 0.0654063 0.997859 -0
    outer loop
      vertex 5.87368 44.615 0
      vertex 0 45 12
      vertex 5.87368 44.615 12
    endloop
  endfacet
  facet normal 0.0654063 0.997859 0
    outer loop
      vertex 0 45 12
      vertex 5.87368 44.615 0
      vertex 0 45 0
    endloop
  endfacet
  facet normal 0.946929 -0.321442 0
    outer loop
      vertex 41.5746 -17.2208 12
      vertex 43.4667 -11.6469 0
      vertex 43.4667 -11.6469 12
    endloop
  endfacet
  facet normal 0.946929 -0.321442 0
    outer loop
      vertex 43.4667 -11.6469 0
      vertex 41.5746 -17.2208 12
      vertex 41.5746 -17.2208 0
    endloop
  endfacet
  facet normal 0.831475 -0.555562 0
    outer loop
      vertex 35.7009 -27.3943 12
      vertex 38.9711 -22.5 0
      vertex 38.9711 -22.5 12
    endloop
  endfacet
  facet normal 0.831475 -0.555562 0
    outer loop
      vertex 38.9711 -22.5 0
      vertex 35.7009 -27.3943 12
      vertex 35.7009 -27.3943 0
    endloop
  endfacet
  facet normal 0.997859 -0.0654063 0
    outer loop
      vertex 44.615 -5.87368 12
      vertex 45 0 0
      vertex 45 0 12
    endloop
  endfacet
  facet normal 0.997859 -0.0654063 0
    outer loop
      vertex 45 0 0
      vertex 44.615 -5.87368 12
      vertex 44.615 -5.87368 0
    endloop
  endfacet
  facet normal -0.442301 0.896867 0
    outer loop
      vertex -17.2208 41.5746 0
      vertex -22.5 38.9711 12
      vertex -17.2208 41.5746 12
    endloop
  endfacet
  facet normal -0.442301 0.896867 0
    outer loop
      vertex -22.5 38.9711 12
      vertex -17.2208 41.5746 0
      vertex -22.5 38.9711 0
    endloop
  endfacet
  facet normal -0.0654063 0.997859 0
    outer loop
      vertex 0 45 0
      vertex -5.87368 44.615 12
      vertex 0 45 12
    endloop
  endfacet
  facet normal -0.0654063 0.997859 0
    outer loop
      vertex -5.87368 44.615 12
      vertex 0 45 0
      vertex -5.87368 44.615 0
    endloop
  endfacet
  facet normal -0.555562 0.831475 0
    outer loop
      vertex -22.5 38.9711 0
      vertex -27.3943 35.7009 12
      vertex -22.5 38.9711 12
    endloop
  endfacet
  facet normal -0.555562 0.831475 0
    outer loop
      vertex -27.3943 35.7009 12
      vertex -22.5 38.9711 0
      vertex -27.3943 35.7009 0
    endloop
  endfacet
  facet normal 0 0 -1
    outer loop
      vertex 3 0 0
      vertex 45 0 0
      vertex 44.615 -5.87368 0
    endloop
  endfacet
  facet normal 0 0 -1
    outer loop
      vertex 2.97433 -0.391578 0
      vertex 44.615 -5.87368 0
      vertex 43.4667 -11.6469 0
    endloop
  endfacet
  facet normal 0 0 -1
    outer loop
      vertex 45 0 0
      vertex 3 0 0
      vertex 44.615 5.87368 0
    endloop
  endfacet
  facet normal 0 0 -1
    outer loop
      vertex 2.89778 -0.776457 0
      vertex 43.4667 -11.6469 0
      vertex 41.5746 -17.2208 0
    endloop
  endfacet
  facet normal 0 0 -1
    outer loop
      vertex 2.97433 0.391578 0
      vertex 44.615 5.87368 0
      vertex 3 0 0
    endloop
  endfacet
  facet normal 0 0 -1
    outer loop
      vertex 2.77164 -1.14805 0
      vertex 41.5746 -17.2208 0
      vertex 38.9711 -22.5 0
    endloop
  endfacet
  facet normal -0 0 -1
    outer loop
      vertex 44.615 5.87368 0
      vertex 2.97433 0.391578 0
      vertex 43.4667 11.6469 0
    endloop
  endfacet
  facet normal 0 0 -1
    outer loop
      vertex 2.59808 -1.5 0
      vertex 38.9711 -22.5 0
      vertex 35.7009 -27.3943 0
    endloop
  endfacet
  facet normal 0 0 -1
    outer loop
      vertex 2.89778 0.776457 0
      vertex 43.4667 11.6469 0
      vertex 2.97433 0.391578 0
    endloop
  endfacet
  facet normal 0 0 -1
    outer loop
      vertex 2.38006 -1.82628 0
      vertex 35.7009 -27.3943 0
      vertex 31.8198 -31.8198 0
    endloop
  endfacet
  facet normal -0 0 -1
    outer loop
      vertex 43.4667 11.6469 0
      vertex 2.89778 0.776457 0
      vertex 41.5746 17.2208 0
    endloop
  endfacet
  facet normal 0 0 -1
    outer loop
      vertex 2.12132 -2.12132 0
      vertex 31.8198 -31.8198 0
      vertex 27.3943 -35.7009 0
    endloop
  endfacet
  facet normal 0 0 -1
    outer loop
      vertex 2.77164 1.14805 0
      vertex 41.5746 17.2208 0
      vertex 2.89778 0.776457 0
    endloop
  endfacet
  facet normal 0 0 -1
    outer loop
      vertex 1.82628 -2.38006 0
      vertex 27.3943 -35.7009 0
      vertex 22.5 -38.9711 0
    endloop
  endfacet
  facet normal -0 0 -1
    outer loop
      vertex 41.5746 17.2208 0
      vertex 2.77164 1.14805 0
      vertex 38.9711 22.5 0
    endloop
  endfacet
  facet normal 0 0 -1
    outer loop
      vertex 1.5 -2.59808 0
      vertex 22.5 -38.9711 0
      vertex 17.2208 -41.5746 0
    endloop
  endfacet
  facet normal 0 0 -1
    outer loop
      vertex 2.59808 1.5 0
      vertex 38.9711 22.5 0
      vertex 2.77164 1.14805 0
    endloop
  endfacet
  facet normal 0 0 -1
    outer loop
      vertex 1.14805 -2.77164 0
      vertex 17.2208 -41.5746 0
      vertex 11.6469 -43.4667 0
    endloop
  endfacet
  facet normal -0 0 -1
    outer loop
      vertex 38.9711 22.5 0
      vertex 2.59808 1.5 0
      vertex 35.7009 27.3943 0
    endloop
  endfacet
  facet normal 0 0 -1
    outer loop
      vertex 0.776457 -2.89778 0
      vertex 11.6469 -43.4667 0
      vertex 5.87368 -44.615 0
    endloop
  endfacet
  facet normal 0 0 -1
    outer loop
      vertex 2.38006 1.82628 0
      vertex 35.7009 27.3943 0
      vertex 2.59808 1.5 0
    endloop
  endfacet
  facet normal -0 0 -1
    outer loop
      vertex 35.7009 27.3943 0
      vertex 2.38006 1.82628 0
      vertex 31.8198 31.8198 0
    endloop
  endfacet
  facet normal 0 0 -1
    outer loop
      vertex 44.615 -5.87368 0
      vertex 2.97433 -0.391578 0
      vertex 3 0 0
    endloop
  endfacet
  facet normal 0 0 -1
    outer loop
      vertex 43.4667 -11.6469 0
      vertex 2.89778 -0.776457 0
      vertex 2.97433 -0.391578 0
    endloop
  endfacet
  facet normal 0 0 -1
    outer loop
      vertex 41.5746 -17.2208 0
      vertex 2.77164 -1.14805 0
      vertex 2.89778 -0.776457 0
    endloop
  endfacet
  facet normal 0 0 -1
    outer loop
      vertex 38.9711 -22.5 0
      vertex 2.59808 -1.5 0
      vertex 2.77164 -1.14805 0
    endloop
  endfacet
  facet normal 0 0 -1
    outer loop
      vertex 35.7009 -27.3943 0
      vertex 2.38006 -1.82628 0
      vertex 2.59808 -1.5 0
    endloop
  endfacet
  facet normal 0 0 -1
    outer loop
      vertex 31.8198 -31.8198 0
      vertex 2.12132 -2.12132 0
      vertex 2.38006 -1.82628 0
    endloop
  endfacet
  facet normal 0 0 -1
    outer loop
      vertex 27.3943 -35.7009 0
      vertex 1.82628 -2.38006 0
      vertex 2.12132 -2.12132 0
    endloop
  endfacet
  facet normal 0 0 -1
    outer loop
      vertex 22.5 -38.9711 0
      vertex 1.5 -2.59808 0
      vertex 1.82628 -2.38006 0
    endloop
  endfacet
  facet normal 0 0 -1
    outer loop
      vertex 17.2208 -41.5746 0
      vertex 1.14805 -2.77164 0
      vertex 1.5 -2.59808 0
    endloop
  endfacet
  facet normal 0 0 -1
    outer loop
      vertex 11.6469 -43.4667 0
      vertex 0.776457 -2.89778 0
      vertex 1.14805 -2.77164 0
    endloop
  endfacet
  facet normal 0 0 -1
    outer loop
      vertex 5.87368 -44.615 0
      vertex 0.391578 -2.97433 0
      vertex 0.776457 -2.89778 0
    endloop
  endfacet
  facet normal 0 0 -1
    outer loop
      vertex 0 -45 0
      vertex 0.391578 -2.97433 0
      vertex 5.87368 -44.615 0
    endloop
  endfacet
  facet normal 0 0 -1
    outer loop
      vertex 0 -45 0
      vertex 0 -3 0
      vertex 0.391578 -2.97433 0
    endloop
  endfacet
  facet normal 0 0 -1
    outer loop
      vertex 0 -45 0
      vertex -0.391578 -2.97433 0
      vertex 0 -3 0
    endloop
  endfacet
  facet normal 0 0 -1
    outer loop
      vertex -5.87368 -44.615 0
      vertex -0.391578 -2.97433 0
      vertex 0 -45 0
    endloop
  endfacet
  facet normal -0 0 -1
    outer loop
      vertex -0.391578 -2.97433 0
      vertex -5.87368 -44.615 0
      vertex -0.776457 -2.89778 0
    endloop
  endfacet
  facet normal 0 0 -1
    outer loop
      vertex -11.6469 -43.4667 0
      vertex -0.776457 -2.89778 0
      vertex -5.87368 -44.615 0
    endloop
  endfacet
  facet normal -0 0 -1
    outer loop
      vertex -0.776457 -2.89778 0
      vertex -11.6469 -43.4667 0
      vertex -1.14805 -2.77164 0
    endloop
  endfacet
  facet normal 0 0 -1
    outer loop
      vertex -17.2208 -41.5746 0
      vertex -1.14805 -2.77164 0
      vertex -11.6469 -43.4667 0
    endloop
  endfacet
  facet normal -0 0 -1
    outer loop
      vertex -1.14805 -2.77164 0
      vertex -17.2208 -41.5746 0
      vertex -1.5 -2.59808 0
    endloop
  endfacet
  facet normal 0 0 -1
    outer loop
      vertex -22.5 -38.9711 0
      vertex -1.5 -2.59808 0
      vertex -17.2208 -41.5746 0
    endloop
  endfacet
  facet normal -0 0 -1
    outer loop
      vertex -1.5 -2.59808 0
      vertex -22.5 -38.9711 0
      vertex -1.82628 -2.38006 0
    endloop
  endfacet
  facet normal 0 0 -1
    outer loop
      vertex -27.3943 -35.7009 0
      vertex -1.82628 -2.38006 0
      vertex -22.5 -38.9711 0
    endloop
  endfacet
  facet normal -0 0 -1
    outer loop
      vertex -1.82628 -2.38006 0
      vertex -27.3943 -35.7009 0
      vertex -2.12132 -2.12132 0
    endloop
  endfacet
  facet normal -0 0 -1
    outer loop
      vertex -2.12132 -2.12132 0
      vertex -31.8198 -31.8198 0
      vertex -2.38006 -1.82628 0
    endloop
  endfacet
  facet normal 0 0 -1
    outer loop
      vertex -31.8198 -31.8198 0
      vertex -2.12132 -2.12132 0
      vertex -27.3943 -35.7009 0
    endloop
  endfacet
  facet normal 0 0 -1
    outer loop
      vertex 2.12132 2.12132 0
      vertex 31.8198 31.8198 0
      vertex 2.38006 1.82628 0
    endloop
  endfacet
  facet normal -0 0 -1
    outer loop
      vertex 31.8198 31.8198 0
      vertex 2.12132 2.12132 0
      vertex 27.3943 35.7009 0
    endloop
  endfacet
  facet normal 0 0 -1
    outer loop
      vertex 1.82628 2.38006 0
      vertex 27.3943 35.7009 0
      vertex 2.12132 2.12132 0
    endloop
  endfacet
  facet normal -0 0 -1
    outer loop
      vertex 27.3943 35.7009 0
      vertex 1.82628 2.38006 0
      vertex 22.5 38.9711 0
    endloop
  endfacet
  facet normal 0 0 -1
    outer loop
      vertex 1.5 2.59808 0
      vertex 22.5 38.9711 0
      vertex 1.82628 2.38006 0
    endloop
  endfacet
  facet normal -0 0 -1
    outer loop
      vertex 22.5 38.9711 0
      vertex 1.5 2.59808 0
      vertex 17.2208 41.5746 0
    endloop
  endfacet
  facet normal 0 0 -1
    outer loop
      vertex 1.14805 2.77164 0
      vertex 17.2208 41.5746 0
      vertex 1.5 2.59808 0
    endloop
  endfacet
  facet normal -0 0 -1
    outer loop
      vertex 17.2208 41.5746 0
      vertex 1.14805 2.77164 0
      vertex 11.6469 43.4667 0
    endloop
  endfacet
  facet normal 0 0 -1
    outer loop
      vertex 0.776457 2.89778 0
      vertex 11.6469 43.4667 0
      vertex 1.14805 2.77164 0
    endloop
  endfacet
  facet normal -0 0 -1
    outer loop
      vertex 11.6469 43.4667 0
      vertex 0.776457 2.89778 0
      vertex 5.87368 44.615 0
    endloop
  endfacet
  facet normal 0 0 -1
    outer loop
      vertex 0.391578 2.97433 0
      vertex 5.87368 44.615 0
      vertex 0.776457 2.89778 0
    endloop
  endfacet
  facet normal 0 0 -1
    outer loop
      vertex 0 3 0
      vertex 5.87368 44.615 0
      vertex 0.391578 2.97433 0
    endloop
  endfacet
  facet normal 0 0 -1
    outer loop
      vertex 0 3 0
      vertex 0 45 0
      vertex 5.87368 44.615 0
    endloop
  endfacet
  facet normal 0 0 -1
    outer loop
      vertex -0.391578 2.97433 0
      vertex 0 45 0
      vertex 0 3 0
    endloop
  endfacet
  facet normal 0 0 -1
    outer loop
      vertex -5.87368 44.615 0
      vertex -0.391578 2.97433 0
      vertex -0.776457 2.89778 0
    endloop
  endfacet
  facet normal 0 0 -1
    outer loop
      vertex -11.6469 43.4667 0
      vertex -0.776457 2.89778 0
      vertex -1.14805 2.77164 0
    endloop
  endfacet
  facet normal 0 0 -1
    outer loop
      vertex -17.2208 41.5746 0
      vertex -1.14805 2.77164 0
      vertex -1.5 2.59808 0
    endloop
  endfacet
  facet normal 0 0 -1
    outer loop
      vertex -22.5 38.9711 0
      vertex -1.5 2.59808 0
      vertex -1.82628 2.38006 0
    endloop
  endfacet
  facet normal 0 0 -1
    outer loop
      vertex -27.3943 35.7009 0
      vertex -1.82628 2.38006 0
      vertex -2.12132 2.12132 0
    endloop
  endfacet
  facet normal 0 0 -1
    outer loop
      vertex -31.8198 31.8198 0
      vertex -2.12132 2.12132 0
      vertex -2.38006 1.82628 0
    endloop
  endfacet
  facet normal 0 0 -1
    outer loop
      vertex -35.7009 27.3943 0
      vertex -2.38006 1.82628 0
      vertex -2.59808 1.5 0
    endloop
  endfacet
  facet normal 0 0 -1
    outer loop
      vertex -38.9711 22.5 0
      vertex -2.59808 1.5 0
      vertex -2.77164 1.14805 0
    endloop
  endfacet
  facet normal 0 0 -1
    outer loop
      vertex -41.5746 17.2208 0
      vertex -2.77164 1.14805 0
      vertex -2.89778 0.776457 0
    endloop
  endfacet
  facet normal 0 0 -1
    outer loop
      vertex -43.4667 11.6469 0
      vertex -2.89778 0.776457 0
      vertex -2.97433 0.391578 0
    endloop
  endfacet
  facet normal 0 0 -1
    outer loop
      vertex -0.391578 2.97433 0
      vertex -5.87368 44.615 0
      vertex 0 45 0
    endloop
  endfacet
  facet normal 0 0 -1
    outer loop
      vertex -44.615 5.87368 0
      vertex -2.97433 0.391578 0
      vertex -3 0 0
    endloop
  endfacet
  facet normal 0 0 -1
    outer loop
      vertex -35.7009 -27.3943 0
      vertex -2.38006 -1.82628 0
      vertex -31.8198 -31.8198 0
    endloop
  endfacet
  facet normal -0 0 -1
    outer loop
      vertex -2.38006 -1.82628 0
      vertex -35.7009 -27.3943 0
      vertex -2.59808 -1.5 0
    endloop
  endfacet
  facet normal 0 0 -1
    outer loop
      vertex -0.776457 2.89778 0
      vertex -11.6469 43.4667 0
      vertex -5.87368 44.615 0
    endloop
  endfacet
  facet normal 0 0 -1
    outer loop
      vertex -38.9711 -22.5 0
      vertex -2.59808 -1.5 0
      vertex -35.7009 -27.3943 0
    endloop
  endfacet
  facet normal 0 0 -1
    outer loop
      vertex -1.14805 2.77164 0
      vertex -17.2208 41.5746 0
      vertex -11.6469 43.4667 0
    endloop
  endfacet
  facet normal -0 0 -1
    outer loop
      vertex -2.59808 -1.5 0
      vertex -38.9711 -22.5 0
      vertex -2.77164 -1.14805 0
    endloop
  endfacet
  facet normal 0 0 -1
    outer loop
      vertex -1.5 2.59808 0
      vertex -22.5 38.9711 0
      vertex -17.2208 41.5746 0
    endloop
  endfacet
  facet normal 0 0 -1
    outer loop
      vertex -41.5746 -17.2208 0
      vertex -2.77164 -1.14805 0
      vertex -38.9711 -22.5 0
    endloop
  endfacet
  facet normal 0 0 -1
    outer loop
      vertex -1.82628 2.38006 0
      vertex -27.3943 35.7009 0
      vertex -22.5 38.9711 0
    endloop
  endfacet
  facet normal -0 0 -1
    outer loop
      vertex -2.77164 -1.14805 0
      vertex -41.5746 -17.2208 0
      vertex -2.89778 -0.776457 0
    endloop
  endfacet
  facet normal 0 0 -1
    outer loop
      vertex -2.12132 2.12132 0
      vertex -31.8198 31.8198 0
      vertex -27.3943 35.7009 0
    endloop
  endfacet
  facet normal 0 0 -1
    outer loop
      vertex -43.4667 -11.6469 0
      vertex -2.89778 -0.776457 0
      vertex -41.5746 -17.2208 0
    endloop
  endfacet
  facet normal 0 0 -1
    outer loop
      vertex -2.38006 1.82628 0
      vertex -35.7009 27.3943 0
      vertex -31.8198 31.8198 0
    endloop
  endfacet
  facet normal -0 0 -1
    outer loop
      vertex -2.89778 -0.776457 0
      vertex -43.4667 -11.6469 0
      vertex -2.97433 -0.391578 0
    endloop
  endfacet
  facet normal 0 0 -1
    outer loop
      vertex -2.59808 1.5 0
      vertex -38.9711 22.5 0
      vertex -35.7009 27.3943 0
    endloop
  endfacet
  facet normal 0 0 -1
    outer loop
      vertex -44.615 -5.87368 0
      vertex -2.97433 -0.391578 0
      vertex -43.4667 -11.6469 0
    endloop
  endfacet
  facet normal 0 0 -1
    outer loop
      vertex -2.77164 1.14805 0
      vertex -41.5746 17.2208 0
      vertex -38.9711 22.5 0
    endloop
  endfacet
  facet normal -0 0 -1
    outer loop
      vertex -2.97433 -0.391578 0
      vertex -44.615 -5.87368 0
      vertex -3 0 0
    endloop
  endfacet
  facet normal 0 0 -1
    outer loop
      vertex -2.89778 0.776457 0
      vertex -43.4667 11.6469 0
      vertex -41.5746 17.2208 0
    endloop
  endfacet
  facet normal 0 0 -1
    outer loop
      vertex -45 0 0
      vertex -3 0 0
      vertex -44.615 -5.87368 0
    endloop
  endfacet
  facet normal 0 0 -1
    outer loop
      vertex -2.97433 0.391578 0
      vertex -44.615 5.87368 0
      vertex -43.4667 11.6469 0
    endloop
  endfacet
  facet normal 0 0 -1
    outer loop
      vertex -3 0 0
      vertex -45 0 0
      vertex -44.615 5.87368 0
    endloop
  endfacet
  facet normal 0.896867 -0.442301 0
    outer loop
      vertex 38.9711 -22.5 12
      vertex 41.5746 -17.2208 0
      vertex 41.5746 -17.2208 12
    endloop
  endfacet
  facet normal 0.896867 -0.442301 0
    outer loop
      vertex 41.5746 -17.2208 0
      vertex 38.9711 -22.5 12
      vertex 38.9711 -22.5 0
    endloop
  endfacet
  facet normal -0.442301 -0.896867 0
    outer loop
      vertex -22.5 -38.9711 0
      vertex -17.2208 -41.5746 12
      vertex -22.5 -38.9711 12
    endloop
  endfacet
  facet normal -0.442301 -0.896867 -0
    outer loop
      vertex -17.2208 -41.5746 12
      vertex -22.5 -38.9711 0
      vertex -17.2208 -41.5746 0
    endloop
  endfacet
  facet normal -0.19508 -0.980787 0
    outer loop
      vertex -11.6469 -43.4667 0
      vertex -5.87368 -44.615 12
      vertex -11.6469 -43.4667 12
    endloop
  endfacet
  facet normal -0.19508 -0.980787 -0
    outer loop
      vertex -5.87368 -44.615 12
      vertex -11.6469 -43.4667 0
      vertex -5.87368 -44.615 0
    endloop
  endfacet
  facet normal -0.980787 0.19508 0
    outer loop
      vertex -44.615 5.87368 0
      vertex -43.4667 11.6469 12
      vertex -43.4667 11.6469 0
    endloop
  endfacet
  facet normal -0.980787 0.19508 0
    outer loop
      vertex -43.4667 11.6469 12
      vertex -44.615 5.87368 0
      vertex -44.615 5.87368 12
    endloop
  endfacet
  facet normal -0.65935 -0.751836 0
    outer loop
      vertex -31.8198 -31.8198 0
      vertex -27.3943 -35.7009 12
      vertex -31.8198 -31.8198 12
    endloop
  endfacet
  facet normal -0.65935 -0.751836 -0
    outer loop
      vertex -27.3943 -35.7009 12
      vertex -31.8198 -31.8198 0
      vertex -27.3943 -35.7009 0
    endloop
  endfacet
  facet normal -0.896867 -0.442301 0
    outer loop
      vertex -38.9711 -22.5 0
      vertex -41.5746 -17.2208 12
      vertex -41.5746 -17.2208 0
    endloop
  endfacet
  facet normal -0.896867 -0.442301 0
    outer loop
      vertex -41.5746 -17.2208 12
      vertex -38.9711 -22.5 0
      vertex -38.9711 -22.5 12
    endloop
  endfacet
  facet normal -0.831475 -0.555562 0
    outer loop
      vertex -35.7009 -27.3943 0
      vertex -38.9711 -22.5 12
      vertex -38.9711 -22.5 0
    endloop
  endfacet
  facet normal -0.831475 -0.555562 0
    outer loop
      vertex -38.9711 -22.5 12
      vertex -35.7009 -27.3943 0
      vertex -35.7009 -27.3943 12
    endloop
  endfacet
  facet normal 0.19508 0.980787 -0
    outer loop
      vertex 11.6469 43.4667 0
      vertex 5.87368 44.615 12
      vertex 11.6469 43.4667 12
    endloop
  endfacet
  facet normal 0.19508 0.980787 0
    outer loop
      vertex 5.87368 44.615 12
      vertex 11.6469 43.4667 0
      vertex 5.87368 44.615 0
    endloop
  endfacet
  facet normal 0.321442 0.946929 -0
    outer loop
      vertex 17.2208 41.5746 0
      vertex 11.6469 43.4667 12
      vertex 17.2208 41.5746 12
    endloop
  endfacet
  facet normal 0.321442 0.946929 0
    outer loop
      vertex 11.6469 43.4667 12
      vertex 17.2208 41.5746 0
      vertex 11.6469 43.4667 0
    endloop
  endfacet
  facet normal 0.896867 0.442301 0
    outer loop
      vertex 41.5746 17.2208 12
      vertex 38.9711 22.5 0
      vertex 38.9711 22.5 12
    endloop
  endfacet
  facet normal 0.896867 0.442301 0
    outer loop
      vertex 38.9711 22.5 0
      vertex 41.5746 17.2208 12
      vertex 41.5746 17.2208 0
    endloop
  endfacet
  facet normal 0.65935 0.751836 -0
    outer loop
      vertex 31.8198 31.8198 0
      vertex 27.3943 35.7009 12
      vertex 31.8198 31.8198 12
    endloop
  endfacet
  facet normal 0.65935 0.751836 0
    outer loop
      vertex 27.3943 35.7009 12
      vertex 31.8198 31.8198 0
      vertex 27.3943 35.7009 0
    endloop
  endfacet
  facet normal -0.831475 0.555562 0
    outer loop
      vertex -38.9711 22.5 0
      vertex -35.7009 27.3943 12
      vertex -35.7009 27.3943 0
    endloop
  endfacet
  facet normal -0.831475 0.555562 0
    outer loop
      vertex -35.7009 27.3943 12
      vertex -38.9711 22.5 0
      vertex -38.9711 22.5 12
    endloop
  endfacet
  facet normal -0.946929 0.321442 0
    outer loop
      vertex -43.4667 11.6469 0
      vertex -41.5746 17.2208 12
      vertex -41.5746 17.2208 0
    endloop
  endfacet
  facet normal -0.946929 0.321442 0
    outer loop
      vertex -41.5746 17.2208 12
      vertex -43.4667 11.6469 0
      vertex -43.4667 11.6469 12
    endloop
  endfacet
  facet normal -0.751836 -0.65935 0
    outer loop
      vertex -31.8198 -31.8198 0
      vertex -35.7009 -27.3943 12
      vertex -35.7009 -27.3943 0
    endloop
  endfacet
  facet normal -0.751836 -0.65935 0
    outer loop
      vertex -35.7009 -27.3943 12
      vertex -31.8198 -31.8198 0
      vertex -31.8198 -31.8198 12
    endloop
  endfacet
  facet normal 0 0 1
    outer loop
      vertex 10 0 12
      vertex 45 0 12
      vertex 44.615 5.87368 12
    endloop
  endfacet
  facet normal 0 0 1
    outer loop
      vertex 9.91445 1.30526 12
      vertex 44.615 5.87368 12
      vertex 43.4667 11.6469 12
    endloop
  endfacet
  facet normal 0 0 1
    outer loop
      vertex 45 0 12
      vertex 10 0 12
      vertex 44.615 -5.87368 12
    endloop
  endfacet
  facet normal 0 0 1
    outer loop
      vertex 9.65926 2.58819 12
      vertex 43.4667 11.6469 12
      vertex 41.5746 17.2208 12
    endloop
  endfacet
  facet normal -0 0 1
    outer loop
      vertex 9.91445 -1.30526 12
      vertex 44.615 -5.87368 12
      vertex 10 0 12
    endloop
  endfacet
  facet normal 0 0 1
    outer loop
      vertex 9.2388 3.82683 12
      vertex 41.5746 17.2208 12
      vertex 38.9711 22.5 12
    endloop
  endfacet
  facet normal 0 0 1
    outer loop
      vertex 44.615 -5.87368 12
      vertex 9.91445 -1.30526 12
      vertex 43.4667 -11.6469 12
    endloop
  endfacet
  facet normal 0 0 1
    outer loop
      vertex 8.66025 5 12
      vertex 38.9711 22.5 12
      vertex 35.7009 27.3943 12
    endloop
  endfacet
  facet normal -0 0 1
    outer loop
      vertex 9.65926 -2.58819 12
      vertex 43.4667 -11.6469 12
      vertex 9.91445 -1.30526 12
    endloop
  endfacet
  facet normal 0 0 1
    outer loop
      vertex 7.93353 6.08761 12
      vertex 35.7009 27.3943 12
      vertex 31.8198 31.8198 12
    endloop
  endfacet
  facet normal 0 0 1
    outer loop
      vertex 43.4667 -11.6469 12
      vertex 9.65926 -2.58819 12
      vertex 41.5746 -17.2208 12
    endloop
  endfacet
  facet normal 0 0 1
    outer loop
      vertex 7.07107 7.07107 12
      vertex 31.8198 31.8198 12
      vertex 27.3943 35.7009 12
    endloop
  endfacet
  facet normal -0 0 1
    outer loop
      vertex 9.2388 -3.82683 12
      vertex 41.5746 -17.2208 12
      vertex 9.65926 -2.58819 12
    endloop
  endfacet
  facet normal 0 0 1
    outer loop
      vertex 6.08761 7.93353 12
      vertex 27.3943 35.7009 12
      vertex 22.5 38.9711 12
    endloop
  endfacet
  facet normal 0 0 1
    outer loop
      vertex 41.5746 -17.2208 12
      vertex 9.2388 -3.82683 12
      vertex 38.9711 -22.5 12
    endloop
  endfacet
  facet normal 0 0 1
    outer loop
      vertex 5 8.66025 12
      vertex 22.5 38.9711 12
      vertex 17.2208 41.5746 12
    endloop
  endfacet
  facet normal -0 0 1
    outer loop
      vertex 8.66025 -5 12
      vertex 38.9711 -22.5 12
      vertex 9.2388 -3.82683 12
    endloop
  endfacet
  facet normal 0 0 1
    outer loop
      vertex 3.82683 9.2388 12
      vertex 17.2208 41.5746 12
      vertex 11.6469 43.4667 12
    endloop
  endfacet
  facet normal 0 0 1
    outer loop
      vertex 38.9711 -22.5 12
      vertex 8.66025 -5 12
      vertex 35.7009 -27.3943 12
    endloop
  endfacet
  facet normal -0 0 1
    outer loop
      vertex 7.93353 -6.08761 12
      vertex 35.7009 -27.3943 12
      vertex 8.66025 -5 12
    endloop
  endfacet
  facet normal 0 0 1
    outer loop
      vertex 44.615 5.87368 12
      vertex 9.91445 1.30526 12
      vertex 10 0 12
    endloop
  endfacet
  facet normal 0 0 1
    outer loop
      vertex 43.4667 11.6469 12
      vertex 9.65926 2.58819 12
      vertex 9.91445 1.30526 12
    endloop
  endfacet
  facet normal 0 0 1
    outer loop
      vertex 41.5746 17.2208 12
      vertex 9.2388 3.82683 12
      vertex 9.65926 2.58819 12
    endloop
  endfacet
  facet normal 0 0 1
    outer loop
      vertex 38.9711 22.5 12
      vertex 8.66025 5 12
      vertex 9.2388 3.82683 12
    endloop
  endfacet
  facet normal 0 0 1
    outer loop
      vertex 35.7009 27.3943 12
      vertex 7.93353 6.08761 12
      vertex 8.66025 5 12
    endloop
  endfacet
  facet normal 0 0 1
    outer loop
      vertex 31.8198 31.8198 12
      vertex 7.07107 7.07107 12
      vertex 7.93353 6.08761 12
    endloop
  endfacet
  facet normal 0 0 1
    outer loop
      vertex 27.3943 35.7009 12
      vertex 6.08761 7.93353 12
      vertex 7.07107 7.07107 12
    endloop
  endfacet
  facet normal 0 0 1
    outer loop
      vertex 2.58819 9.65926 12
      vertex 11.6469 43.4667 12
      vertex 5.87368 44.615 12
    endloop
  endfacet
  facet normal 0 0 1
    outer loop
      vertex 22.5 38.9711 12
      vertex 5 8.66025 12
      vertex 6.08761 7.93353 12
    endloop
  endfacet
  facet normal 0 0 1
    outer loop
      vertex 17.2208 41.5746 12
      vertex 3.82683 9.2388 12
      vertex 5 8.66025 12
    endloop
  endfacet
  facet normal 0 0 1
    outer loop
      vertex 11.6469 43.4667 12
      vertex 2.58819 9.65926 12
      vertex 3.82683 9.2388 12
    endloop
  endfacet
  facet normal 0 0 1
    outer loop
      vertex 5.87368 44.615 12
      vertex 1.30526 9.91445 12
      vertex 2.58819 9.65926 12
    endloop
  endfacet
  facet normal 0 0 1
    outer loop
      vertex 0 45 12
      vertex 1.30526 9.91445 12
      vertex 5.87368 44.615 12
    endloop
  endfacet
  facet normal 0 0 1
    outer loop
      vertex 0 45 12
      vertex 0 10 12
      vertex 1.30526 9.91445 12
    endloop
  endfacet
  facet normal 0 0 1
    outer loop
      vertex 0 45 12
      vertex -1.30526 9.91445 12
      vertex 0 10 12
    endloop
  endfacet
  facet normal -0 0 1
    outer loop
      vertex -5.87368 44.615 12
      vertex -1.30526 9.91445 12
      vertex 0 45 12
    endloop
  endfacet
  facet normal 0 0 1
    outer loop
      vertex -1.30526 9.91445 12
      vertex -5.87368 44.615 12
      vertex -2.58819 9.65926 12
    endloop
  endfacet
  facet normal -0 0 1
    outer loop
      vertex -11.6469 43.4667 12
      vertex -2.58819 9.65926 12
      vertex -5.87368 44.615 12
    endloop
  endfacet
  facet normal 0 0 1
    outer loop
      vertex -2.58819 9.65926 12
      vertex -11.6469 43.4667 12
      vertex -3.82683 9.2388 12
    endloop
  endfacet
  facet normal -0 0 1
    outer loop
      vertex -17.2208 41.5746 12
      vertex -3.82683 9.2388 12
      vertex -11.6469 43.4667 12
    endloop
  endfacet
  facet normal 0 0 1
    outer loop
      vertex -3.82683 9.2388 12
      vertex -17.2208 41.5746 12
      vertex -5 8.66025 12
    endloop
  endfacet
  facet normal -0 0 1
    outer loop
      vertex -22.5 38.9711 12
      vertex -5 8.66025 12
      vertex -17.2208 41.5746 12
    endloop
  endfacet
  facet normal 0 0 1
    outer loop
      vertex -5 8.66025 12
      vertex -22.5 38.9711 12
      vertex -6.08761 7.93353 12
    endloop
  endfacet
  facet normal -0 0 1
    outer loop
      vertex -27.3943 35.7009 12
      vertex -6.08761 7.93353 12
      vertex -22.5 38.9711 12
    endloop
  endfacet
  facet normal 0 0 1
    outer loop
      vertex -6.08761 7.93353 12
      vertex -27.3943 35.7009 12
      vertex -7.07107 7.07107 12
    endloop
  endfacet
  facet normal -0 0 1
    outer loop
      vertex -31.8198 31.8198 12
      vertex -7.07107 7.07107 12
      vertex -27.3943 35.7009 12
    endloop
  endfacet
  facet normal -0 0 1
    outer loop
      vertex -35.7009 27.3943 12
      vertex -7.93353 6.08761 12
      vertex -31.8198 31.8198 12
    endloop
  endfacet
  facet normal 0 0 1
    outer loop
      vertex -7.07107 7.07107 12
      vertex -31.8198 31.8198 12
      vertex -7.93353 6.08761 12
    endloop
  endfacet
  facet normal 0 0 1
    outer loop
      vertex 35.7009 -27.3943 12
      vertex 7.93353 -6.08761 12
      vertex 31.8198 -31.8198 12
    endloop
  endfacet
  facet normal -0 0 1
    outer loop
      vertex 7.07107 -7.07107 12
      vertex 31.8198 -31.8198 12
      vertex 7.93353 -6.08761 12
    endloop
  endfacet
  facet normal 0 0 1
    outer loop
      vertex 31.8198 -31.8198 12
      vertex 7.07107 -7.07107 12
      vertex 27.3943 -35.7009 12
    endloop
  endfacet
  facet normal -0 0 1
    outer loop
      vertex 6.08761 -7.93353 12
      vertex 27.3943 -35.7009 12
      vertex 7.07107 -7.07107 12
    endloop
  endfacet
  facet normal 0 0 1
    outer loop
      vertex 27.3943 -35.7009 12
      vertex 6.08761 -7.93353 12
      vertex 22.5 -38.9711 12
    endloop
  endfacet
  facet normal -0 0 1
    outer loop
      vertex 5 -8.66025 12
      vertex 22.5 -38.9711 12
      vertex 6.08761 -7.93353 12
    endloop
  endfacet
  facet normal 0 0 1
    outer loop
      vertex 22.5 -38.9711 12
      vertex 5 -8.66025 12
      vertex 17.2208 -41.5746 12
    endloop
  endfacet
  facet normal -0 0 1
    outer loop
      vertex 3.82683 -9.2388 12
      vertex 17.2208 -41.5746 12
      vertex 5 -8.66025 12
    endloop
  endfacet
  facet normal 0 0 1
    outer loop
      vertex 17.2208 -41.5746 12
      vertex 3.82683 -9.2388 12
      vertex 11.6469 -43.4667 12
    endloop
  endfacet
  facet normal -0 0 1
    outer loop
      vertex 2.58819 -9.65926 12
      vertex 11.6469 -43.4667 12
      vertex 3.82683 -9.2388 12
    endloop
  endfacet
  facet normal 0 0 1
    outer loop
      vertex 11.6469 -43.4667 12
      vertex 2.58819 -9.65926 12
      vertex 5.87368 -44.615 12
    endloop
  endfacet
  facet normal -0 0 1
    outer loop
      vertex 1.30526 -9.91445 12
      vertex 5.87368 -44.615 12
      vertex 2.58819 -9.65926 12
    endloop
  endfacet
  facet normal -0 0 1
    outer loop
      vertex 0 -10 12
      vertex 5.87368 -44.615 12
      vertex 1.30526 -9.91445 12
    endloop
  endfacet
  facet normal 0 0 1
    outer loop
      vertex 0 -10 12
      vertex 0 -45 12
      vertex 5.87368 -44.615 12
    endloop
  endfacet
  facet normal 0 0 1
    outer loop
      vertex -1.30526 -9.91445 12
      vertex 0 -45 12
      vertex 0 -10 12
    endloop
  endfacet
  facet normal 0 0 1
    outer loop
      vertex -5.87368 -44.615 12
      vertex -1.30526 -9.91445 12
      vertex -2.58819 -9.65926 12
    endloop
  endfacet
  facet normal 0 0 1
    outer loop
      vertex -11.6469 -43.4667 12
      vertex -2.58819 -9.65926 12
      vertex -3.82683 -9.2388 12
    endloop
  endfacet
  facet normal 0 0 1
    outer loop
      vertex -17.2208 -41.5746 12
      vertex -3.82683 -9.2388 12
      vertex -5 -8.66025 12
    endloop
  endfacet
  facet normal 0 0 1
    outer loop
      vertex -1.30526 -9.91445 12
      vertex -5.87368 -44.615 12
      vertex 0 -45 12
    endloop
  endfacet
  facet normal 0 0 1
    outer loop
      vertex -22.5 -38.9711 12
      vertex -5 -8.66025 12
      vertex -6.08761 -7.93353 12
    endloop
  endfacet
  facet normal 0 0 1
    outer loop
      vertex -27.3943 -35.7009 12
      vertex -6.08761 -7.93353 12
      vertex -7.07107 -7.07107 12
    endloop
  endfacet
  facet normal 0 0 1
    outer loop
      vertex -31.8198 -31.8198 12
      vertex -7.07107 -7.07107 12
      vertex -7.93353 -6.08761 12
    endloop
  endfacet
  facet normal 0 0 1
    outer loop
      vertex -35.7009 -27.3943 12
      vertex -7.93353 -6.08761 12
      vertex -8.66025 -5 12
    endloop
  endfacet
  facet normal 0 0 1
    outer loop
      vertex -38.9711 -22.5 12
      vertex -8.66025 -5 12
      vertex -9.2388 -3.82683 12
    endloop
  endfacet
  facet normal 0 0 1
    outer loop
      vertex -41.5746 -17.2208 12
      vertex -9.2388 -3.82683 12
      vertex -9.65926 -2.58819 12
    endloop
  endfacet
  facet normal 0 0 1
    outer loop
      vertex -43.4667 -11.6469 12
      vertex -9.65926 -2.58819 12
      vertex -9.91445 -1.30526 12
    endloop
  endfacet
  facet normal 0 0 1
    outer loop
      vertex -2.58819 -9.65926 12
      vertex -11.6469 -43.4667 12
      vertex -5.87368 -44.615 12
    endloop
  endfacet
  facet normal 0 0 1
    outer loop
      vertex -44.615 -5.87368 12
      vertex -9.91445 -1.30526 12
      vertex -10 0 12
    endloop
  endfacet
  facet normal 0 0 1
    outer loop
      vertex -7.93353 6.08761 12
      vertex -35.7009 27.3943 12
      vertex -8.66025 5 12
    endloop
  endfacet
  facet normal -0 0 1
    outer loop
      vertex -38.9711 22.5 12
      vertex -8.66025 5 12
      vertex -35.7009 27.3943 12
    endloop
  endfacet
  facet normal 0 0 1
    outer loop
      vertex -3.82683 -9.2388 12
      vertex -17.2208 -41.5746 12
      vertex -11.6469 -43.4667 12
    endloop
  endfacet
  facet normal 0 0 1
    outer loop
      vertex -8.66025 5 12
      vertex -38.9711 22.5 12
      vertex -9.2388 3.82683 12
    endloop
  endfacet
  facet normal 0 0 1
    outer loop
      vertex -5 -8.66025 12
      vertex -22.5 -38.9711 12
      vertex -17.2208 -41.5746 12
    endloop
  endfacet
  facet normal -0 0 1
    outer loop
      vertex -41.5746 17.2208 12
      vertex -9.2388 3.82683 12
      vertex -38.9711 22.5 12
    endloop
  endfacet
  facet normal 0 0 1
    outer loop
      vertex -6.08761 -7.93353 12
      vertex -27.3943 -35.7009 12
      vertex -22.5 -38.9711 12
    endloop
  endfacet
  facet normal 0 0 1
    outer loop
      vertex -9.2388 3.82683 12
      vertex -41.5746 17.2208 12
      vertex -9.65926 2.58819 12
    endloop
  endfacet
  facet normal 0 0 1
    outer loop
      vertex -7.07107 -7.07107 12
      vertex -31.8198 -31.8198 12
      vertex -27.3943 -35.7009 12
    endloop
  endfacet
  facet normal -0 0 1
    outer loop
      vertex -43.4667 11.6469 12
      vertex -9.65926 2.58819 12
      vertex -41.5746 17.2208 12
    endloop
  endfacet
  facet normal 0 0 1
    outer loop
      vertex -7.93353 -6.08761 12
      vertex -35.7009 -27.3943 12
      vertex -31.8198 -31.8198 12
    endloop
  endfacet
  facet normal 0 0 1
    outer loop
      vertex -9.65926 2.58819 12
      vertex -43.4667 11.6469 12
      vertex -9.91445 1.30526 12
    endloop
  endfacet
  facet normal 0 0 1
    outer loop
      vertex -8.66025 -5 12
      vertex -38.9711 -22.5 12
      vertex -35.7009 -27.3943 12
    endloop
  endfacet
  facet normal -0 0 1
    outer loop
      vertex -44.615 5.87368 12
      vertex -9.91445 1.30526 12
      vertex -43.4667 11.6469 12
    endloop
  endfacet
  facet normal 0 0 1
    outer loop
      vertex -9.2388 -3.82683 12
      vertex -41.5746 -17.2208 12
      vertex -38.9711 -22.5 12
    endloop
  endfacet
  facet normal 0 0 1
    outer loop
      vertex -9.91445 1.30526 12
      vertex -44.615 5.87368 12
      vertex -10 0 12
    endloop
  endfacet
  facet normal 0 0 1
    outer loop
      vertex -9.65926 -2.58819 12
      vertex -43.4667 -11.6469 12
      vertex -41.5746 -17.2208 12
    endloop
  endfacet
  facet normal 0 0 1
    outer loop
      vertex -45 0 12
      vertex -10 0 12
      vertex -44.615 5.87368 12
    endloop
  endfacet
  facet normal 0 0 1
    outer loop
      vertex -9.91445 -1.30526 12
      vertex -44.615 -5.87368 12
      vertex -43.4667 -11.6469 12
    endloop
  endfacet
  facet normal 0 0 1
    outer loop
      vertex -10 0 12
      vertex -45 0 12
      vertex -44.615 -5.87368 12
    endloop
  endfacet
  facet normal 0 0 -1
    outer loop
      vertex 2.97433 -0.391578 12
      vertex 2.97433 0.391578 12
      vertex 3 0 12
    endloop
  endfacet
  facet normal 0 0 -1
    outer loop
      vertex 2.89778 -0.776457 12
      vertex 2.97433 0.391578 12
      vertex 2.97433 -0.391578 12
    endloop
  endfacet
  facet normal 0 0 -1
    outer loop
      vertex 2.89778 -0.776457 12
      vertex 2.89778 0.776457 12
      vertex 2.97433 0.391578 12
    endloop
  endfacet
  facet normal 0 0 -1
    outer loop
      vertex 2.77164 -1.14805 12
      vertex 2.89778 0.776457 12
      vertex 2.89778 -0.776457 12
    endloop
  endfacet
  facet normal 0 0 -1
    outer loop
      vertex 2.77164 -1.14805 12
      vertex 2.77164 1.14805 12
      vertex 2.89778 0.776457 12
    endloop
  endfacet
  facet normal 0 0 -1
    outer loop
      vertex 2.59808 -1.5 12
      vertex 2.77164 1.14805 12
      vertex 2.77164 -1.14805 12
    endloop
  endfacet
  facet normal 0 0 -1
    outer loop
      vertex 2.59808 -1.5 12
      vertex 2.59808 1.5 12
      vertex 2.77164 1.14805 12
    endloop
  endfacet
  facet normal 0 0 -1
    outer loop
      vertex 2.38006 -1.82628 12
      vertex 2.59808 1.5 12
      vertex 2.59808 -1.5 12
    endloop
  endfacet
  facet normal 0 0 -1
    outer loop
      vertex 2.38006 -1.82628 12
      vertex 2.38006 1.82628 12
      vertex 2.59808 1.5 12
    endloop
  endfacet
  facet normal 0 0 -1
    outer loop
      vertex 2.12132 -2.12132 12
      vertex 2.38006 1.82628 12
      vertex 2.38006 -1.82628 12
    endloop
  endfacet
  facet normal 0 0 -1
    outer loop
      vertex 2.12132 -2.12132 12
      vertex 2.12132 2.12132 12
      vertex 2.38006 1.82628 12
    endloop
  endfacet
  facet normal 0 0 -1
    outer loop
      vertex 1.82628 -2.38006 12
      vertex 2.12132 2.12132 12
      vertex 2.12132 -2.12132 12
    endloop
  endfacet
  facet normal 0 0 -1
    outer loop
      vertex 1.82628 -2.38006 12
      vertex 1.82628 2.38006 12
      vertex 2.12132 2.12132 12
    endloop
  endfacet
  facet normal 0 0 -1
    outer loop
      vertex 1.5 -2.59808 12
      vertex 1.82628 2.38006 12
      vertex 1.82628 -2.38006 12
    endloop
  endfacet
  facet normal 0 0 -1
    outer loop
      vertex 1.5 -2.59808 12
      vertex 1.5 2.59808 12
      vertex 1.82628 2.38006 12
    endloop
  endfacet
  facet normal 0 0 -1
    outer loop
      vertex 1.14805 -2.77164 12
      vertex 1.5 2.59808 12
      vertex 1.5 -2.59808 12
    endloop
  endfacet
  facet normal 0 0 -1
    outer loop
      vertex 1.14805 -2.77164 12
      vertex 1.14805 2.77164 12
      vertex 1.5 2.59808 12
    endloop
  endfacet
  facet normal 0 0 -1
    outer loop
      vertex 0.776457 -2.89778 12
      vertex 1.14805 2.77164 12
      vertex 1.14805 -2.77164 12
    endloop
  endfacet
  facet normal 0 0 -1
    outer loop
      vertex 0.776457 -2.89778 12
      vertex 0.776457 2.89778 12
      vertex 1.14805 2.77164 12
    endloop
  endfacet
  facet normal 0 0 -1
    outer loop
      vertex 0.391578 -2.97433 12
      vertex 0.776457 2.89778 12
      vertex 0.776457 -2.89778 12
    endloop
  endfacet
  facet normal 0 0 -1
    outer loop
      vertex 0.391578 -2.97433 12
      vertex 0.391578 2.97433 12
      vertex 0.776457 2.89778 12
    endloop
  endfacet
  facet normal 0 0 -1
    outer loop
      vertex 0 -3 12
      vertex 0.391578 2.97433 12
      vertex 0.391578 -2.97433 12
    endloop
  endfacet
  facet normal 0 0 -1
    outer loop
      vertex 0 -3 12
      vertex 0 3 12
      vertex 0.391578 2.97433 12
    endloop
  endfacet
  facet normal 0 0 -1
    outer loop
      vertex -0.391578 -2.97433 12
      vertex 0 3 12
      vertex 0 -3 12
    endloop
  endfacet
  facet normal 0 0 -1
    outer loop
      vertex -0.391578 -2.97433 12
      vertex -0.391578 2.97433 12
      vertex 0 3 12
    endloop
  endfacet
  facet normal 0 0 -1
    outer loop
      vertex -0.776457 -2.89778 12
      vertex -0.391578 2.97433 12
      vertex -0.391578 -2.97433 12
    endloop
  endfacet
  facet normal 0 0 -1
    outer loop
      vertex -0.776457 -2.89778 12
      vertex -0.776457 2.89778 12
      vertex -0.391578 2.97433 12
    endloop
  endfacet
  facet normal 0 0 -1
    outer loop
      vertex -1.14805 -2.77164 12
      vertex -0.776457 2.89778 12
      vertex -0.776457 -2.89778 12
    endloop
  endfacet
  facet normal 0 0 -1
    outer loop
      vertex -1.14805 -2.77164 12
      vertex -1.14805 2.77164 12
      vertex -0.776457 2.89778 12
    endloop
  endfacet
  facet normal 0 0 -1
    outer loop
      vertex -1.5 -2.59808 12
      vertex -1.14805 2.77164 12
      vertex -1.14805 -2.77164 12
    endloop
  endfacet
  facet normal 0 0 -1
    outer loop
      vertex -1.5 -2.59808 12
      vertex -1.5 2.59808 12
      vertex -1.14805 2.77164 12
    endloop
  endfacet
  facet normal 0 0 -1
    outer loop
      vertex -1.82628 -2.38006 12
      vertex -1.5 2.59808 12
      vertex -1.5 -2.59808 12
    endloop
  endfacet
  facet normal 0 0 -1
    outer loop
      vertex -1.82628 -2.38006 12
      vertex -1.82628 2.38006 12
      vertex -1.5 2.59808 12
    endloop
  endfacet
  facet normal 0 0 -1
    outer loop
      vertex -2.12132 -2.12132 12
      vertex -1.82628 2.38006 12
      vertex -1.82628 -2.38006 12
    endloop
  endfacet
  facet normal 0 0 -1
    outer loop
      vertex -2.12132 -2.12132 12
      vertex -2.12132 2.12132 12
      vertex -1.82628 2.38006 12
    endloop
  endfacet
  facet normal 0 0 -1
    outer loop
      vertex -2.38006 -1.82628 12
      vertex -2.12132 2.12132 12
      vertex -2.12132 -2.12132 12
    endloop
  endfacet
  facet normal 0 0 -1
    outer loop
      vertex -2.38006 -1.82628 12
      vertex -2.38006 1.82628 12
      vertex -2.12132 2.12132 12
    endloop
  endfacet
  facet normal 0 0 -1
    outer loop
      vertex -2.59808 -1.5 12
      vertex -2.38006 1.82628 12
      vertex -2.38006 -1.82628 12
    endloop
  endfacet
  facet normal 0 0 -1
    outer loop
      vertex -2.59808 -1.5 12
      vertex -2.59808 1.5 12
      vertex -2.38006 1.82628 12
    endloop
  endfacet
  facet normal 0 0 -1
    outer loop
      vertex -2.77164 -1.14805 12
      vertex -2.59808 1.5 12
      vertex -2.59808 -1.5 12
    endloop
  endfacet
  facet normal 0 0 -1
    outer loop
      vertex -2.77164 -1.14805 12
      vertex -2.77164 1.14805 12
      vertex -2.59808 1.5 12
    endloop
  endfacet
  facet normal 0 0 -1
    outer loop
      vertex -2.89778 -0.776457 12
      vertex -2.77164 1.14805 12
      vertex -2.77164 -1.14805 12
    endloop
  endfacet
  facet normal 0 0 -1
    outer loop
      vertex -2.89778 -0.776457 12
      vertex -2.89778 0.776457 12
      vertex -2.77164 1.14805 12
    endloop
  endfacet
  facet normal 0 0 -1
    outer loop
      vertex -2.97433 -0.391578 12
      vertex -2.89778 0.776457 12
      vertex -2.89778 -0.776457 12
    endloop
  endfacet
  facet normal 0 0 -1
    outer loop
      vertex -2.97433 -0.391578 12
      vertex -2.97433 0.391578 12
      vertex -2.89778 0.776457 12
    endloop
  endfacet
  facet normal 0 -0 -1
    outer loop
      vertex -2.97433 0.391578 12
      vertex -2.97433 -0.391578 12
      vertex -3 0 12
    endloop
  endfacet
  facet normal -0.19508 0.980787 0
    outer loop
      vertex -5.87368 44.615 0
      vertex -11.6469 43.4667 12
      vertex -5.87368 44.615 12
    endloop
  endfacet
  facet normal -0.19508 0.980787 0
    outer loop
      vertex -11.6469 43.4667 12
      vertex -5.87368 44.615 0
      vertex -11.6469 43.4667 0
    endloop
  endfacet
  facet normal -0.555562 -0.831475 0
    outer loop
      vertex -27.3943 -35.7009 0
      vertex -22.5 -38.9711 12
      vertex -27.3943 -35.7009 12
    endloop
  endfacet
  facet normal -0.555562 -0.831475 -0
    outer loop
      vertex -22.5 -38.9711 12
      vertex -27.3943 -35.7009 0
      vertex -22.5 -38.9711 0
    endloop
  endfacet
  facet normal 0.980787 -0.19508 0
    outer loop
      vertex 43.4667 -11.6469 12
      vertex 44.615 -5.87368 0
      vertex 44.615 -5.87368 12
    endloop
  endfacet
  facet normal 0.980787 -0.19508 0
    outer loop
      vertex 44.615 -5.87368 0
      vertex 43.4667 -11.6469 12
      vertex 43.4667 -11.6469 0
    endloop
  endfacet
  facet normal 0.65935 -0.751836 0
    outer loop
      vertex 27.3943 -35.7009 0
      vertex 31.8198 -31.8198 12
      vertex 27.3943 -35.7009 12
    endloop
  endfacet
  facet normal 0.65935 -0.751836 0
    outer loop
      vertex 31.8198 -31.8198 12
      vertex 27.3943 -35.7009 0
      vertex 31.8198 -31.8198 0
    endloop
  endfacet
  facet normal 0.555562 -0.831475 0
    outer loop
      vertex 22.5 -38.9711 0
      vertex 27.3943 -35.7009 12
      vertex 22.5 -38.9711 12
    endloop
  endfacet
  facet normal 0.555562 -0.831475 0
    outer loop
      vertex 27.3943 -35.7009 12
      vertex 22.5 -38.9711 0
      vertex 27.3943 -35.7009 0
    endloop
  endfacet
  facet normal -0.0654063 -0.997859 0
    outer loop
      vertex -5.87368 -44.615 0
      vertex 0 -45 12
      vertex -5.87368 -44.615 12
    endloop
  endfacet
  facet normal -0.0654063 -0.997859 -0
    outer loop
      vertex 0 -45 12
      vertex -5.87368 -44.615 0
      vertex 0 -45 0
    endloop
  endfacet
  facet normal -0.980789 -0.195073 0
    outer loop
      vertex 2.97433 0.391578 0
      vertex 2.89778 0.776457 12
      vertex 2.89778 0.776457 0
    endloop
  endfacet
  facet normal -0.980789 -0.195073 0
    outer loop
      vertex 2.89778 0.776457 12
      vertex 2.97433 0.391578 0
      vertex 2.97433 0.391578 12
    endloop
  endfacet
  facet normal -0.997858 -0.0654149 0
    outer loop
      vertex 3 0 0
      vertex 2.97433 0.391578 12
      vertex 2.97433 0.391578 0
    endloop
  endfacet
  facet normal -0.997858 -0.0654149 0
    outer loop
      vertex 2.97433 0.391578 12
      vertex 3 0 0
      vertex 3 0 12
    endloop
  endfacet
  facet normal -0.980789 0.195073 0
    outer loop
      vertex 2.89778 -0.776457 0
      vertex 2.97433 -0.391578 12
      vertex 2.97433 -0.391578 0
    endloop
  endfacet
  facet normal -0.980789 0.195073 0
    outer loop
      vertex 2.97433 -0.391578 12
      vertex 2.89778 -0.776457 0
      vertex 2.89778 -0.776457 12
    endloop
  endfacet
  facet normal 0.751844 0.659341 0
    outer loop
      vertex -2.12132 -2.12132 12
      vertex -2.38006 -1.82628 0
      vertex -2.38006 -1.82628 12
    endloop
  endfacet
  facet normal 0.751844 0.659341 0
    outer loop
      vertex -2.38006 -1.82628 0
      vertex -2.12132 -2.12132 12
      vertex -2.12132 -2.12132 0
    endloop
  endfacet
  facet normal -0.831462 -0.555582 0
    outer loop
      vertex 2.59808 1.5 0
      vertex 2.38006 1.82628 12
      vertex 2.38006 1.82628 0
    endloop
  endfacet
  facet normal -0.831462 -0.555582 0
    outer loop
      vertex 2.38006 1.82628 12
      vertex 2.59808 1.5 0
      vertex 2.59808 1.5 12
    endloop
  endfacet
  facet normal -0.555582 -0.831462 0
    outer loop
      vertex 1.5 2.59808 0
      vertex 1.82628 2.38006 12
      vertex 1.5 2.59808 12
    endloop
  endfacet
  facet normal -0.555582 -0.831462 -0
    outer loop
      vertex 1.82628 2.38006 12
      vertex 1.5 2.59808 0
      vertex 1.82628 2.38006 0
    endloop
  endfacet
  facet normal -0.896875 0.442283 0
    outer loop
      vertex 2.59808 -1.5 0
      vertex 2.77164 -1.14805 12
      vertex 2.77164 -1.14805 0
    endloop
  endfacet
  facet normal -0.896875 0.442283 0
    outer loop
      vertex 2.77164 -1.14805 12
      vertex 2.59808 -1.5 0
      vertex 2.59808 -1.5 12
    endloop
  endfacet
  facet normal -0.997858 0.0654149 0
    outer loop
      vertex 2.97433 -0.391578 0
      vertex 3 0 12
      vertex 3 0 0
    endloop
  endfacet
  facet normal -0.997858 0.0654149 0
    outer loop
      vertex 3 0 12
      vertex 2.97433 -0.391578 0
      vertex 2.97433 -0.391578 12
    endloop
  endfacet
  facet normal -0.321442 -0.946929 0
    outer loop
      vertex 0.776457 2.89778 0
      vertex 1.14805 2.77164 12
      vertex 0.776457 2.89778 12
    endloop
  endfacet
  facet normal -0.321442 -0.946929 -0
    outer loop
      vertex 1.14805 2.77164 12
      vertex 0.776457 2.89778 0
      vertex 1.14805 2.77164 0
    endloop
  endfacet
  facet normal 0.896875 -0.442283 0
    outer loop
      vertex -2.77164 1.14805 12
      vertex -2.59808 1.5 0
      vertex -2.59808 1.5 12
    endloop
  endfacet
  facet normal 0.896875 -0.442283 0
    outer loop
      vertex -2.59808 1.5 0
      vertex -2.77164 1.14805 12
      vertex -2.77164 1.14805 0
    endloop
  endfacet
  facet normal 0.659341 -0.751844 0
    outer loop
      vertex -2.12132 2.12132 0
      vertex -1.82628 2.38006 12
      vertex -2.12132 2.12132 12
    endloop
  endfacet
  facet normal 0.659341 -0.751844 0
    outer loop
      vertex -1.82628 2.38006 12
      vertex -2.12132 2.12132 0
      vertex -1.82628 2.38006 0
    endloop
  endfacet
  facet normal -0.321442 0.946929 0
    outer loop
      vertex 1.14805 -2.77164 0
      vertex 0.776457 -2.89778 12
      vertex 1.14805 -2.77164 12
    endloop
  endfacet
  facet normal -0.321442 0.946929 0
    outer loop
      vertex 0.776457 -2.89778 12
      vertex 1.14805 -2.77164 0
      vertex 0.776457 -2.89778 0
    endloop
  endfacet
  facet normal 0.997858 0.0654149 0
    outer loop
      vertex -2.97433 -0.391578 12
      vertex -3 0 0
      vertex -3 0 12
    endloop
  endfacet
  facet normal 0.997858 0.0654149 0
    outer loop
      vertex -3 0 0
      vertex -2.97433 -0.391578 12
      vertex -2.97433 -0.391578 0
    endloop
  endfacet
  facet normal 0.659341 0.751844 -0
    outer loop
      vertex -1.82628 -2.38006 0
      vertex -2.12132 -2.12132 12
      vertex -1.82628 -2.38006 12
    endloop
  endfacet
  facet normal 0.659341 0.751844 0
    outer loop
      vertex -2.12132 -2.12132 12
      vertex -1.82628 -2.38006 0
      vertex -2.12132 -2.12132 0
    endloop
  endfacet
  facet normal 0.321442 -0.946929 0
    outer loop
      vertex -1.14805 2.77164 0
      vertex -0.776457 2.89778 12
      vertex -1.14805 2.77164 12
    endloop
  endfacet
  facet normal 0.321442 -0.946929 0
    outer loop
      vertex -0.776457 2.89778 12
      vertex -1.14805 2.77164 0
      vertex -0.776457 2.89778 0
    endloop
  endfacet
  facet normal 0.831462 0.555582 0
    outer loop
      vertex -2.38006 -1.82628 12
      vertex -2.59808 -1.5 0
      vertex -2.59808 -1.5 12
    endloop
  endfacet
  facet normal 0.831462 0.555582 0
    outer loop
      vertex -2.59808 -1.5 0
      vertex -2.38006 -1.82628 12
      vertex -2.38006 -1.82628 0
    endloop
  endfacet
  facet normal 0.555582 -0.831462 0
    outer loop
      vertex -1.82628 2.38006 0
      vertex -1.5 2.59808 12
      vertex -1.82628 2.38006 12
    endloop
  endfacet
  facet normal 0.555582 -0.831462 0
    outer loop
      vertex -1.5 2.59808 12
      vertex -1.82628 2.38006 0
      vertex -1.5 2.59808 0
    endloop
  endfacet
  facet normal -0.195073 -0.980789 0
    outer loop
      vertex 0.391578 2.97433 0
      vertex 0.776457 2.89778 12
      vertex 0.391578 2.97433 12
    endloop
  endfacet
  facet normal -0.195073 -0.980789 -0
    outer loop
      vertex 0.776457 2.89778 12
      vertex 0.391578 2.97433 0
      vertex 0.776457 2.89778 0
    endloop
  endfacet
  facet normal 0.442283 -0.896875 0
    outer loop
      vertex -1.5 2.59808 0
      vertex -1.14805 2.77164 12
      vertex -1.5 2.59808 12
    endloop
  endfacet
  facet normal 0.442283 -0.896875 0
    outer loop
      vertex -1.14805 2.77164 12
      vertex -1.5 2.59808 0
      vertex -1.14805 2.77164 0
    endloop
  endfacet
  facet normal -0.0654149 0.997858 0
    outer loop
      vertex 0.391578 -2.97433 0
      vertex 0 -3 12
      vertex 0.391578 -2.97433 12
    endloop
  endfacet
  facet normal -0.0654149 0.997858 0
    outer loop
      vertex 0 -3 12
      vertex 0.391578 -2.97433 0
      vertex 0 -3 0
    endloop
  endfacet
  facet normal -0.659341 0.751844 0
    outer loop
      vertex 2.12132 -2.12132 0
      vertex 1.82628 -2.38006 12
      vertex 2.12132 -2.12132 12
    endloop
  endfacet
  facet normal -0.659341 0.751844 0
    outer loop
      vertex 1.82628 -2.38006 12
      vertex 2.12132 -2.12132 0
      vertex 1.82628 -2.38006 0
    endloop
  endfacet
  facet normal 0.946929 0.321442 0
    outer loop
      vertex -2.77164 -1.14805 12
      vertex -2.89778 -0.776457 0
      vertex -2.89778 -0.776457 12
    endloop
  endfacet
  facet normal 0.946929 0.321442 0
    outer loop
      vertex -2.89778 -0.776457 0
      vertex -2.77164 -1.14805 12
      vertex -2.77164 -1.14805 0
    endloop
  endfacet
  facet normal -0.946929 0.321442 0
    outer loop
      vertex 2.77164 -1.14805 0
      vertex 2.89778 -0.776457 12
      vertex 2.89778 -0.776457 0
    endloop
  endfacet
  facet normal -0.946929 0.321442 0
    outer loop
      vertex 2.89778 -0.776457 12
      vertex 2.77164 -1.14805 0
      vertex 2.77164 -1.14805 12
    endloop
  endfacet
  facet normal -0.442283 -0.896875 0
    outer loop
      vertex 1.14805 2.77164 0
      vertex 1.5 2.59808 12
      vertex 1.14805 2.77164 12
    endloop
  endfacet
  facet normal -0.442283 -0.896875 -0
    outer loop
      vertex 1.5 2.59808 12
      vertex 1.14805 2.77164 0
      vertex 1.5 2.59808 0
    endloop
  endfacet
  facet normal 0.195073 -0.980789 0
    outer loop
      vertex -0.776457 2.89778 0
      vertex -0.391578 2.97433 12
      vertex -0.776457 2.89778 12
    endloop
  endfacet
  facet normal 0.195073 -0.980789 0
    outer loop
      vertex -0.391578 2.97433 12
      vertex -0.776457 2.89778 0
      vertex -0.391578 2.97433 0
    endloop
  endfacet
  facet normal -0.751844 -0.659341 0
    outer loop
      vertex 2.38006 1.82628 0
      vertex 2.12132 2.12132 12
      vertex 2.12132 2.12132 0
    endloop
  endfacet
  facet normal -0.751844 -0.659341 0
    outer loop
      vertex 2.12132 2.12132 12
      vertex 2.38006 1.82628 0
      vertex 2.38006 1.82628 12
    endloop
  endfacet
  facet normal -0.751844 0.659341 0
    outer loop
      vertex 2.12132 -2.12132 0
      vertex 2.38006 -1.82628 12
      vertex 2.38006 -1.82628 0
    endloop
  endfacet
  facet normal -0.751844 0.659341 0
    outer loop
      vertex 2.38006 -1.82628 12
      vertex 2.12132 -2.12132 0
      vertex 2.12132 -2.12132 12
    endloop
  endfacet
  facet normal 0.442283 0.896875 -0
    outer loop
      vertex -1.14805 -2.77164 0
      vertex -1.5 -2.59808 12
      vertex -1.14805 -2.77164 12
    endloop
  endfacet
  facet normal 0.442283 0.896875 0
    outer loop
      vertex -1.5 -2.59808 12
      vertex -1.14805 -2.77164 0
      vertex -1.5 -2.59808 0
    endloop
  endfacet
  facet normal 0.946929 -0.321442 0
    outer loop
      vertex -2.89778 0.776457 12
      vertex -2.77164 1.14805 0
      vertex -2.77164 1.14805 12
    endloop
  endfacet
  facet normal 0.946929 -0.321442 0
    outer loop
      vertex -2.77164 1.14805 0
      vertex -2.89778 0.776457 12
      vertex -2.89778 0.776457 0
    endloop
  endfacet
  facet normal -0.195073 0.980789 0
    outer loop
      vertex 0.776457 -2.89778 0
      vertex 0.391578 -2.97433 12
      vertex 0.776457 -2.89778 12
    endloop
  endfacet
  facet normal -0.195073 0.980789 0
    outer loop
      vertex 0.391578 -2.97433 12
      vertex 0.776457 -2.89778 0
      vertex 0.391578 -2.97433 0
    endloop
  endfacet
  facet normal -0.442283 0.896875 0
    outer loop
      vertex 1.5 -2.59808 0
      vertex 1.14805 -2.77164 12
      vertex 1.5 -2.59808 12
    endloop
  endfacet
  facet normal -0.442283 0.896875 0
    outer loop
      vertex 1.14805 -2.77164 12
      vertex 1.5 -2.59808 0
      vertex 1.14805 -2.77164 0
    endloop
  endfacet
  facet normal 0.751844 -0.659341 0
    outer loop
      vertex -2.38006 1.82628 12
      vertex -2.12132 2.12132 0
      vertex -2.12132 2.12132 12
    endloop
  endfacet
  facet normal 0.751844 -0.659341 0
    outer loop
      vertex -2.12132 2.12132 0
      vertex -2.38006 1.82628 12
      vertex -2.38006 1.82628 0
    endloop
  endfacet
  facet normal -0.659341 -0.751844 0
    outer loop
      vertex 1.82628 2.38006 0
      vertex 2.12132 2.12132 12
      vertex 1.82628 2.38006 12
    endloop
  endfacet
  facet normal -0.659341 -0.751844 -0
    outer loop
      vertex 2.12132 2.12132 12
      vertex 1.82628 2.38006 0
      vertex 2.12132 2.12132 0
    endloop
  endfacet
  facet normal 0.896875 0.442283 0
    outer loop
      vertex -2.59808 -1.5 12
      vertex -2.77164 -1.14805 0
      vertex -2.77164 -1.14805 12
    endloop
  endfacet
  facet normal 0.896875 0.442283 0
    outer loop
      vertex -2.77164 -1.14805 0
      vertex -2.59808 -1.5 12
      vertex -2.59808 -1.5 0
    endloop
  endfacet
  facet normal 0.997858 -0.0654149 0
    outer loop
      vertex -3 0 12
      vertex -2.97433 0.391578 0
      vertex -2.97433 0.391578 12
    endloop
  endfacet
  facet normal 0.997858 -0.0654149 0
    outer loop
      vertex -2.97433 0.391578 0
      vertex -3 0 12
      vertex -3 0 0
    endloop
  endfacet
  facet normal -0.831462 0.555582 0
    outer loop
      vertex 2.38006 -1.82628 0
      vertex 2.59808 -1.5 12
      vertex 2.59808 -1.5 0
    endloop
  endfacet
  facet normal -0.831462 0.555582 0
    outer loop
      vertex 2.59808 -1.5 12
      vertex 2.38006 -1.82628 0
      vertex 2.38006 -1.82628 12
    endloop
  endfacet
  facet normal -0.896875 -0.442283 0
    outer loop
      vertex 2.77164 1.14805 0
      vertex 2.59808 1.5 12
      vertex 2.59808 1.5 0
    endloop
  endfacet
  facet normal -0.896875 -0.442283 0
    outer loop
      vertex 2.59808 1.5 12
      vertex 2.77164 1.14805 0
      vertex 2.77164 1.14805 12
    endloop
  endfacet
  facet normal 0.0654149 0.997858 -0
    outer loop
      vertex 0 -3 0
      vertex -0.391578 -2.97433 12
      vertex 0 -3 12
    endloop
  endfacet
  facet normal 0.0654149 0.997858 0
    outer loop
      vertex -0.391578 -2.97433 12
      vertex 0 -3 0
      vertex -0.391578 -2.97433 0
    endloop
  endfacet
  facet normal -0.0654149 -0.997858 0
    outer loop
      vertex 0 3 0
      vertex 0.391578 2.97433 12
      vertex 0 3 12
    endloop
  endfacet
  facet normal -0.0654149 -0.997858 -0
    outer loop
      vertex 0.391578 2.97433 12
      vertex 0 3 0
      vertex 0.391578 2.97433 0
    endloop
  endfacet
  facet normal 0.555582 0.831462 -0
    outer loop
      vertex -1.5 -2.59808 0
      vertex -1.82628 -2.38006 12
      vertex -1.5 -2.59808 12
    endloop
  endfacet
  facet normal 0.555582 0.831462 0
    outer loop
      vertex -1.82628 -2.38006 12
      vertex -1.5 -2.59808 0
      vertex -1.82628 -2.38006 0
    endloop
  endfacet
  facet normal -0.555582 0.831462 0
    outer loop
      vertex 1.82628 -2.38006 0
      vertex 1.5 -2.59808 12
      vertex 1.82628 -2.38006 12
    endloop
  endfacet
  facet normal -0.555582 0.831462 0
    outer loop
      vertex 1.5 -2.59808 12
      vertex 1.82628 -2.38006 0
      vertex 1.5 -2.59808 0
    endloop
  endfacet
  facet normal -0.946929 -0.321442 0
    outer loop
      vertex 2.89778 0.776457 0
      vertex 2.77164 1.14805 12
      vertex 2.77164 1.14805 0
    endloop
  endfacet
  facet normal -0.946929 -0.321442 0
    outer loop
      vertex 2.77164 1.14805 12
      vertex 2.89778 0.776457 0
      vertex 2.89778 0.776457 12
    endloop
  endfacet
  facet normal 0.980789 -0.195073 0
    outer loop
      vertex -2.97433 0.391578 12
      vertex -2.89778 0.776457 0
      vertex -2.89778 0.776457 12
    endloop
  endfacet
  facet normal 0.980789 -0.195073 0
    outer loop
      vertex -2.89778 0.776457 0
      vertex -2.97433 0.391578 12
      vertex -2.97433 0.391578 0
    endloop
  endfacet
  facet normal 0.0654149 -0.997858 0
    outer loop
      vertex -0.391578 2.97433 0
      vertex 0 3 12
      vertex -0.391578 2.97433 12
    endloop
  endfacet
  facet normal 0.0654149 -0.997858 0
    outer loop
      vertex 0 3 12
      vertex -0.391578 2.97433 0
      vertex 0 3 0
    endloop
  endfacet
  facet normal 0.321442 0.946929 -0
    outer loop
      vertex -0.776457 -2.89778 0
      vertex -1.14805 -2.77164 12
      vertex -0.776457 -2.89778 12
    endloop
  endfacet
  facet normal 0.321442 0.946929 0
    outer loop
      vertex -1.14805 -2.77164 12
      vertex -0.776457 -2.89778 0
      vertex -1.14805 -2.77164 0
    endloop
  endfacet
  facet normal 0.980789 0.195073 0
    outer loop
      vertex -2.89778 -0.776457 12
      vertex -2.97433 -0.391578 0
      vertex -2.97433 -0.391578 12
    endloop
  endfacet
  facet normal 0.980789 0.195073 0
    outer loop
      vertex -2.97433 -0.391578 0
      vertex -2.89778 -0.776457 12
      vertex -2.89778 -0.776457 0
    endloop
  endfacet
  facet normal 0.195073 0.980789 -0
    outer loop
      vertex -0.391578 -2.97433 0
      vertex -0.776457 -2.89778 12
      vertex -0.391578 -2.97433 12
    endloop
  endfacet
  facet normal 0.195073 0.980789 0
    outer loop
      vertex -0.776457 -2.89778 12
      vertex -0.391578 -2.97433 0
      vertex -0.776457 -2.89778 0
    endloop
  endfacet
  facet normal 0.831462 -0.555582 0
    outer loop
      vertex -2.59808 1.5 12
      vertex -2.38006 1.82628 0
      vertex -2.38006 1.82628 12
    endloop
  endfacet
  facet normal 0.831462 -0.555582 0
    outer loop
      vertex -2.38006 1.82628 0
      vertex -2.59808 1.5 12
      vertex -2.59808 1.5 0
    endloop
  endfacet
  facet normal -0.734676 -0.442284 0.514427
    outer loop
      vertex 5.25296 -6 95.6204
      vertex -9.08157 -4.5922 76.359
      vertex -8.51288 -6 75.9608
    endloop
  endfacet
  facet normal -0.734675 -0.442289 0.514426
    outer loop
      vertex -9.08157 -4.5922 76.359
      vertex 5.25296 -6 95.6204
      vertex 4.68426 -4.5922 96.0186
    endloop
  endfacet
  facet normal 0.817413 -0.0653623 -0.572331
    outer loop
      vertex 144.438 -1.56631 -5.9804
      vertex 132.703 0 -22.9194
      vertex 144.624 0 -5.89363
    endloop
  endfacet
  facet normal 0.817414 -0.0653594 -0.572331
    outer loop
      vertex 132.703 0 -22.9194
      vertex 144.438 -1.56631 -5.9804
      vertex 132.619 -1.56631 -22.8605
    endloop
  endfacet
  facet normal 0 -1 0
    outer loop
      vertex 0 -12 70
      vertex 125.288 -12 11.5709
      vertex 13.7658 -12 89.6597
    endloop
  endfacet
  facet normal -0 -1 0
    outer loop
      vertex 125.288 -12 11.5709
      vertex 0 -12 70
      vertex 122.873 -12 -16.0365
    endloop
  endfacet
  facet normal 0 -1 0
    outer loop
      vertex 216.665 -12 54.1805
      vertex 277.224 -12 113.906
      vertex 271.096 -12 119.049
    endloop
  endfacet
  facet normal 0 -1 -0
    outer loop
      vertex 277.224 -12 113.906
      vertex 216.665 -12 54.1805
      vertex 280.288 -12 111.335
    endloop
  endfacet
  facet normal 0 -1 0
    outer loop
      vertex 216.665 -12 54.1805
      vertex 289.481 -12 103.622
      vertex 280.288 -12 111.335
    endloop
  endfacet
  facet normal 0 -1 0
    outer loop
      vertex 216.665 -12 54.1805
      vertex 231.63 -12 34.6777
      vertex 289.481 -12 103.622
    endloop
  endfacet
  facet normal 0 -1 0
    outer loop
      vertex 125.288 -12 11.5709
      vertex 231.63 -12 34.6777
      vertex 216.665 -12 54.1805
    endloop
  endfacet
  facet normal 0 -1 0
    outer loop
      vertex 231.63 -12 34.6777
      vertex 125.288 -12 11.5709
      vertex 122.873 -12 -16.0365
    endloop
  endfacet
  facet normal 0.80343 -0.195058 -0.562541
    outer loop
      vertex 143.883 -3.10583 -6.23924
      vertex 132.619 -1.56631 -22.8605
      vertex 144.438 -1.56631 -5.9804
    endloop
  endfacet
  facet normal 0.803411 -0.19515 -0.562536
    outer loop
      vertex 132.619 -1.56631 -22.8605
      vertex 143.883 -3.10583 -6.23924
      vertex 132.368 -3.10583 -22.6849
    endloop
  endfacet
  facet normal -0.159796 0.980788 0.11189
    outer loop
      vertex 12.4828 11.8973 90.5581
      vertex -2.54415 11.5911 71.7814
      vertex 11.2217 11.5911 91.4411
    endloop
  endfacet
  facet normal -0.159796 0.980788 0.11189
    outer loop
      vertex -2.54415 11.5911 71.7814
      vertex 12.4828 11.8973 90.5581
      vertex -1.28305 11.8973 70.8984
    endloop
  endfacet
  facet normal 0 1 0
    outer loop
      vertex 216.665 12 54.1805
      vertex 277.224 12 113.906
      vertex 280.288 12 111.335
    endloop
  endfacet
  facet normal 0 1 0
    outer loop
      vertex 277.224 12 113.906
      vertex 216.665 12 54.1805
      vertex 271.096 12 119.049
    endloop
  endfacet
  facet normal 0 1 0
    outer loop
      vertex 289.481 12 103.622
      vertex 216.665 12 54.1805
      vertex 280.288 12 111.335
    endloop
  endfacet
  facet normal 0 1 -0
    outer loop
      vertex 231.63 12 34.6777
      vertex 216.665 12 54.1805
      vertex 289.481 12 103.622
    endloop
  endfacet
  facet normal 0 1 0
    outer loop
      vertex 231.63 12 34.6777
      vertex 125.288 12 11.5709
      vertex 216.665 12 54.1805
    endloop
  endfacet
  facet normal -0 1 0
    outer loop
      vertex 125.288 12 11.5709
      vertex 231.63 12 34.6777
      vertex 122.873 12 -16.0365
    endloop
  endfacet
  facet normal 0 1 0
    outer loop
      vertex 125.288 12 11.5709
      vertex 0 12 70
      vertex 13.7658 12 89.6597
    endloop
  endfacet
  facet normal 0 1 0
    outer loop
      vertex 0 12 70
      vertex 125.288 12 11.5709
      vertex 122.873 12 -16.0365
    endloop
  endfacet
  facet normal 0.681046 0.555682 -0.476858
    outer loop
      vertex 131.386 6 -21.9972
      vertex 140.129 7.30514 -7.98961
      vertex 141.71 6 -7.25251
    endloop
  endfacet
  facet normal 0.680987 0.555778 -0.47683
    outer loop
      vertex 140.129 7.30514 -7.98961
      vertex 131.386 6 -21.9972
      vertex 130.671 7.30514 -21.4971
    endloop
  endfacet
  facet normal 0.775629 0.321651 -0.543084
    outer loop
      vertex 132.368 3.10583 -22.6849
      vertex 142.968 4.5922 -6.66571
      vertex 143.883 3.10583 -6.23924
    endloop
  endfacet
  facet normal 0.775592 0.321764 -0.54307
    outer loop
      vertex 142.968 4.5922 -6.66571
      vertex 132.368 3.10583 -22.6849
      vertex 131.954 4.5922 -22.3955
    endloop
  endfacet
  facet normal 0.540129 0.751831 -0.378167
    outer loop
      vertex 129.824 8.48528 -20.9034
      vertex 136.114 9.52024 -9.8619
      vertex 138.253 8.48528 -8.8644
    endloop
  endfacet
  facet normal 0.540055 0.751903 -0.378131
    outer loop
      vertex 136.114 9.52024 -9.8619
      vertex 129.824 8.48528 -20.9034
      vertex 128.857 9.52024 -20.2265
    endloop
  endfacet
  facet normal -0.0535965 -0.997857 0.0375286
    outer loop
      vertex -1.28305 -11.8973 70.8984
      vertex 13.7658 -12 89.6597
      vertex 12.4828 -11.8973 90.5581
    endloop
  endfacet
  facet normal -0.0535951 -0.997857 0.0375275
    outer loop
      vertex 13.7658 -12 89.6597
      vertex -1.28305 -11.8973 70.8984
      vertex 0 -12 70
    endloop
  endfacet
  facet normal -0.803414 -0.195075 0.562558
    outer loop
      vertex 4.27095 -3.10583 96.308
      vertex -9.74573 -1.56631 76.824
      vertex -9.49488 -3.10583 76.6484
    endloop
  endfacet
  facet normal -0.80341 -0.195105 0.562553
    outer loop
      vertex -9.74573 -1.56631 76.824
      vertex 4.27095 -3.10583 96.308
      vertex 4.02011 -1.56631 96.4837
    endloop
  endfacet
  facet normal 0.362358 -0.896841 -0.253719
    outer loop
      vertex 127.788 -10.3923 -19.4779
      vertex 131.197 -11.0866 -12.155
      vertex 126.635 -11.0866 -18.6704
    endloop
  endfacet
  facet normal 0.362302 -0.89687 -0.253695
    outer loop
      vertex 131.197 -11.0866 -12.155
      vertex 127.788 -10.3923 -19.4779
      vertex 133.749 -10.3923 -10.965
    endloop
  endfacet
  facet normal -0.0535965 0.997857 0.0375286
    outer loop
      vertex 13.7658 12 89.6597
      vertex -1.28305 11.8973 70.8984
      vertex 12.4828 11.8973 90.5581
    endloop
  endfacet
  facet normal -0.0535951 0.997857 0.0375275
    outer loop
      vertex -1.28305 11.8973 70.8984
      vertex 13.7658 12 89.6597
      vertex 0 12 70
    endloop
  endfacet
  facet normal 0.362302 0.89687 -0.253695
    outer loop
      vertex 127.788 10.3923 -19.4779
      vertex 131.197 11.0866 -12.155
      vertex 133.749 10.3923 -10.965
    endloop
  endfacet
  facet normal 0.362358 0.896841 -0.253719
    outer loop
      vertex 131.197 11.0866 -12.155
      vertex 127.788 10.3923 -19.4779
      vertex 126.635 11.0866 -18.6704
    endloop
  endfacet
  facet normal 0.159806 -0.980786 -0.111892
    outer loop
      vertex 125.417 -11.5911 -17.8179
      vertex 125.712 -11.8973 -14.7126
      vertex 124.156 -11.8973 -16.9349
    endloop
  endfacet
  facet normal 0.159829 -0.980782 -0.111894
    outer loop
      vertex 125.712 -11.8973 -14.7126
      vertex 125.417 -11.5911 -17.8179
      vertex 128.502 -11.5911 -13.4113
    endloop
  endfacet
  facet normal 0.455223 0.831373 -0.318734
    outer loop
      vertex 128.857 9.52024 -20.2265
      vertex 133.749 10.3923 -10.965
      vertex 136.114 9.52024 -9.8619
    endloop
  endfacet
  facet normal 0.45511 0.831454 -0.318682
    outer loop
      vertex 133.749 10.3923 -10.965
      vertex 128.857 9.52024 -20.2265
      vertex 127.788 10.3923 -19.4779
    endloop
  endfacet
  facet normal 0.263174 0.946986 -0.184271
    outer loop
      vertex 126.635 11.0866 -18.6704
      vertex 128.502 11.5911 -13.4113
      vertex 131.197 11.0866 -12.155
    endloop
  endfacet
  facet normal 0.263245 0.946963 -0.184294
    outer loop
      vertex 128.502 11.5911 -13.4113
      vertex 126.635 11.0866 -18.6704
      vertex 125.417 11.5911 -17.8179
    endloop
  endfacet
  facet normal 0.80343 0.195058 -0.562541
    outer loop
      vertex 132.619 1.56631 -22.8605
      vertex 143.883 3.10583 -6.23924
      vertex 144.438 1.56631 -5.9804
    endloop
  endfacet
  facet normal 0.803411 0.19515 -0.562536
    outer loop
      vertex 143.883 3.10583 -6.23924
      vertex 132.619 1.56631 -22.8605
      vertex 132.368 3.10583 -22.6849
    endloop
  endfacet
  facet normal 0.0535972 -0.997857 -0.0375275
    outer loop
      vertex 125.712 -11.8973 -14.7126
      vertex 122.873 -12 -16.0365
      vertex 124.156 -11.8973 -16.9349
    endloop
  endfacet
  facet normal 0.263245 -0.946963 -0.184294
    outer loop
      vertex 126.635 -11.0866 -18.6704
      vertex 128.502 -11.5911 -13.4113
      vertex 125.417 -11.5911 -17.8179
    endloop
  endfacet
  facet normal 0.263174 -0.946986 -0.184271
    outer loop
      vertex 128.502 -11.5911 -13.4113
      vertex 126.635 -11.0866 -18.6704
      vertex 131.197 -11.0866 -12.155
    endloop
  endfacet
  facet normal 0.775629 -0.321651 -0.543084
    outer loop
      vertex 142.968 -4.5922 -6.66571
      vertex 132.368 -3.10583 -22.6849
      vertex 143.883 -3.10583 -6.23924
    endloop
  endfacet
  facet normal 0.775592 -0.321764 -0.54307
    outer loop
      vertex 132.368 -3.10583 -22.6849
      vertex 142.968 -4.5922 -6.66571
      vertex 131.954 -4.5922 -22.3955
    endloop
  endfacet
  facet normal -0.540104 -0.751839 0.378186
    outer loop
      vertex -6.95074 -8.48528 74.867
      vertex 7.78182 -9.52024 93.8497
      vertex 6.8151 -8.48528 94.5266
    endloop
  endfacet
  facet normal -0.540104 -0.751839 0.378186
    outer loop
      vertex 7.78182 -9.52024 93.8497
      vertex -6.95074 -8.48528 74.867
      vertex -5.98402 -9.52024 74.1901
    endloop
  endfacet
  facet normal 0.734745 0.442122 -0.514469
    outer loop
      vertex 131.954 4.5922 -22.3955
      vertex 141.71 6 -7.25251
      vertex 142.968 4.5922 -6.66571
    endloop
  endfacet
  facet normal 0.73479 0.442024 -0.514488
    outer loop
      vertex 141.71 6 -7.25251
      vertex 131.954 4.5922 -22.3955
      vertex 131.386 6 -21.9972
    endloop
  endfacet
  facet normal -0.573491 0 -0.819212
    outer loop
      vertex -0.213841 1.98289 70.1497
      vertex 0 10 70
      vertex 0 2 70
    endloop
  endfacet
  facet normal -0.573651 6.36048e-06 -0.8191
    outer loop
      vertex -0.424024 1.93185 70.2969
      vertex 0 10 70
      vertex -0.213841 1.98289 70.1497
    endloop
  endfacet
  facet normal -0.5736 2.29498e-06 -0.819136
    outer loop
      vertex -0.626952 1.84776 70.439
      vertex 0 10 70
      vertex -0.424024 1.93185 70.2969
    endloop
  endfacet
  facet normal -0.57358 1.1481e-07 -0.819149
    outer loop
      vertex -5.98402 9.52024 74.1901
      vertex 0 10 70
      vertex -0.626952 1.84776 70.439
    endloop
  endfacet
  facet normal -0.573614 -4.9073e-05 -0.819126
    outer loop
      vertex -6.95074 8.48528 74.867
      vertex -0.626952 1.84776 70.439
      vertex -0.819152 1.73205 70.5736
    endloop
  endfacet
  facet normal -0.573476 0.000186916 -0.819222
    outer loop
      vertex -7.79852 7.30514 75.4606
      vertex -0.819152 1.73205 70.5736
      vertex -0.997336 1.58671 70.6983
    endloop
  endfacet
  facet normal -0.573699 -0.000208365 -0.819066
    outer loop
      vertex -7.79852 7.30514 75.4606
      vertex -0.997336 1.58671 70.6983
      vertex -1.15846 1.41421 70.8112
    endloop
  endfacet
  facet normal -0.573576 0 -0.819152
    outer loop
      vertex 0 10 70
      vertex -1.28305 11.8973 70.8984
      vertex 0 12 70
    endloop
  endfacet
  facet normal -0.573536 9.18521e-05 -0.81918
    outer loop
      vertex -8.51288 6 75.9608
      vertex -1.15846 1.41421 70.8112
      vertex -1.29975 1.21752 70.9101
    endloop
  endfacet
  facet normal -0.573607 -0.000100805 -0.819131
    outer loop
      vertex -9.08157 4.5922 76.359
      vertex -1.29975 1.21752 70.9101
      vertex -1.41881 1 70.9935
    endloop
  endfacet
  facet normal -0.573539 0.000206498 -0.819179
    outer loop
      vertex -9.49488 3.10583 76.6484
      vertex -1.41881 1 70.9935
      vertex -1.51359 0.765367 71.0598
    endloop
  endfacet
  facet normal -0.573617 -0.000190625 -0.819124
    outer loop
      vertex -9.49488 3.10583 76.6484
      vertex -1.51359 0.765367 71.0598
      vertex -1.58248 0.517637 71.1081
    endloop
  endfacet
  facet normal -0.573551 0.000235544 -0.81917
    outer loop
      vertex -9.74573 1.56631 76.824
      vertex -1.58248 0.517637 71.1081
      vertex -1.62429 0.261052 71.1373
    endloop
  endfacet
  facet normal -0.573572 -0.000283045 -0.819155
    outer loop
      vertex -9.82982 0 76.8829
      vertex -1.62429 0.261052 71.1373
      vertex -1.6383 0 71.1472
    endloop
  endfacet
  facet normal -0.573536 -9.18521e-05 -0.81918
    outer loop
      vertex -1.15846 -1.41421 70.8112
      vertex -8.51288 -6 75.9608
      vertex -1.29975 -1.21752 70.9101
    endloop
  endfacet
  facet normal -0.573572 0.000283045 -0.819155
    outer loop
      vertex -1.62429 -0.261052 71.1373
      vertex -9.82982 0 76.8829
      vertex -1.6383 0 71.1472
    endloop
  endfacet
  facet normal -0.573577 -9.04577e-07 -0.819152
    outer loop
      vertex -9.08157 -4.5922 76.359
      vertex -1.29975 -1.21752 70.9101
      vertex -8.51288 -6 75.9608
    endloop
  endfacet
  facet normal -0.573578 -1.0101e-05 -0.819151
    outer loop
      vertex -1.62429 0.261052 71.1373
      vertex -9.82982 0 76.8829
      vertex -9.74573 1.56631 76.824
    endloop
  endfacet
  facet normal -0.573607 0.000100805 -0.819131
    outer loop
      vertex -1.29975 -1.21752 70.9101
      vertex -9.08157 -4.5922 76.359
      vertex -1.41881 -1 70.9935
    endloop
  endfacet
  facet normal -0.57357 2.3419e-05 -0.819157
    outer loop
      vertex -1.58248 0.517637 71.1081
      vertex -9.74573 1.56631 76.824
      vertex -9.49488 3.10583 76.6484
    endloop
  endfacet
  facet normal -0.573575 -7.674e-07 -0.819153
    outer loop
      vertex -9.49488 -3.10583 76.6484
      vertex -1.41881 -1 70.9935
      vertex -9.08157 -4.5922 76.359
    endloop
  endfacet
  facet normal -0.573575 7.674e-07 -0.819153
    outer loop
      vertex -1.41881 1 70.9935
      vertex -9.49488 3.10583 76.6484
      vertex -9.08157 4.5922 76.359
    endloop
  endfacet
  facet normal -0.573539 -0.000206498 -0.819179
    outer loop
      vertex -1.41881 -1 70.9935
      vertex -9.49488 -3.10583 76.6484
      vertex -1.51359 -0.765367 71.0598
    endloop
  endfacet
  facet normal -0.573578 1.0101e-05 -0.819151
    outer loop
      vertex -9.82982 0 76.8829
      vertex -1.62429 -0.261052 71.1373
      vertex -9.74573 -1.56631 76.824
    endloop
  endfacet
  facet normal -0.573617 0.000190625 -0.819124
    outer loop
      vertex -1.51359 -0.765367 71.0598
      vertex -9.49488 -3.10583 76.6484
      vertex -1.58248 -0.517637 71.1081
    endloop
  endfacet
  facet normal -0.57357 -2.3419e-05 -0.819157
    outer loop
      vertex -9.74573 -1.56631 76.824
      vertex -1.58248 -0.517637 71.1081
      vertex -9.49488 -3.10583 76.6484
    endloop
  endfacet
  facet normal -0.573551 -0.000235544 -0.81917
    outer loop
      vertex -1.58248 -0.517637 71.1081
      vertex -9.74573 -1.56631 76.824
      vertex -1.62429 -0.261052 71.1373
    endloop
  endfacet
  facet normal -0.573582 -1.10267e-05 -0.819148
    outer loop
      vertex 0 10 70
      vertex -4.91491 10.3923 73.4415
      vertex -3.76171 11.0866 72.634
    endloop
  endfacet
  facet normal -0.573575 -8.03472e-07 -0.819153
    outer loop
      vertex -1.15846 1.41421 70.8112
      vertex -8.51288 6 75.9608
      vertex -7.79852 7.30514 75.4606
    endloop
  endfacet
  facet normal -0.573564 1.14954e-05 -0.81916
    outer loop
      vertex 0 10 70
      vertex -2.54415 11.5911 71.7814
      vertex -1.28305 11.8973 70.8984
    endloop
  endfacet
  facet normal -0.573571 9.35452e-06 -0.819156
    outer loop
      vertex -0.819152 1.73205 70.5736
      vertex -7.79852 7.30514 75.4606
      vertex -6.95074 8.48528 74.867
    endloop
  endfacet
  facet normal -0.573589 -4.60099e-05 -0.819144
    outer loop
      vertex 0 10 70
      vertex -3.76171 11.0866 72.634
      vertex -2.54415 11.5911 71.7814
    endloop
  endfacet
  facet normal -0.573581 7.03974e-06 -0.819149
    outer loop
      vertex 0 10 70
      vertex -5.98402 9.52024 74.1901
      vertex -4.91491 10.3923 73.4415
    endloop
  endfacet
  facet normal -0.573577 4.0487e-06 -0.819152
    outer loop
      vertex -0.626952 1.84776 70.439
      vertex -6.95074 8.48528 74.867
      vertex -5.98402 9.52024 74.1901
    endloop
  endfacet
  facet normal -0.573577 9.04577e-07 -0.819152
    outer loop
      vertex -1.29975 1.21752 70.9101
      vertex -9.08157 4.5922 76.359
      vertex -8.51288 6 75.9608
    endloop
  endfacet
  facet normal -0.573578 7.04894e-05 -0.819151
    outer loop
      vertex 9.91445 -1.30526 63.0578
      vertex 103.213 0 -2.27063
      vertex 103.381 -1.56631 -2.3884
    endloop
  endfacet
  facet normal -0.573577 -0.000114216 -0.819152
    outer loop
      vertex 9.65926 -2.58819 63.2365
      vertex 103.381 -1.56631 -2.3884
      vertex 103.883 -3.10583 -2.73969
    endloop
  endfacet
  facet normal -0.573574 -0.000148074 -0.819153
    outer loop
      vertex 8.66025 -5 63.936
      vertex 103.883 -3.10583 -2.73969
      vertex 104.71 -4.5922 -3.31849
    endloop
  endfacet
  facet normal -0.573577 0.000158994 -0.819152
    outer loop
      vertex 7.93353 -6.08761 64.4449
      vertex 104.71 -4.5922 -3.31849
      vertex 105.847 -6 -4.1149
    endloop
  endfacet
  facet normal -0.573576 -0.000128572 -0.819153
    outer loop
      vertex 7.07107 -7.07107 65.0488
      vertex 105.847 -6 -4.1149
      vertex 107.276 -7.30514 -5.11529
    endloop
  endfacet
  facet normal -0.573577 0.000282962 -0.819152
    outer loop
      vertex 6.08761 -7.93353 65.7374
      vertex 107.276 -7.30514 -5.11529
      vertex 108.971 -8.48528 -6.30255
    endloop
  endfacet
  facet normal -0.573571 -0.000295266 -0.819156
    outer loop
      vertex 0 -12 70
      vertex 108.971 -8.48528 -6.30255
      vertex 110.905 -9.52024 -7.65636
    endloop
  endfacet
  facet normal -0.573578 0.000132963 -0.819151
    outer loop
      vertex 0 -12 70
      vertex 110.905 -9.52024 -7.65636
      vertex 113.043 -10.3923 -9.15355
    endloop
  endfacet
  facet normal -0.573579 0.000306027 -0.81915
    outer loop
      vertex 0 -12 70
      vertex 113.043 -10.3923 -9.15355
      vertex 115.349 -11.0866 -10.7685
    endloop
  endfacet
  facet normal -0.573572 -0.000955649 -0.819154
    outer loop
      vertex 0 -12 70
      vertex 115.349 -11.0866 -10.7685
      vertex 117.785 -11.5911 -12.4736
    endloop
  endfacet
  facet normal -0.573576 0.000478487 -0.819152
    outer loop
      vertex 0 -12 70
      vertex 117.785 -11.5911 -12.4736
      vertex 120.307 -11.8973 -14.2397
    endloop
  endfacet
  facet normal -0.573577 1.77772e-06 -0.819152
    outer loop
      vertex 103.213 0 -2.27063
      vertex 9.91445 -1.30526 63.0578
      vertex 10 0 62.9979
    endloop
  endfacet
  facet normal -0.573578 -8.58021e-06 -0.819151
    outer loop
      vertex 103.381 -1.56631 -2.3884
      vertex 9.65926 -2.58819 63.2365
      vertex 9.91445 -1.30526 63.0578
    endloop
  endfacet
  facet normal -0.573577 6.16353e-06 -0.819152
    outer loop
      vertex 103.883 -3.10583 -2.73969
      vertex 9.2388 -3.82683 63.5309
      vertex 9.65926 -2.58819 63.2365
    endloop
  endfacet
  facet normal -0.573576 3.58732e-06 -0.819152
    outer loop
      vertex 103.883 -3.10583 -2.73969
      vertex 8.66025 -5 63.936
      vertex 9.2388 -3.82683 63.5309
    endloop
  endfacet
  facet normal -0.573575 -3.56605e-05 -0.819153
    outer loop
      vertex 104.71 -4.5922 -3.31849
      vertex 7.93353 -6.08761 64.4449
      vertex 8.66025 -5 63.936
    endloop
  endfacet
  facet normal -0.573577 1.19678e-06 -0.819152
    outer loop
      vertex 105.847 -6 -4.1149
      vertex 7.07107 -7.07107 65.0488
      vertex 7.93353 -6.08761 64.4449
    endloop
  endfacet
  facet normal -0.573576 2.32659e-05 -0.819153
    outer loop
      vertex 107.276 -7.30514 -5.11529
      vertex 6.08761 -7.93353 65.7374
      vertex 7.07107 -7.07107 65.0488
    endloop
  endfacet
  facet normal -0.573576 0.000554845 -0.819152
    outer loop
      vertex 0 -12 70
      vertex 120.307 -11.8973 -14.2397
      vertex 122.873 -12 -16.0365
    endloop
  endfacet
  facet normal -0.573578 -5.02115e-05 -0.819151
    outer loop
      vertex 108.971 -8.48528 -6.30255
      vertex 5 -8.66025 66.499
      vertex 6.08761 -7.93353 65.7374
    endloop
  endfacet
  facet normal -0.573578 1.24849e-05 -0.819151
    outer loop
      vertex 108.971 -8.48528 -6.30255
      vertex 0 -12 70
      vertex 5 -8.66025 66.499
    endloop
  endfacet
  facet normal -0.573476 -0.00021426 -0.819222
    outer loop
      vertex 5 -8.66025 66.499
      vertex 0 -12 70
      vertex 3.82683 -9.2388 67.3204
    endloop
  endfacet
  facet normal -0.573569 -2.26533e-05 -0.819157
    outer loop
      vertex 3.82683 -9.2388 67.3204
      vertex 0 -12 70
      vertex 2.58819 -9.65926 68.1877
    endloop
  endfacet
  facet normal -0.573565 -2.90111e-05 -0.81916
    outer loop
      vertex 2.58819 -9.65926 68.1877
      vertex 0 -12 70
      vertex 1.30526 -9.91445 69.086
    endloop
  endfacet
  facet normal -0.573596 0 -0.819138
    outer loop
      vertex 0 -12 70
      vertex 0 -10 70
      vertex 1.30526 -9.91445 69.086
    endloop
  endfacet
  facet normal -0.573576 0 -0.819152
    outer loop
      vertex -1.28305 -11.8973 70.8984
      vertex 0 -10 70
      vertex 0 -12 70
    endloop
  endfacet
  facet normal -0.573564 -1.14954e-05 -0.81916
    outer loop
      vertex -2.54415 -11.5911 71.7814
      vertex 0 -10 70
      vertex -1.28305 -11.8973 70.8984
    endloop
  endfacet
  facet normal -0.573491 0 -0.819212
    outer loop
      vertex 0 -10 70
      vertex -0.213841 -1.98289 70.1497
      vertex 0 -2 70
    endloop
  endfacet
  facet normal -0.573589 4.60099e-05 -0.819144
    outer loop
      vertex -3.76171 -11.0866 72.634
      vertex 0 -10 70
      vertex -2.54415 -11.5911 71.7814
    endloop
  endfacet
  facet normal -0.573651 -6.36048e-06 -0.8191
    outer loop
      vertex 0 -10 70
      vertex -0.424024 -1.93185 70.2969
      vertex -0.213841 -1.98289 70.1497
    endloop
  endfacet
  facet normal -0.5736 -2.29498e-06 -0.819136
    outer loop
      vertex 0 -10 70
      vertex -0.626952 -1.84776 70.439
      vertex -0.424024 -1.93185 70.2969
    endloop
  endfacet
  facet normal -0.573582 1.10267e-05 -0.819148
    outer loop
      vertex -4.91491 -10.3923 73.4415
      vertex 0 -10 70
      vertex -3.76171 -11.0866 72.634
    endloop
  endfacet
  facet normal -0.573581 -7.03974e-06 -0.819149
    outer loop
      vertex -5.98402 -9.52024 74.1901
      vertex 0 -10 70
      vertex -4.91491 -10.3923 73.4415
    endloop
  endfacet
  facet normal -0.57358 -1.1481e-07 -0.819149
    outer loop
      vertex 0 -10 70
      vertex -5.98402 -9.52024 74.1901
      vertex -0.626952 -1.84776 70.439
    endloop
  endfacet
  facet normal -0.573577 -4.0487e-06 -0.819152
    outer loop
      vertex -6.95074 -8.48528 74.867
      vertex -0.626952 -1.84776 70.439
      vertex -5.98402 -9.52024 74.1901
    endloop
  endfacet
  facet normal -0.573614 4.9073e-05 -0.819126
    outer loop
      vertex -0.626952 -1.84776 70.439
      vertex -6.95074 -8.48528 74.867
      vertex -0.819152 -1.73205 70.5736
    endloop
  endfacet
  facet normal -0.573571 -9.35452e-06 -0.819156
    outer loop
      vertex -7.79852 -7.30514 75.4606
      vertex -0.819152 -1.73205 70.5736
      vertex -6.95074 -8.48528 74.867
    endloop
  endfacet
  facet normal -0.573476 -0.000186916 -0.819222
    outer loop
      vertex -0.819152 -1.73205 70.5736
      vertex -7.79852 -7.30514 75.4606
      vertex -0.997336 -1.58671 70.6983
    endloop
  endfacet
  facet normal -0.573699 0.000208365 -0.819066
    outer loop
      vertex -0.997336 -1.58671 70.6983
      vertex -7.79852 -7.30514 75.4606
      vertex -1.15846 -1.41421 70.8112
    endloop
  endfacet
  facet normal -0.573575 8.03472e-07 -0.819153
    outer loop
      vertex -8.51288 -6 75.9608
      vertex -1.15846 -1.41421 70.8112
      vertex -7.79852 -7.30514 75.4606
    endloop
  endfacet
  facet normal -0.573577 -1.77772e-06 -0.819152
    outer loop
      vertex 9.91445 1.30526 63.0578
      vertex 103.213 0 -2.27063
      vertex 10 0 62.9979
    endloop
  endfacet
  facet normal -0.573578 -7.04894e-05 -0.819151
    outer loop
      vertex 103.213 0 -2.27063
      vertex 9.91445 1.30526 63.0578
      vertex 103.381 1.56631 -2.3884
    endloop
  endfacet
  facet normal -0.573578 8.58021e-06 -0.819151
    outer loop
      vertex 9.65926 2.58819 63.2365
      vertex 103.381 1.56631 -2.3884
      vertex 9.91445 1.30526 63.0578
    endloop
  endfacet
  facet normal -0.573577 0.000114216 -0.819152
    outer loop
      vertex 103.381 1.56631 -2.3884
      vertex 9.65926 2.58819 63.2365
      vertex 103.883 3.10583 -2.73969
    endloop
  endfacet
  facet normal -0.573577 -6.16353e-06 -0.819152
    outer loop
      vertex 9.2388 3.82683 63.5309
      vertex 103.883 3.10583 -2.73969
      vertex 9.65926 2.58819 63.2365
    endloop
  endfacet
  facet normal -0.573576 -3.58732e-06 -0.819152
    outer loop
      vertex 8.66025 5 63.936
      vertex 103.883 3.10583 -2.73969
      vertex 9.2388 3.82683 63.5309
    endloop
  endfacet
  facet normal -0.573574 0.000148074 -0.819153
    outer loop
      vertex 103.883 3.10583 -2.73969
      vertex 8.66025 5 63.936
      vertex 104.71 4.5922 -3.31849
    endloop
  endfacet
  facet normal -0.573575 3.56605e-05 -0.819153
    outer loop
      vertex 7.93353 6.08761 64.4449
      vertex 104.71 4.5922 -3.31849
      vertex 8.66025 5 63.936
    endloop
  endfacet
  facet normal -0.573577 -0.000158994 -0.819152
    outer loop
      vertex 104.71 4.5922 -3.31849
      vertex 7.93353 6.08761 64.4449
      vertex 105.847 6 -4.1149
    endloop
  endfacet
  facet normal -0.573577 -1.19678e-06 -0.819152
    outer loop
      vertex 7.07107 7.07107 65.0488
      vertex 105.847 6 -4.1149
      vertex 7.93353 6.08761 64.4449
    endloop
  endfacet
  facet normal -0.573576 0.000128572 -0.819153
    outer loop
      vertex 105.847 6 -4.1149
      vertex 7.07107 7.07107 65.0488
      vertex 107.276 7.30514 -5.11529
    endloop
  endfacet
  facet normal -0.573576 -2.32659e-05 -0.819153
    outer loop
      vertex 6.08761 7.93353 65.7374
      vertex 107.276 7.30514 -5.11529
      vertex 7.07107 7.07107 65.0488
    endloop
  endfacet
  facet normal -0.573577 -0.000282962 -0.819152
    outer loop
      vertex 107.276 7.30514 -5.11529
      vertex 6.08761 7.93353 65.7374
      vertex 108.971 8.48528 -6.30255
    endloop
  endfacet
  facet normal -0.573578 5.02115e-05 -0.819151
    outer loop
      vertex 5 8.66025 66.499
      vertex 108.971 8.48528 -6.30255
      vertex 6.08761 7.93353 65.7374
    endloop
  endfacet
  facet normal -0.573578 -1.24849e-05 -0.819151
    outer loop
      vertex 0 12 70
      vertex 108.971 8.48528 -6.30255
      vertex 5 8.66025 66.499
    endloop
  endfacet
  facet normal -0.573571 0.000295266 -0.819156
    outer loop
      vertex 108.971 8.48528 -6.30255
      vertex 0 12 70
      vertex 110.905 9.52024 -7.65636
    endloop
  endfacet
  facet normal -0.573578 -0.000132963 -0.819151
    outer loop
      vertex 110.905 9.52024 -7.65636
      vertex 0 12 70
      vertex 113.043 10.3923 -9.15355
    endloop
  endfacet
  facet normal -0.573579 -0.000306027 -0.81915
    outer loop
      vertex 113.043 10.3923 -9.15355
      vertex 0 12 70
      vertex 115.349 11.0866 -10.7685
    endloop
  endfacet
  facet normal -0.573572 0.000955649 -0.819154
    outer loop
      vertex 115.349 11.0866 -10.7685
      vertex 0 12 70
      vertex 117.785 11.5911 -12.4736
    endloop
  endfacet
  facet normal -0.573576 -0.000478487 -0.819152
    outer loop
      vertex 117.785 11.5911 -12.4736
      vertex 0 12 70
      vertex 120.307 11.8973 -14.2397
    endloop
  endfacet
  facet normal -0.573476 0.00021426 -0.819222
    outer loop
      vertex 0 12 70
      vertex 5 8.66025 66.499
      vertex 3.82683 9.2388 67.3204
    endloop
  endfacet
  facet normal -0.573569 2.26533e-05 -0.819157
    outer loop
      vertex 0 12 70
      vertex 3.82683 9.2388 67.3204
      vertex 2.58819 9.65926 68.1877
    endloop
  endfacet
  facet normal -0.573565 2.90111e-05 -0.81916
    outer loop
      vertex 0 12 70
      vertex 2.58819 9.65926 68.1877
      vertex 1.30526 9.91445 69.086
    endloop
  endfacet
  facet normal -0.573596 -0 -0.819138
    outer loop
      vertex 0 12 70
      vertex 1.30526 9.91445 69.086
      vertex 0 10 70
    endloop
  endfacet
  facet normal -0.573576 -0.000554845 -0.819152
    outer loop
      vertex 120.307 11.8973 -14.2397
      vertex 0 12 70
      vertex 122.873 12 -16.0365
    endloop
  endfacet
  facet normal -0.573555 -4.48807e-05 -0.819167
    outer loop
      vertex 124.497 -0.261052 -17.1738
      vertex 132.703 0 -22.9194
      vertex 132.619 -1.56631 -22.8605
    endloop
  endfacet
  facet normal -0.573537 7.1347e-05 -0.81918
    outer loop
      vertex 124.455 -0.517637 -17.1445
      vertex 132.619 -1.56631 -22.8605
      vertex 132.368 -3.10583 -22.6849
    endloop
  endfacet
  facet normal -0.573556 7.50777e-06 -0.819166
    outer loop
      vertex 132.703 0 -22.9194
      vertex 124.497 -0.261052 -17.1738
      vertex 124.511 0 -17.1836
    endloop
  endfacet
  facet normal -0.573541 0.000252935 -0.819177
    outer loop
      vertex 124.292 -1 -17.0299
      vertex 132.368 -3.10583 -22.6849
      vertex 131.954 -4.5922 -22.3955
    endloop
  endfacet
  facet normal -0.573556 -7.50777e-06 -0.819166
    outer loop
      vertex 124.497 0.261052 -17.1738
      vertex 132.703 0 -22.9194
      vertex 124.511 0 -17.1836
    endloop
  endfacet
  facet normal -0.573695 -0.000267092 -0.819069
    outer loop
      vertex 124.173 -1.21752 -16.9466
      vertex 131.954 -4.5922 -22.3955
      vertex 131.386 -6 -21.9972
    endloop
  endfacet
  facet normal -0.573555 4.48807e-05 -0.819167
    outer loop
      vertex 132.703 0 -22.9194
      vertex 124.497 0.261052 -17.1738
      vertex 132.619 1.56631 -22.8605
    endloop
  endfacet
  facet normal -0.573445 0.000237189 -0.819244
    outer loop
      vertex 124.031 -1.41421 -16.8476
      vertex 131.386 -6 -21.9972
      vertex 130.671 -7.30514 -21.4971
    endloop
  endfacet
  facet normal -0.573515 -0.000331998 -0.819195
    outer loop
      vertex 124.455 0.517637 -17.1445
      vertex 132.619 1.56631 -22.8605
      vertex 124.497 0.261052 -17.1738
    endloop
  endfacet
  facet normal -0.573742 -0.00025656 -0.819036
    outer loop
      vertex 123.692 -1.73205 -16.61
      vertex 130.671 -7.30514 -21.4971
      vertex 129.824 -8.48528 -20.9034
    endloop
  endfacet
  facet normal -0.573537 -7.1347e-05 -0.81918
    outer loop
      vertex 132.619 1.56631 -22.8605
      vertex 124.455 0.517637 -17.1445
      vertex 132.368 3.10583 -22.6849
    endloop
  endfacet
  facet normal -0.573511 6.72177e-05 -0.819198
    outer loop
      vertex 123.5 -1.84776 -16.4755
      vertex 129.824 -8.48528 -20.9034
      vertex 128.857 -9.52024 -20.2265
    endloop
  endfacet
  facet normal -0.573479 -0.000337436 -0.81922
    outer loop
      vertex 124.386 0.765367 -17.0963
      vertex 132.368 3.10583 -22.6849
      vertex 124.455 0.517637 -17.1445
    endloop
  endfacet
  facet normal -0.573602 -2.7437e-05 -0.819134
    outer loop
      vertex 123.5 -1.84776 -16.4755
      vertex 128.857 -9.52024 -20.2265
      vertex 127.788 -10.3923 -19.4779
    endloop
  endfacet
  facet normal -0.573541 -0.000252935 -0.819177
    outer loop
      vertex 132.368 3.10583 -22.6849
      vertex 124.292 1 -17.0299
      vertex 131.954 4.5922 -22.3955
    endloop
  endfacet
  facet normal -0.573631 -5.5613e-05 -0.819114
    outer loop
      vertex 123.297 -1.93185 -16.3334
      vertex 127.788 -10.3923 -19.4779
      vertex 126.635 -11.0866 -18.6704
    endloop
  endfacet
  facet normal -0.573588 -0.000102407 -0.819144
    outer loop
      vertex 124.173 1.21752 -16.9466
      vertex 131.954 4.5922 -22.3955
      vertex 124.292 1 -17.0299
    endloop
  endfacet
  facet normal -0.573436 6.90603e-05 -0.81925
    outer loop
      vertex 123.087 -1.98289 -16.1862
      vertex 126.635 -11.0866 -18.6704
      vertex 125.417 -11.5911 -17.8179
    endloop
  endfacet
  facet normal -0.573695 0.000267092 -0.819069
    outer loop
      vertex 131.954 4.5922 -22.3955
      vertex 124.173 1.21752 -16.9466
      vertex 131.386 6 -21.9972
    endloop
  endfacet
  facet normal -0.573038 -0.00121032 -0.819528
    outer loop
      vertex 124.031 1.41421 -16.8476
      vertex 131.386 6 -21.9972
      vertex 124.173 1.21752 -16.9466
    endloop
  endfacet
  facet normal -0.573904 0.00182985 -0.818921
    outer loop
      vertex 124.292 1 -17.0299
      vertex 132.368 3.10583 -22.6849
      vertex 124.386 0.765367 -17.0963
    endloop
  endfacet
  facet normal -0.573515 0.000331998 -0.819195
    outer loop
      vertex 132.619 -1.56631 -22.8605
      vertex 124.455 -0.517637 -17.1445
      vertex 124.497 -0.261052 -17.1738
    endloop
  endfacet
  facet normal -0.573479 0.000337436 -0.81922
    outer loop
      vertex 132.368 -3.10583 -22.6849
      vertex 124.386 -0.765367 -17.0963
      vertex 124.455 -0.517637 -17.1445
    endloop
  endfacet
  facet normal -0.573904 -0.00182985 -0.818921
    outer loop
      vertex 132.368 -3.10583 -22.6849
      vertex 124.292 -1 -17.0299
      vertex 124.386 -0.765367 -17.0963
    endloop
  endfacet
  facet normal -0.573588 0.000102407 -0.819144
    outer loop
      vertex 131.954 -4.5922 -22.3955
      vertex 124.173 -1.21752 -16.9466
      vertex 124.292 -1 -17.0299
    endloop
  endfacet
  facet normal -0.573595 1.1729e-05 -0.819139
    outer loop
      vertex 123.087 -1.98289 -16.1862
      vertex 125.417 -11.5911 -17.8179
      vertex 124.156 -11.8973 -16.9349
    endloop
  endfacet
  facet normal -0.573038 0.00121032 -0.819528
    outer loop
      vertex 131.386 -6 -21.9972
      vertex 124.031 -1.41421 -16.8476
      vertex 124.173 -1.21752 -16.9466
    endloop
  endfacet
  facet normal -0.573685 -0.000165275 -0.819076
    outer loop
      vertex 130.671 -7.30514 -21.4971
      vertex 123.87 -1.58671 -16.7348
      vertex 124.031 -1.41421 -16.8476
    endloop
  endfacet
  facet normal -0.573839 -0.000438968 -0.818968
    outer loop
      vertex 130.671 -7.30514 -21.4971
      vertex 123.692 -1.73205 -16.61
      vertex 123.87 -1.58671 -16.7348
    endloop
  endfacet
  facet normal -0.573679 -0.000171969 -0.81908
    outer loop
      vertex 129.824 -8.48528 -20.9034
      vertex 123.5 -1.84776 -16.4755
      vertex 123.692 -1.73205 -16.61
    endloop
  endfacet
  facet normal -0.57348 6.35006e-05 -0.81922
    outer loop
      vertex 127.788 -10.3923 -19.4779
      vertex 123.297 -1.93185 -16.3334
      vertex 123.5 -1.84776 -16.4755
    endloop
  endfacet
  facet normal -0.573948 -0.000228349 -0.818891
    outer loop
      vertex 126.635 -11.0866 -18.6704
      vertex 123.087 -1.98289 -16.1862
      vertex 123.297 -1.93185 -16.3334
    endloop
  endfacet
  facet normal -0.573591 -0 -0.819142
    outer loop
      vertex 122.873 -2 -16.0365
      vertex 124.156 -11.8973 -16.9349
      vertex 122.873 -12 -16.0365
    endloop
  endfacet
  facet normal -0.573209 7.37094e-05 -0.819409
    outer loop
      vertex 124.156 -11.8973 -16.9349
      vertex 122.873 -2 -16.0365
      vertex 123.087 -1.98289 -16.1862
    endloop
  endfacet
  facet normal -0.573445 -0.000237189 -0.819244
    outer loop
      vertex 131.386 6 -21.9972
      vertex 124.031 1.41421 -16.8476
      vertex 130.671 7.30514 -21.4971
    endloop
  endfacet
  facet normal -0.573685 0.000165275 -0.819076
    outer loop
      vertex 123.87 1.58671 -16.7348
      vertex 130.671 7.30514 -21.4971
      vertex 124.031 1.41421 -16.8476
    endloop
  endfacet
  facet normal -0.573839 0.000438968 -0.818968
    outer loop
      vertex 123.692 1.73205 -16.61
      vertex 130.671 7.30514 -21.4971
      vertex 123.87 1.58671 -16.7348
    endloop
  endfacet
  facet normal -0.573742 0.00025656 -0.819036
    outer loop
      vertex 130.671 7.30514 -21.4971
      vertex 123.692 1.73205 -16.61
      vertex 129.824 8.48528 -20.9034
    endloop
  endfacet
  facet normal -0.573679 0.000171969 -0.81908
    outer loop
      vertex 123.5 1.84776 -16.4755
      vertex 129.824 8.48528 -20.9034
      vertex 123.692 1.73205 -16.61
    endloop
  endfacet
  facet normal -0.573511 -6.72177e-05 -0.819198
    outer loop
      vertex 129.824 8.48528 -20.9034
      vertex 123.5 1.84776 -16.4755
      vertex 128.857 9.52024 -20.2265
    endloop
  endfacet
  facet normal -0.573602 2.7437e-05 -0.819134
    outer loop
      vertex 128.857 9.52024 -20.2265
      vertex 123.5 1.84776 -16.4755
      vertex 127.788 10.3923 -19.4779
    endloop
  endfacet
  facet normal -0.57348 -6.35006e-05 -0.81922
    outer loop
      vertex 123.297 1.93185 -16.3334
      vertex 127.788 10.3923 -19.4779
      vertex 123.5 1.84776 -16.4755
    endloop
  endfacet
  facet normal -0.573631 5.5613e-05 -0.819114
    outer loop
      vertex 127.788 10.3923 -19.4779
      vertex 123.297 1.93185 -16.3334
      vertex 126.635 11.0866 -18.6704
    endloop
  endfacet
  facet normal -0.573948 0.000228349 -0.818891
    outer loop
      vertex 123.087 1.98289 -16.1862
      vertex 126.635 11.0866 -18.6704
      vertex 123.297 1.93185 -16.3334
    endloop
  endfacet
  facet normal -0.573436 -6.90603e-05 -0.81925
    outer loop
      vertex 126.635 11.0866 -18.6704
      vertex 123.087 1.98289 -16.1862
      vertex 125.417 11.5911 -17.8179
    endloop
  endfacet
  facet normal -0.573595 -1.1729e-05 -0.819139
    outer loop
      vertex 125.417 11.5911 -17.8179
      vertex 123.087 1.98289 -16.1862
      vertex 124.156 11.8973 -16.9349
    endloop
  endfacet
  facet normal -0.573209 -7.37094e-05 -0.819409
    outer loop
      vertex 122.873 2 -16.0365
      vertex 124.156 11.8973 -16.9349
      vertex 123.087 1.98289 -16.1862
    endloop
  endfacet
  facet normal -0.573591 0 -0.819142
    outer loop
      vertex 124.156 11.8973 -16.9349
      vertex 122.873 2 -16.0365
      vertex 122.873 12 -16.0365
    endloop
  endfacet
  facet normal -0.573199 0.00478903 -0.819402
    outer loop
      vertex 122.445 -1.98289 -15.737
      vertex 122.659 -1.98289 -15.8867
      vertex 122.873 -2 -16.0365
    endloop
  endfacet
  facet normal -0.573202 0.00318084 -0.819408
    outer loop
      vertex 122.445 -1.98289 -15.737
      vertex 122.449 -1.93185 -15.7396
      vertex 122.659 -1.98289 -15.8867
    endloop
  endfacet
  facet normal -0.572594 0.0031115 -0.819833
    outer loop
      vertex 122.445 -1.98289 -15.737
      vertex 122.246 -1.84776 -15.5975
      vertex 122.449 -1.93185 -15.7396
    endloop
  endfacet
  facet normal -0.57382 0.000427087 -0.818981
    outer loop
      vertex 122.025 -1.93185 -15.4427
      vertex 122.246 -1.84776 -15.5975
      vertex 122.445 -1.98289 -15.737
    endloop
  endfacet
  facet normal -0.573836 0.000490787 -0.81897
    outer loop
      vertex 122.246 -1.84776 -15.5975
      vertex 122.025 -1.93185 -15.4427
      vertex 122.054 -1.73205 -15.4629
    endloop
  endfacet
  facet normal -0.571885 6.97649e-05 -0.820334
    outer loop
      vertex 122.025 -1.93185 -15.4427
      vertex 121.875 -1.58671 -15.3381
      vertex 122.054 -1.73205 -15.4629
    endloop
  endfacet
  facet normal -0.573607 -0.00104324 -0.81913
    outer loop
      vertex 121.619 -1.84776 -15.1585
      vertex 121.875 -1.58671 -15.3381
      vertex 122.025 -1.93185 -15.4427
    endloop
  endfacet
  facet normal -0.574069 -0.000368605 -0.818807
    outer loop
      vertex 121.875 -1.58671 -15.3381
      vertex 121.619 -1.84776 -15.1585
      vertex 121.714 -1.41421 -15.2253
    endloop
  endfacet
  facet normal -0.574107 -0.000356161 -0.818781
    outer loop
      vertex 121.235 -1.73205 -14.8893
      vertex 121.714 -1.41421 -15.2253
      vertex 121.619 -1.84776 -15.1585
    endloop
  endfacet
  facet normal -0.574257 -1.70766e-05 -0.818675
    outer loop
      vertex 121.714 -1.41421 -15.2253
      vertex 121.235 -1.73205 -14.8893
      vertex 121.573 -1.21752 -15.1264
    endloop
  endfacet
  facet normal -0.573147 -0.00110416 -0.819452
    outer loop
      vertex 120.878 -1.58671 -14.6398
      vertex 121.573 -1.21752 -15.1264
      vertex 121.235 -1.73205 -14.8893
    endloop
  endfacet
  facet normal -0.573628 0.000241818 -0.819116
    outer loop
      vertex 121.573 -1.21752 -15.1264
      vertex 120.878 -1.58671 -14.6398
      vertex 121.454 -1 -15.043
    endloop
  endfacet
  facet normal -0.573798 0.00049092 -0.818997
    outer loop
      vertex 120.556 -1.41421 -14.4141
      vertex 121.454 -1 -15.043
      vertex 120.878 -1.58671 -14.6398
    endloop
  endfacet
  facet normal -0.573526 -0.000387561 -0.819187
    outer loop
      vertex 121.454 -1 -15.043
      vertex 120.556 -1.41421 -14.4141
      vertex 121.359 -0.765367 -14.9766
    endloop
  endfacet
  facet normal -0.573275 -0.000849433 -0.819362
    outer loop
      vertex 120.273 -1.21752 -14.2163
      vertex 121.359 -0.765367 -14.9766
      vertex 120.556 -1.41421 -14.4141
    endloop
  endfacet
  facet normal -0.573425 -0.000315169 -0.819258
    outer loop
      vertex 121.359 -0.765367 -14.9766
      vertex 120.273 -1.21752 -14.2163
      vertex 121.29 -0.517637 -14.9284
    endloop
  endfacet
  facet normal -0.573722 0.000329065 -0.81905
    outer loop
      vertex 120.035 -1 -14.0495
      vertex 121.29 -0.517637 -14.9284
      vertex 120.273 -1.21752 -14.2163
    endloop
  endfacet
  facet normal -0.572846 0 -0.819663
    outer loop
      vertex 121.235 0 -14.8893
      vertex 120.878 1.58671 -14.6398
      vertex 121.235 1.73205 -14.8893
    endloop
  endfacet
  facet normal -0.574092 0.00176459 -0.818789
    outer loop
      vertex 121.29 -0.517637 -14.9284
      vertex 120.035 -1 -14.0495
      vertex 121.249 -0.261052 -14.8991
    endloop
  endfacet
  facet normal -0.573853 -0.000337452 -0.818958
    outer loop
      vertex 121.235 0 -14.8893
      vertex 120.556 1.41421 -14.4141
      vertex 120.878 1.58671 -14.6398
    endloop
  endfacet
  facet normal -0.573784 0.0010098 -0.819006
    outer loop
      vertex 119.846 -0.765367 -13.9168
      vertex 121.249 -0.261052 -14.8991
      vertex 120.035 -1 -14.0495
    endloop
  endfacet
  facet normal -0.573005 0.000269308 -0.819552
    outer loop
      vertex 121.235 0 -14.8893
      vertex 120.273 1.21752 -14.2163
      vertex 120.556 1.41421 -14.4141
    endloop
  endfacet
  facet normal -0.573461 -0.000329727 -0.819233
    outer loop
      vertex 119.708 -0.517637 -13.8203
      vertex 121.249 -0.261052 -14.8991
      vertex 119.846 -0.765367 -13.9168
    endloop
  endfacet
  facet normal -0.573635 -0.000472074 -0.819111
    outer loop
      vertex 121.235 0 -14.8893
      vertex 120.035 1 -14.0495
      vertex 120.273 1.21752 -14.2163
    endloop
  endfacet
  facet normal -0.573498 -2.82573e-06 -0.819207
    outer loop
      vertex 121.249 -0.261052 -14.8991
      vertex 119.708 -0.517637 -13.8203
      vertex 121.235 0 -14.8893
    endloop
  endfacet
  facet normal -0.573874 -0.000901158 -0.818943
    outer loop
      vertex 121.235 0 -14.8893
      vertex 119.846 0.765367 -13.9168
      vertex 120.035 1 -14.0495
    endloop
  endfacet
  facet normal -0.573298 -0.000878099 -0.819346
    outer loop
      vertex 119.624 -0.261052 -13.7618
      vertex 121.235 0 -14.8893
      vertex 119.708 -0.517637 -13.8203
    endloop
  endfacet
  facet normal -0.573429 0.000303315 -0.819255
    outer loop
      vertex 121.235 0 -14.8893
      vertex 119.708 0.517637 -13.8203
      vertex 119.846 0.765367 -13.9168
    endloop
  endfacet
  facet normal -0.573395 1.07229e-05 -0.819279
    outer loop
      vertex 119.596 0 -13.7422
      vertex 121.235 0 -14.8893
      vertex 119.624 -0.261052 -13.7618
    endloop
  endfacet
  facet normal -0.573298 0.000878099 -0.819346
    outer loop
      vertex 121.235 0 -14.8893
      vertex 119.624 0.261052 -13.7618
      vertex 119.708 0.517637 -13.8203
    endloop
  endfacet
  facet normal -0.573395 -1.07229e-05 -0.819279
    outer loop
      vertex 121.235 0 -14.8893
      vertex 119.596 0 -13.7422
      vertex 119.624 0.261052 -13.7618
    endloop
  endfacet
  facet normal -0.573199 -0.00478903 -0.819402
    outer loop
      vertex 122.659 1.98289 -15.8867
      vertex 122.445 1.98289 -15.737
      vertex 122.873 2 -16.0365
    endloop
  endfacet
  facet normal -0.573202 -0.00318084 -0.819408
    outer loop
      vertex 122.449 1.93185 -15.7396
      vertex 122.445 1.98289 -15.737
      vertex 122.659 1.98289 -15.8867
    endloop
  endfacet
  facet normal -0.572594 -0.0031115 -0.819833
    outer loop
      vertex 122.246 1.84776 -15.5975
      vertex 122.445 1.98289 -15.737
      vertex 122.449 1.93185 -15.7396
    endloop
  endfacet
  facet normal -0.573836 -0.000490787 -0.81897
    outer loop
      vertex 122.025 1.93185 -15.4427
      vertex 122.246 1.84776 -15.5975
      vertex 122.054 1.73205 -15.4629
    endloop
  endfacet
  facet normal -0.57382 -0.000427087 -0.818981
    outer loop
      vertex 122.246 1.84776 -15.5975
      vertex 122.025 1.93185 -15.4427
      vertex 122.445 1.98289 -15.737
    endloop
  endfacet
  facet normal -0.571885 -6.97649e-05 -0.820334
    outer loop
      vertex 121.875 1.58671 -15.3381
      vertex 122.025 1.93185 -15.4427
      vertex 122.054 1.73205 -15.4629
    endloop
  endfacet
  facet normal -0.574069 0.000368605 -0.818807
    outer loop
      vertex 121.619 1.84776 -15.1585
      vertex 121.875 1.58671 -15.3381
      vertex 121.714 1.41421 -15.2253
    endloop
  endfacet
  facet normal -0.573607 0.00104324 -0.81913
    outer loop
      vertex 121.875 1.58671 -15.3381
      vertex 121.619 1.84776 -15.1585
      vertex 122.025 1.93185 -15.4427
    endloop
  endfacet
  facet normal -0.574257 1.70766e-05 -0.818675
    outer loop
      vertex 121.235 1.73205 -14.8893
      vertex 121.714 1.41421 -15.2253
      vertex 121.573 1.21752 -15.1264
    endloop
  endfacet
  facet normal -0.574116 0.000156159 -0.818774
    outer loop
      vertex 121.235 1.73205 -14.8893
      vertex 121.573 1.21752 -15.1264
      vertex 121.454 1 -15.043
    endloop
  endfacet
  facet normal -0.573556 0.000405758 -0.819166
    outer loop
      vertex 121.235 1.73205 -14.8893
      vertex 121.454 1 -15.043
      vertex 121.359 0.765367 -14.9766
    endloop
  endfacet
  facet normal -0.573616 0.000394345 -0.819124
    outer loop
      vertex 121.235 1.73205 -14.8893
      vertex 121.359 0.765367 -14.9766
      vertex 121.29 0.517637 -14.9284
    endloop
  endfacet
  facet normal -0.574107 0.000356161 -0.818781
    outer loop
      vertex 121.714 1.41421 -15.2253
      vertex 121.235 1.73205 -14.8893
      vertex 121.619 1.84776 -15.1585
    endloop
  endfacet
  facet normal -0.580983 -0.000106988 -0.813916
    outer loop
      vertex 121.249 0.261052 -14.8991
      vertex 121.235 1.73205 -14.8893
      vertex 121.29 0.517637 -14.9284
    endloop
  endfacet
  facet normal -0.573462 -0 -0.819232
    outer loop
      vertex 121.235 1.73205 -14.8893
      vertex 121.249 0.261052 -14.8991
      vertex 121.235 0 -14.8893
    endloop
  endfacet
  facet normal -0.615874 -0.659342 0.43124
    outer loop
      vertex -7.79852 -7.30514 75.4606
      vertex 6.8151 -8.48528 94.5266
      vertex 5.96731 -7.30514 95.1202
    endloop
  endfacet
  facet normal -0.615876 -0.659339 0.431242
    outer loop
      vertex 6.8151 -8.48528 94.5266
      vertex -7.79852 -7.30514 75.4606
      vertex -6.95074 -8.48528 74.867
    endloop
  endfacet
  facet normal -0.775679 0.321441 0.543137
    outer loop
      vertex -9.49488 3.10583 76.6484
      vertex 4.68426 4.5922 96.0186
      vertex -9.08157 4.5922 76.359
    endloop
  endfacet
  facet normal -0.775679 0.321441 0.543137
    outer loop
      vertex 4.68426 4.5922 96.0186
      vertex -9.49488 3.10583 76.6484
      vertex 4.27095 3.10583 96.308
    endloop
  endfacet
  facet normal 0.0535972 0.997857 -0.0375275
    outer loop
      vertex 124.156 11.8973 -16.9349
      vertex 122.873 12 -16.0365
      vertex 125.712 11.8973 -14.7126
    endloop
  endfacet
  facet normal 0.159829 0.980782 -0.111894
    outer loop
      vertex 125.417 11.5911 -17.8179
      vertex 125.712 11.8973 -14.7126
      vertex 128.502 11.5911 -13.4113
    endloop
  endfacet
  facet normal 0.159806 0.980786 -0.111892
    outer loop
      vertex 125.712 11.8973 -14.7126
      vertex 125.417 11.5911 -17.8179
      vertex 124.156 11.8973 -16.9349
    endloop
  endfacet
  facet normal -0.159796 -0.980788 0.11189
    outer loop
      vertex -2.54415 -11.5911 71.7814
      vertex 12.4828 -11.8973 90.5581
      vertex 11.2217 -11.5911 91.4411
    endloop
  endfacet
  facet normal -0.159796 -0.980788 0.11189
    outer loop
      vertex 12.4828 -11.8973 90.5581
      vertex -2.54415 -11.5911 71.7814
      vertex -1.28305 -11.8973 70.8984
    endloop
  endfacet
  facet normal -0.263282 -0.946941 0.184352
    outer loop
      vertex -3.76171 -11.0866 72.634
      vertex 11.2217 -11.5911 91.4411
      vertex 10.0041 -11.0866 92.2936
    endloop
  endfacet
  facet normal -0.263278 -0.946943 0.184349
    outer loop
      vertex 11.2217 -11.5911 91.4411
      vertex -3.76171 -11.0866 72.634
      vertex -2.54415 -11.5911 71.7814
    endloop
  endfacet
  facet normal 0.734745 -0.442122 -0.514469
    outer loop
      vertex 141.71 -6 -7.25251
      vertex 131.954 -4.5922 -22.3955
      vertex 142.968 -4.5922 -6.66571
    endloop
  endfacet
  facet normal 0.73479 -0.442024 -0.514488
    outer loop
      vertex 131.954 -4.5922 -22.3955
      vertex 141.71 -6 -7.25251
      vertex 131.386 -6 -21.9972
    endloop
  endfacet
  facet normal 0.573577 0 0.819152
    outer loop
      vertex 13.7658 12 89.6597
      vertex 125.288 4 11.5709
      vertex 125.288 12 11.5709
    endloop
  endfacet
  facet normal 0.573577 0 0.819152
    outer loop
      vertex 13.7658 12 89.6597
      vertex 13.7658 4 89.6597
      vertex 125.288 4 11.5709
    endloop
  endfacet
  facet normal 0.573591 0 0.819142
    outer loop
      vertex 12.4828 11.8973 90.5581
      vertex 13.7658 4 89.6597
      vertex 13.7658 12 89.6597
    endloop
  endfacet
  facet normal 0.573566 -6.13988e-06 0.81916
    outer loop
      vertex 13.7658 4 89.6597
      vertex 12.4828 11.8973 90.5581
      vertex 13.3382 3.96578 89.9591
    endloop
  endfacet
  facet normal 0.573564 -6.44037e-06 0.819161
    outer loop
      vertex 11.2217 11.5911 91.4411
      vertex 13.3382 3.96578 89.9591
      vertex 12.4828 11.8973 90.5581
    endloop
  endfacet
  facet normal 0.573617 1.55124e-05 0.819124
    outer loop
      vertex 13.3382 3.96578 89.9591
      vertex 11.2217 11.5911 91.4411
      vertex 12.9178 3.8637 90.2535
    endloop
  endfacet
  facet normal 0.573546 -7.70207e-06 0.819174
    outer loop
      vertex 10.0041 11.0866 92.2936
      vertex 12.9178 3.8637 90.2535
      vertex 11.2217 11.5911 91.4411
    endloop
  endfacet
  facet normal 0.573586 1.6635e-05 0.819145
    outer loop
      vertex 8.85092 10.3923 93.1011
      vertex 12.9178 3.8637 90.2535
      vertex 10.0041 11.0866 92.2936
    endloop
  endfacet
  facet normal 0.573452 -0.000108177 0.819239
    outer loop
      vertex 12.9178 3.8637 90.2535
      vertex 8.85092 10.3923 93.1011
      vertex 12.5119 3.69552 90.5376
    endloop
  endfacet
  facet normal 0.573582 -2.23317e-06 0.819148
    outer loop
      vertex 7.78182 9.52024 93.8497
      vertex 12.5119 3.69552 90.5376
      vertex 8.85092 10.3923 93.1011
    endloop
  endfacet
  facet normal 0.573617 4.08611e-05 0.819123
    outer loop
      vertex 12.5119 3.69552 90.5376
      vertex 7.78182 9.52024 93.8497
      vertex 12.1275 3.4641 90.8068
    endloop
  endfacet
  facet normal 0.573576 -3.28351e-06 0.819152
    outer loop
      vertex 6.8151 8.48528 94.5266
      vertex 12.1275 3.4641 90.8068
      vertex 7.78182 9.52024 93.8497
    endloop
  endfacet
  facet normal 0.573591 1.94286e-05 0.819142
    outer loop
      vertex 12.1275 3.4641 90.8068
      vertex 6.8151 8.48528 94.5266
      vertex 11.7712 3.17341 91.0563
    endloop
  endfacet
  facet normal 0.573568 -1.14481e-05 0.819158
    outer loop
      vertex 5.96731 7.30514 95.1202
      vertex 11.7712 3.17341 91.0563
      vertex 6.8151 8.48528 94.5266
    endloop
  endfacet
  facet normal 0.573591 3.51361e-05 0.819142
    outer loop
      vertex 11.7712 3.17341 91.0563
      vertex 5.96731 7.30514 95.1202
      vertex 11.4489 2.82843 91.282
    endloop
  endfacet
  facet normal 0.573532 -0.0001167 0.819183
    outer loop
      vertex 11.4489 2.82843 91.282
      vertex 5.25296 6 95.6204
      vertex 11.1663 2.43505 91.4798
    endloop
  endfacet
  facet normal 0.573575 5.7881e-06 0.819153
    outer loop
      vertex 5.25296 6 95.6204
      vertex 11.4489 2.82843 91.282
      vertex 5.96731 7.30514 95.1202
    endloop
  endfacet
  facet normal 0.573577 0 0.819152
    outer loop
      vertex 13.7658 -4 89.6597
      vertex 125.288 -12 11.5709
      vertex 125.288 -4 11.5709
    endloop
  endfacet
  facet normal 0.573577 0 0.819152
    outer loop
      vertex 13.7658 -4 89.6597
      vertex 13.7658 -12 89.6597
      vertex 125.288 -12 11.5709
    endloop
  endfacet
  facet normal 0.573566 6.13988e-06 0.81916
    outer loop
      vertex 12.4828 -11.8973 90.5581
      vertex 13.7658 -4 89.6597
      vertex 13.3382 -3.96578 89.9591
    endloop
  endfacet
  facet normal 0.573617 -1.55124e-05 0.819124
    outer loop
      vertex 11.2217 -11.5911 91.4411
      vertex 13.3382 -3.96578 89.9591
      vertex 12.9178 -3.8637 90.2535
    endloop
  endfacet
  facet normal 0.573452 0.000108177 0.819239
    outer loop
      vertex 8.85092 -10.3923 93.1011
      vertex 12.9178 -3.8637 90.2535
      vertex 12.5119 -3.69552 90.5376
    endloop
  endfacet
  facet normal 0.573591 0 0.819142
    outer loop
      vertex 13.7658 -4 89.6597
      vertex 12.4828 -11.8973 90.5581
      vertex 13.7658 -12 89.6597
    endloop
  endfacet
  facet normal 0.573617 -4.08611e-05 0.819123
    outer loop
      vertex 7.78182 -9.52024 93.8497
      vertex 12.5119 -3.69552 90.5376
      vertex 12.1275 -3.4641 90.8068
    endloop
  endfacet
  facet normal 0.573591 -1.94286e-05 0.819142
    outer loop
      vertex 6.8151 -8.48528 94.5266
      vertex 12.1275 -3.4641 90.8068
      vertex 11.7712 -3.17341 91.0563
    endloop
  endfacet
  facet normal 0.573591 -3.51361e-05 0.819142
    outer loop
      vertex 5.96731 -7.30514 95.1202
      vertex 11.7712 -3.17341 91.0563
      vertex 11.4489 -2.82843 91.282
    endloop
  endfacet
  facet normal 0.573564 6.44037e-06 0.819161
    outer loop
      vertex 13.3382 -3.96578 89.9591
      vertex 11.2217 -11.5911 91.4411
      vertex 12.4828 -11.8973 90.5581
    endloop
  endfacet
  facet normal 0.573532 0.0001167 0.819183
    outer loop
      vertex 5.25296 -6 95.6204
      vertex 11.4489 -2.82843 91.282
      vertex 11.1663 -2.43505 91.4798
    endloop
  endfacet
  facet normal 0.573607 -0.000126788 0.819131
    outer loop
      vertex 4.68426 -4.5922 96.0186
      vertex 11.1663 -2.43505 91.4798
      vertex 10.9282 -2 91.6466
    endloop
  endfacet
  facet normal 0.573548 8.62756e-05 0.819172
    outer loop
      vertex 4.68426 -4.5922 96.0186
      vertex 10.9282 -2 91.6466
      vertex 10.7386 -1.53073 91.7793
    endloop
  endfacet
  facet normal 0.573597 -0.000125993 0.819137
    outer loop
      vertex 4.27095 -3.10583 96.308
      vertex 10.7386 -1.53073 91.7793
      vertex 10.6009 -1.03528 91.8758
    endloop
  endfacet
  facet normal 0.573572 5.8471e-05 0.819155
    outer loop
      vertex 4.02011 -1.56631 96.4837
      vertex 10.6009 -1.03528 91.8758
      vertex 10.5173 -0.522104 91.9343
    endloop
  endfacet
  facet normal 0.573546 7.70207e-06 0.819174
    outer loop
      vertex 12.9178 -3.8637 90.2535
      vertex 10.0041 -11.0866 92.2936
      vertex 11.2217 -11.5911 91.4411
    endloop
  endfacet
  facet normal 0.573577 -3.78717e-05 0.819152
    outer loop
      vertex 3.93601 0 96.5426
      vertex 10.5173 -0.522104 91.9343
      vertex 10.4892 0 91.954
    endloop
  endfacet
  facet normal 0.573578 -5.31996e-06 0.819151
    outer loop
      vertex 4.68426 4.5922 96.0186
      vertex 11.1663 2.43505 91.4798
      vertex 5.25296 6 95.6204
    endloop
  endfacet
  facet normal 0.573607 0.000126788 0.819131
    outer loop
      vertex 11.1663 2.43505 91.4798
      vertex 4.68426 4.5922 96.0186
      vertex 10.9282 2 91.6466
    endloop
  endfacet
  facet normal 0.573577 3.78717e-05 0.819152
    outer loop
      vertex 10.5173 0.522104 91.9343
      vertex 3.93601 0 96.5426
      vertex 10.4892 0 91.954
    endloop
  endfacet
  facet normal 0.573548 -8.62756e-05 0.819172
    outer loop
      vertex 10.9282 2 91.6466
      vertex 4.68426 4.5922 96.0186
      vertex 10.7386 1.53073 91.7793
    endloop
  endfacet
  facet normal 0.573579 -6.38047e-06 0.81915
    outer loop
      vertex 10.5173 -0.522104 91.9343
      vertex 3.93601 0 96.5426
      vertex 4.02011 -1.56631 96.4837
    endloop
  endfacet
  facet normal 0.573576 -1.52325e-06 0.819152
    outer loop
      vertex 4.27095 3.10583 96.308
      vertex 10.7386 1.53073 91.7793
      vertex 4.68426 4.5922 96.0186
    endloop
  endfacet
  facet normal 0.573579 6.38047e-06 0.81915
    outer loop
      vertex 3.93601 0 96.5426
      vertex 10.5173 0.522104 91.9343
      vertex 4.02011 1.56631 96.4837
    endloop
  endfacet
  facet normal 0.573597 0.000125993 0.819137
    outer loop
      vertex 10.7386 1.53073 91.7793
      vertex 4.27095 3.10583 96.308
      vertex 10.6009 1.03528 91.8758
    endloop
  endfacet
  facet normal 0.573577 3.18554e-05 0.819152
    outer loop
      vertex 4.02011 1.56631 96.4837
      vertex 10.6009 1.03528 91.8758
      vertex 4.27095 3.10583 96.308
    endloop
  endfacet
  facet normal 0.573572 -5.8471e-05 0.819155
    outer loop
      vertex 10.6009 1.03528 91.8758
      vertex 4.02011 1.56631 96.4837
      vertex 10.5173 0.522104 91.9343
    endloop
  endfacet
  facet normal 0.573576 3.28351e-06 0.819152
    outer loop
      vertex 12.1275 -3.4641 90.8068
      vertex 6.8151 -8.48528 94.5266
      vertex 7.78182 -9.52024 93.8497
    endloop
  endfacet
  facet normal 0.573576 1.52325e-06 0.819152
    outer loop
      vertex 10.7386 -1.53073 91.7793
      vertex 4.27095 -3.10583 96.308
      vertex 4.68426 -4.5922 96.0186
    endloop
  endfacet
  facet normal 0.573582 2.23317e-06 0.819148
    outer loop
      vertex 12.5119 -3.69552 90.5376
      vertex 7.78182 -9.52024 93.8497
      vertex 8.85092 -10.3923 93.1011
    endloop
  endfacet
  facet normal 0.573578 5.31996e-06 0.819151
    outer loop
      vertex 11.1663 -2.43505 91.4798
      vertex 4.68426 -4.5922 96.0186
      vertex 5.25296 -6 95.6204
    endloop
  endfacet
  facet normal 0.573586 -1.6635e-05 0.819145
    outer loop
      vertex 12.9178 -3.8637 90.2535
      vertex 8.85092 -10.3923 93.1011
      vertex 10.0041 -11.0866 92.2936
    endloop
  endfacet
  facet normal 0.573568 1.14481e-05 0.819158
    outer loop
      vertex 11.7712 -3.17341 91.0563
      vertex 5.96731 -7.30514 95.1202
      vertex 6.8151 -8.48528 94.5266
    endloop
  endfacet
  facet normal 0.573575 -5.7881e-06 0.819153
    outer loop
      vertex 11.4489 -2.82843 91.282
      vertex 5.25296 -6 95.6204
      vertex 5.96731 -7.30514 95.1202
    endloop
  endfacet
  facet normal 0.573577 -3.18554e-05 0.819152
    outer loop
      vertex 10.6009 -1.03528 91.8758
      vertex 4.02011 -1.56631 96.4837
      vertex 4.27095 -3.10583 96.308
    endloop
  endfacet
  facet normal 0.573497 0 0.819208
    outer loop
      vertex 140.422 4 0.973948
      vertex 139.915 0 1.32888
      vertex 140.422 -4 0.973948
    endloop
  endfacet
  facet normal 0.573662 -3.11236e-05 0.819092
    outer loop
      vertex 140.422 4 0.973948
      vertex 139.887 0.522104 1.34851
      vertex 139.915 0 1.32888
    endloop
  endfacet
  facet normal 0.574984 -0.000334483 0.818164
    outer loop
      vertex 140.422 4 0.973948
      vertex 139.804 1.03528 1.40705
      vertex 139.887 0.522104 1.34851
    endloop
  endfacet
  facet normal 0.573357 0.000171366 0.819305
    outer loop
      vertex 140.422 4 0.973948
      vertex 139.666 1.53073 1.50352
      vertex 139.804 1.03528 1.40705
    endloop
  endfacet
  facet normal 0.57315 0.000265787 0.81945
    outer loop
      vertex 140.422 4 0.973948
      vertex 139.476 2 1.63626
      vertex 139.666 1.53073 1.50352
    endloop
  endfacet
  facet normal 0.573654 -8.88943e-05 0.819098
    outer loop
      vertex 140.422 4 0.973948
      vertex 139.238 2.43505 1.80299
      vertex 139.476 2 1.63626
    endloop
  endfacet
  facet normal 0.573966 -0.000440763 0.818879
    outer loop
      vertex 140.422 4 0.973948
      vertex 138.956 2.82843 2.00086
      vertex 139.238 2.43505 1.80299
    endloop
  endfacet
  facet normal 0.57328 0.000838059 0.819359
    outer loop
      vertex 140.422 4 0.973948
      vertex 138.633 3.17341 2.2265
      vertex 138.956 2.82843 2.00086
    endloop
  endfacet
  facet normal 0.573696 -0.000503583 0.819068
    outer loop
      vertex 140.422 4 0.973948
      vertex 138.277 3.4641 2.47603
      vertex 138.633 3.17341 2.2265
    endloop
  endfacet
  facet normal 0.573719 -0.000640039 0.819052
    outer loop
      vertex 140.422 4 0.973948
      vertex 137.893 3.69552 2.74519
      vertex 138.277 3.4641 2.47603
    endloop
  endfacet
  facet normal 0.573615 0.000646161 0.819125
    outer loop
      vertex 140.422 4 0.973948
      vertex 137.487 3.8637 3.02937
      vertex 137.893 3.69552 2.74519
    endloop
  endfacet
  facet normal 0.573531 0.00324794 0.819178
    outer loop
      vertex 140.422 4 0.973948
      vertex 137.066 3.96578 3.32372
      vertex 137.487 3.8637 3.02937
    endloop
  endfacet
  facet normal 0.573596 -0.0103456 0.819073
    outer loop
      vertex 137.066 3.96578 3.32372
      vertex 140.422 4 0.973948
      vertex 136.639 4 3.62318
    endloop
  endfacet
  facet normal 0.573662 3.11236e-05 0.819092
    outer loop
      vertex 139.887 -0.522104 1.34851
      vertex 140.422 -4 0.973948
      vertex 139.915 0 1.32888
    endloop
  endfacet
  facet normal 0.574984 0.000334483 0.818164
    outer loop
      vertex 139.804 -1.03528 1.40705
      vertex 140.422 -4 0.973948
      vertex 139.887 -0.522104 1.34851
    endloop
  endfacet
  facet normal 0.573357 -0.000171366 0.819305
    outer loop
      vertex 139.666 -1.53073 1.50352
      vertex 140.422 -4 0.973948
      vertex 139.804 -1.03528 1.40705
    endloop
  endfacet
  facet normal 0.57315 -0.000265787 0.81945
    outer loop
      vertex 139.476 -2 1.63626
      vertex 140.422 -4 0.973948
      vertex 139.666 -1.53073 1.50352
    endloop
  endfacet
  facet normal 0.573654 8.88943e-05 0.819098
    outer loop
      vertex 139.238 -2.43505 1.80299
      vertex 140.422 -4 0.973948
      vertex 139.476 -2 1.63626
    endloop
  endfacet
  facet normal 0.573966 0.000440763 0.818879
    outer loop
      vertex 138.956 -2.82843 2.00086
      vertex 140.422 -4 0.973948
      vertex 139.238 -2.43505 1.80299
    endloop
  endfacet
  facet normal 0.57328 -0.000838059 0.819359
    outer loop
      vertex 138.633 -3.17341 2.2265
      vertex 140.422 -4 0.973948
      vertex 138.956 -2.82843 2.00086
    endloop
  endfacet
  facet normal 0.573696 0.000503583 0.819068
    outer loop
      vertex 138.277 -3.4641 2.47603
      vertex 140.422 -4 0.973948
      vertex 138.633 -3.17341 2.2265
    endloop
  endfacet
  facet normal 0.573719 0.000640039 0.819052
    outer loop
      vertex 137.893 -3.69552 2.74519
      vertex 140.422 -4 0.973948
      vertex 138.277 -3.4641 2.47603
    endloop
  endfacet
  facet normal 0.573615 -0.000646161 0.819125
    outer loop
      vertex 137.487 -3.8637 3.02937
      vertex 140.422 -4 0.973948
      vertex 137.893 -3.69552 2.74519
    endloop
  endfacet
  facet normal 0.573531 -0.00324794 0.819178
    outer loop
      vertex 137.066 -3.96578 3.32372
      vertex 140.422 -4 0.973948
      vertex 137.487 -3.8637 3.02937
    endloop
  endfacet
  facet normal 0.573596 0.0103456 0.819073
    outer loop
      vertex 140.422 -4 0.973948
      vertex 137.066 -3.96578 3.32372
      vertex 136.639 -4 3.62318
    endloop
  endfacet
  facet normal 0.540055 -0.751903 -0.378131
    outer loop
      vertex 129.824 -8.48528 -20.9034
      vertex 136.114 -9.52024 -9.8619
      vertex 128.857 -9.52024 -20.2265
    endloop
  endfacet
  facet normal 0.540129 -0.751831 -0.378167
    outer loop
      vertex 136.114 -9.52024 -9.8619
      vertex 129.824 -8.48528 -20.9034
      vertex 138.253 -8.48528 -8.8644
    endloop
  endfacet
  facet normal 0.817413 0.0653623 -0.572331
    outer loop
      vertex 132.703 0 -22.9194
      vertex 144.438 1.56631 -5.9804
      vertex 144.624 0 -5.89363
    endloop
  endfacet
  facet normal 0.817414 0.0653594 -0.572331
    outer loop
      vertex 144.438 1.56631 -5.9804
      vertex 132.703 0 -22.9194
      vertex 132.619 1.56631 -22.8605
    endloop
  endfacet
  facet normal -0.455095 -0.831471 0.318662
    outer loop
      vertex -5.98402 -9.52024 74.1901
      vertex 8.85092 -10.3923 93.1011
      vertex 7.78182 -9.52024 93.8497
    endloop
  endfacet
  facet normal -0.455093 -0.831472 0.31866
    outer loop
      vertex 8.85092 -10.3923 93.1011
      vertex -5.98402 -9.52024 74.1901
      vertex -4.91491 -10.3923 73.4415
    endloop
  endfacet
  facet normal -0.817399 -0.0654062 0.572347
    outer loop
      vertex 4.02011 -1.56631 96.4837
      vertex -9.82982 0 76.8829
      vertex -9.74573 -1.56631 76.824
    endloop
  endfacet
  facet normal -0.817399 -0.0654113 0.572347
    outer loop
      vertex -9.82982 0 76.8829
      vertex 4.02011 -1.56631 96.4837
      vertex 3.93601 0 96.5426
    endloop
  endfacet
  facet normal -0.775679 -0.321441 0.543137
    outer loop
      vertex 4.68426 -4.5922 96.0186
      vertex -9.49488 -3.10583 76.6484
      vertex -9.08157 -4.5922 76.359
    endloop
  endfacet
  facet normal -0.775679 -0.321441 0.543137
    outer loop
      vertex -9.49488 -3.10583 76.6484
      vertex 4.68426 -4.5922 96.0186
      vertex 4.27095 -3.10583 96.308
    endloop
  endfacet
  facet normal -0.540104 0.751839 0.378186
    outer loop
      vertex 7.78182 9.52024 93.8497
      vertex -6.95074 8.48528 74.867
      vertex 6.8151 8.48528 94.5266
    endloop
  endfacet
  facet normal -0.540104 0.751839 0.378186
    outer loop
      vertex -6.95074 8.48528 74.867
      vertex 7.78182 9.52024 93.8497
      vertex -5.98402 9.52024 74.1901
    endloop
  endfacet
  facet normal 0.615867 0.659353 -0.431233
    outer loop
      vertex 130.671 7.30514 -21.4971
      vertex 138.253 8.48528 -8.8644
      vertex 140.129 7.30514 -7.98961
    endloop
  endfacet
  facet normal 0.616046 0.659129 -0.431319
    outer loop
      vertex 138.253 8.48528 -8.8644
      vertex 130.671 7.30514 -21.4971
      vertex 129.824 8.48528 -20.9034
    endloop
  endfacet
  facet normal -0.362324 -0.896859 0.253702
    outer loop
      vertex -4.91491 -10.3923 73.4415
      vertex 10.0041 -11.0866 92.2936
      vertex 8.85092 -10.3923 93.1011
    endloop
  endfacet
  facet normal -0.362321 -0.896861 0.2537
    outer loop
      vertex 10.0041 -11.0866 92.2936
      vertex -4.91491 -10.3923 73.4415
      vertex -3.76171 -11.0866 72.634
    endloop
  endfacet
  facet normal 0.45511 -0.831454 -0.318682
    outer loop
      vertex 128.857 -9.52024 -20.2265
      vertex 133.749 -10.3923 -10.965
      vertex 127.788 -10.3923 -19.4779
    endloop
  endfacet
  facet normal 0.455223 -0.831373 -0.318734
    outer loop
      vertex 133.749 -10.3923 -10.965
      vertex 128.857 -9.52024 -20.2265
      vertex 136.114 -9.52024 -9.8619
    endloop
  endfacet
  facet normal -0.681098 -0.555573 0.476911
    outer loop
      vertex 5.96731 -7.30514 95.1202
      vertex -8.51288 -6 75.9608
      vertex -7.79852 -7.30514 75.4606
    endloop
  endfacet
  facet normal -0.6811 -0.555569 0.476913
    outer loop
      vertex -8.51288 -6 75.9608
      vertex 5.96731 -7.30514 95.1202
      vertex 5.25296 -6 95.6204
    endloop
  endfacet
  facet normal -0.455095 0.831471 0.318662
    outer loop
      vertex 8.85092 10.3923 93.1011
      vertex -5.98402 9.52024 74.1901
      vertex 7.78182 9.52024 93.8497
    endloop
  endfacet
  facet normal -0.455093 0.831472 0.31866
    outer loop
      vertex -5.98402 9.52024 74.1901
      vertex 8.85092 10.3923 93.1011
      vertex -4.91491 10.3923 73.4415
    endloop
  endfacet
  facet normal -0.362324 0.896859 0.253702
    outer loop
      vertex 10.0041 11.0866 92.2936
      vertex -4.91491 10.3923 73.4415
      vertex 8.85092 10.3923 93.1011
    endloop
  endfacet
  facet normal -0.362321 0.896861 0.2537
    outer loop
      vertex -4.91491 10.3923 73.4415
      vertex 10.0041 11.0866 92.2936
      vertex -3.76171 11.0866 72.634
    endloop
  endfacet
  facet normal 0.616046 -0.659129 -0.431319
    outer loop
      vertex 130.671 -7.30514 -21.4971
      vertex 138.253 -8.48528 -8.8644
      vertex 129.824 -8.48528 -20.9034
    endloop
  endfacet
  facet normal 0.615867 -0.659353 -0.431233
    outer loop
      vertex 138.253 -8.48528 -8.8644
      vertex 130.671 -7.30514 -21.4971
      vertex 140.129 -7.30514 -7.98961
    endloop
  endfacet
  facet normal -0.734676 0.442284 0.514427
    outer loop
      vertex -9.08157 4.5922 76.359
      vertex 5.25296 6 95.6204
      vertex -8.51288 6 75.9608
    endloop
  endfacet
  facet normal -0.734675 0.442289 0.514426
    outer loop
      vertex 5.25296 6 95.6204
      vertex -9.08157 4.5922 76.359
      vertex 4.68426 4.5922 96.0186
    endloop
  endfacet
  facet normal -0.803414 0.195075 0.562558
    outer loop
      vertex -9.74573 1.56631 76.824
      vertex 4.27095 3.10583 96.308
      vertex -9.49488 3.10583 76.6484
    endloop
  endfacet
  facet normal -0.80341 0.195105 0.562553
    outer loop
      vertex 4.27095 3.10583 96.308
      vertex -9.74573 1.56631 76.824
      vertex 4.02011 1.56631 96.4837
    endloop
  endfacet
  facet normal 0.681046 -0.555682 -0.476858
    outer loop
      vertex 140.129 -7.30514 -7.98961
      vertex 131.386 -6 -21.9972
      vertex 141.71 -6 -7.25251
    endloop
  endfacet
  facet normal 0.680987 -0.555778 -0.47683
    outer loop
      vertex 131.386 -6 -21.9972
      vertex 140.129 -7.30514 -7.98961
      vertex 130.671 -7.30514 -21.4971
    endloop
  endfacet
  facet normal -0.681098 0.555573 0.476911
    outer loop
      vertex -8.51288 6 75.9608
      vertex 5.96731 7.30514 95.1202
      vertex -7.79852 7.30514 75.4606
    endloop
  endfacet
  facet normal -0.6811 0.555569 0.476913
    outer loop
      vertex 5.96731 7.30514 95.1202
      vertex -8.51288 6 75.9608
      vertex 5.25296 6 95.6204
    endloop
  endfacet
  facet normal -0.263282 0.946941 0.184352
    outer loop
      vertex 11.2217 11.5911 91.4411
      vertex -3.76171 11.0866 72.634
      vertex 10.0041 11.0866 92.2936
    endloop
  endfacet
  facet normal -0.263278 0.946943 0.184349
    outer loop
      vertex -3.76171 11.0866 72.634
      vertex 11.2217 11.5911 91.4411
      vertex -2.54415 11.5911 71.7814
    endloop
  endfacet
  facet normal -0.817399 0.0654062 0.572347
    outer loop
      vertex -9.82982 0 76.8829
      vertex 4.02011 1.56631 96.4837
      vertex -9.74573 1.56631 76.824
    endloop
  endfacet
  facet normal -0.817399 0.0654113 0.572347
    outer loop
      vertex 4.02011 1.56631 96.4837
      vertex -9.82982 0 76.8829
      vertex 3.93601 0 96.5426
    endloop
  endfacet
  facet normal -0.615874 0.659342 0.43124
    outer loop
      vertex 6.8151 8.48528 94.5266
      vertex -7.79852 7.30514 75.4606
      vertex 5.96731 7.30514 95.1202
    endloop
  endfacet
  facet normal -0.615876 0.659339 0.431242
    outer loop
      vertex -7.79852 7.30514 75.4606
      vertex 6.8151 8.48528 94.5266
      vertex -6.95074 8.48528 74.867
    endloop
  endfacet
  facet normal -0.776063 -0.320306 0.543258
    outer loop
      vertex 139.053 1.03528 0.33571
      vertex 139.666 1.53073 1.50352
      vertex 138.749 1.53073 0.193554
    endloop
  endfacet
  facet normal -0.775302 -0.321771 0.54348
    outer loop
      vertex 139.666 1.53073 1.50352
      vertex 139.053 1.03528 0.33571
      vertex 139.804 1.03528 1.40705
    endloop
  endfacet
  facet normal 0.803423 0.195014 -0.562567
    outer loop
      vertex 10.6009 -1.03528 91.8758
      vertex 1.34004 -0.522104 78.8279
      vertex 10.5173 -0.522104 91.9343
    endloop
  endfacet
  facet normal 0.803406 0.195134 -0.56255
    outer loop
      vertex 1.34004 -0.522104 78.8279
      vertex 10.6009 -1.03528 91.8758
      vertex 1.42365 -1.03528 78.7693
    endloop
  endfacet
  facet normal 0.734672 -0.442299 -0.514422
    outer loop
      vertex 1.56142 1.53073 78.6729
      vertex 10.9282 2 91.6466
      vertex 10.7386 1.53073 91.7793
    endloop
  endfacet
  facet normal 0.734652 -0.442349 -0.514406
    outer loop
      vertex 10.9282 2 91.6466
      vertex 1.56142 1.53073 78.6729
      vertex 1.75099 2 78.5401
    endloop
  endfacet
  facet normal 0.615902 -0.659303 -0.431259
    outer loop
      vertex 1.9891 2.43505 78.3734
      vertex 11.4489 2.82843 91.282
      vertex 11.1663 2.43505 91.4798
    endloop
  endfacet
  facet normal 0.615859 -0.659365 -0.431226
    outer loop
      vertex 11.4489 2.82843 91.282
      vertex 1.9891 2.43505 78.3734
      vertex 2.2717 2.82843 78.1755
    endloop
  endfacet
  facet normal 0 1 0
    outer loop
      vertex 283.352 -4 108.764
      vertex 235.905 -4 52.2184
      vertex 231.717 -4 61.1995
    endloop
  endfacet
  facet normal 0 1 0
    outer loop
      vertex 231.717 -4 61.1995
      vertex 271.096 -4 119.049
      vertex 283.352 -4 108.764
    endloop
  endfacet
  facet normal 0 1 0
    outer loop
      vertex 221.487 -4 56.4291
      vertex 271.096 -4 119.049
      vertex 231.717 -4 61.1995
    endloop
  endfacet
  facet normal 0 1 -0
    outer loop
      vertex 221.487 -4 56.4291
      vertex 216.665 -4 54.1805
      vertex 271.096 -4 119.049
    endloop
  endfacet
  facet normal 0 1 0
    outer loop
      vertex 227.899 -4 42.6777
      vertex 216.665 -4 54.1805
      vertex 221.487 -4 56.4291
    endloop
  endfacet
  facet normal 0 1 -0
    outer loop
      vertex 224.868 -4 40.3516
      vertex 216.665 -4 54.1805
      vertex 227.899 -4 42.6777
    endloop
  endfacet
  facet normal 0 1 0
    outer loop
      vertex 224.868 -4 40.3516
      vertex 227.899 -4 42.6777
      vertex 226.641 -4 41.1786
    endloop
  endfacet
  facet normal 0 1 0
    outer loop
      vertex 216.665 -4 54.1805
      vertex 224.868 -4 40.3516
      vertex 213.245 -4 50.1046
    endloop
  endfacet
  facet normal 0 1 -0
    outer loop
      vertex 213.245 -4 50.1046
      vertex 125.288 -4 11.5709
      vertex 216.665 -4 54.1805
    endloop
  endfacet
  facet normal 0 1 -0
    outer loop
      vertex 205.989 -4 41.4578
      vertex 125.288 -4 11.5709
      vertex 213.245 -4 50.1046
    endloop
  endfacet
  facet normal 0 1 0
    outer loop
      vertex 140.422 -4 0.973948
      vertex 205.989 -4 41.4578
      vertex 213.58 -4 35.0881
    endloop
  endfacet
  facet normal 0 1 0
    outer loop
      vertex 205.989 -4 41.4578
      vertex 136.639 -4 3.62318
      vertex 125.288 -4 11.5709
    endloop
  endfacet
  facet normal 0 1 -0
    outer loop
      vertex 132.05 -4 -2.93003
      vertex 125.288 -4 11.5709
      vertex 136.639 -4 3.62318
    endloop
  endfacet
  facet normal 0 1 0
    outer loop
      vertex 205.989 -4 41.4578
      vertex 140.422 -4 0.973948
      vertex 136.639 -4 3.62318
    endloop
  endfacet
  facet normal 0 1 -0
    outer loop
      vertex 112.73 -4 5.71492
      vertex 13.7658 -4 89.6597
      vertex 125.288 -4 11.5709
    endloop
  endfacet
  facet normal 0 1 -0
    outer loop
      vertex 108.544 -4 3.76293
      vertex 13.7658 -4 89.6597
      vertex 112.73 -4 5.71492
    endloop
  endfacet
  facet normal 0 1 0
    outer loop
      vertex 13.7658 -4 89.6597
      vertex 108.544 -4 3.76293
      vertex 4.58861 -4 76.5532
    endloop
  endfacet
  facet normal 0 1 0
    outer loop
      vertex 125.288 -4 11.5709
      vertex 116.111 -4 -1.53554
      vertex 112.73 -4 5.71492
    endloop
  endfacet
  facet normal 0 1 0
    outer loop
      vertex 125.288 -4 11.5709
      vertex 132.05 -4 -2.93003
      vertex 116.111 -4 -1.53554
    endloop
  endfacet
  facet normal 0 1 0
    outer loop
      vertex 116.111 -4 -1.53554
      vertex 132.05 -4 -2.93003
      vertex 123.678 -4 -6.83401
    endloop
  endfacet
  facet normal -0.681044 0.555656 0.476891
    outer loop
      vertex 139.238 -2.43505 1.80299
      vertex 138.329 -2 -0.00204819
      vertex 137.802 -2.43505 -0.247748
    endloop
  endfacet
  facet normal -0.681203 0.555437 0.476919
    outer loop
      vertex 138.329 -2 -0.00204819
      vertex 139.238 -2.43505 1.80299
      vertex 139.476 -2 1.63626
    endloop
  endfacet
  facet normal 0.81739 -0.065588 -0.572338
    outer loop
      vertex 1.312 0 78.8475
      vertex 10.5173 0.522104 91.9343
      vertex 10.4892 0 91.954
    endloop
  endfacet
  facet normal 0.817397 -0.0653853 -0.572352
    outer loop
      vertex 10.5173 0.522104 91.9343
      vertex 1.312 0 78.8475
      vertex 1.34004 0.522104 78.8279
    endloop
  endfacet
  facet normal -0.734423 0.442993 0.514179
    outer loop
      vertex 139.476 -2 1.63626
      vertex 138.749 -1.53073 0.193554
      vertex 138.329 -2 -0.00204819
    endloop
  endfacet
  facet normal -0.734519 0.442837 0.514176
    outer loop
      vertex 138.749 -1.53073 0.193554
      vertex 139.476 -2 1.63626
      vertex 139.666 -1.53073 1.50352
    endloop
  endfacet
  facet normal -0.803151 0.19488 0.563002
    outer loop
      vertex 139.804 -1.03528 1.40705
      vertex 139.238 -0.522104 0.421989
      vertex 139.053 -1.03528 0.33571
    endloop
  endfacet
  facet normal -0.803466 0.194152 0.562804
    outer loop
      vertex 139.238 -0.522104 0.421989
      vertex 139.804 -1.03528 1.40705
      vertex 139.887 -0.522104 1.34851
    endloop
  endfacet
  facet normal 0 -1 0
    outer loop
      vertex 132.05 4 -2.93003
      vertex 125.288 4 11.5709
      vertex 116.111 4 -1.53554
    endloop
  endfacet
  facet normal 0 -1 0
    outer loop
      vertex 125.288 4 11.5709
      vertex 132.05 4 -2.93003
      vertex 136.639 4 3.62318
    endloop
  endfacet
  facet normal -0 -1 0
    outer loop
      vertex 132.05 4 -2.93003
      vertex 116.111 4 -1.53554
      vertex 123.678 4 -6.83401
    endloop
  endfacet
  facet normal 0 -1 0
    outer loop
      vertex 108.544 4 3.76293
      vertex 13.7658 4 89.6597
      vertex 4.58861 4 76.5532
    endloop
  endfacet
  facet normal 0 -1 0
    outer loop
      vertex 13.7658 4 89.6597
      vertex 112.73 4 5.71492
      vertex 125.288 4 11.5709
    endloop
  endfacet
  facet normal 0 -1 0
    outer loop
      vertex 13.7658 4 89.6597
      vertex 108.544 4 3.76293
      vertex 112.73 4 5.71492
    endloop
  endfacet
  facet normal 0 -1 0
    outer loop
      vertex 125.288 4 11.5709
      vertex 213.245 4 50.1046
      vertex 216.665 4 54.1805
    endloop
  endfacet
  facet normal 0 -1 0
    outer loop
      vertex 125.288 4 11.5709
      vertex 205.989 4 41.4578
      vertex 213.245 4 50.1046
    endloop
  endfacet
  facet normal 0 -1 0
    outer loop
      vertex 136.639 4 3.62318
      vertex 205.989 4 41.4578
      vertex 125.288 4 11.5709
    endloop
  endfacet
  facet normal 0 -1 0
    outer loop
      vertex 116.111 4 -1.53554
      vertex 125.288 4 11.5709
      vertex 112.73 4 5.71492
    endloop
  endfacet
  facet normal 0 -1 0
    outer loop
      vertex 140.422 4 0.973948
      vertex 205.989 4 41.4578
      vertex 136.639 4 3.62318
    endloop
  endfacet
  facet normal 0 -1 -0
    outer loop
      vertex 205.989 4 41.4578
      vertex 140.422 4 0.973948
      vertex 213.58 4 35.0881
    endloop
  endfacet
  facet normal 0 -1 -0
    outer loop
      vertex 271.096 4 119.049
      vertex 231.717 4 61.1995
      vertex 283.352 4 108.764
    endloop
  endfacet
  facet normal 0 -1 0
    outer loop
      vertex 271.096 4 119.049
      vertex 221.487 4 56.4291
      vertex 231.717 4 61.1995
    endloop
  endfacet
  facet normal 0 -1 0
    outer loop
      vertex 216.665 4 54.1805
      vertex 221.487 4 56.4291
      vertex 271.096 4 119.049
    endloop
  endfacet
  facet normal 0 -1 0
    outer loop
      vertex 224.868 4 40.3516
      vertex 216.665 4 54.1805
      vertex 213.245 4 50.1046
    endloop
  endfacet
  facet normal 0 -1 0
    outer loop
      vertex 216.665 4 54.1805
      vertex 227.899 4 42.6777
      vertex 221.487 4 56.4291
    endloop
  endfacet
  facet normal 0 -1 0
    outer loop
      vertex 216.665 4 54.1805
      vertex 224.868 4 40.3516
      vertex 227.899 4 42.6777
    endloop
  endfacet
  facet normal 0 -1 0
    outer loop
      vertex 227.899 4 42.6777
      vertex 224.868 4 40.3516
      vertex 226.641 4 41.1786
    endloop
  endfacet
  facet normal 0 -1 0
    outer loop
      vertex 283.352 4 108.764
      vertex 231.717 4 61.1995
      vertex 235.905 4 52.2184
    endloop
  endfacet
  facet normal -0.817301 0.0653391 0.572495
    outer loop
      vertex 139.887 -0.522104 1.34851
      vertex 139.3 0 0.450913
      vertex 139.238 -0.522104 0.421989
    endloop
  endfacet
  facet normal -0.817295 0.0653557 0.572501
    outer loop
      vertex 139.3 0 0.450913
      vertex 139.887 -0.522104 1.34851
      vertex 139.915 0 1.32888
    endloop
  endfacet
  facet normal -0.362495 0.896747 0.253853
    outer loop
      vertex 135.675 -3.4641 -1.23956
      vertex 137.893 -3.69552 2.74519
      vertex 138.277 -3.4641 2.47603
    endloop
  endfacet
  facet normal -0.362615 0.896681 0.253916
    outer loop
      vertex 137.893 -3.69552 2.74519
      vertex 135.675 -3.4641 -1.23956
      vertex 134.825 -3.69552 -1.6362
    endloop
  endfacet
  facet normal 0.775697 0.321379 -0.543148
    outer loop
      vertex 10.7386 -1.53073 91.7793
      vertex 1.42365 -1.03528 78.7693
      vertex 10.6009 -1.03528 91.8758
    endloop
  endfacet
  facet normal 0.775697 0.321379 -0.543148
    outer loop
      vertex 1.42365 -1.03528 78.7693
      vertex 10.7386 -1.53073 91.7793
      vertex 1.56142 -1.53073 78.6729
    endloop
  endfacet
  facet normal -0.734423 -0.442993 0.514179
    outer loop
      vertex 138.749 1.53073 0.193554
      vertex 139.476 2 1.63626
      vertex 138.329 2 -0.00204819
    endloop
  endfacet
  facet normal -0.734519 -0.442837 0.514176
    outer loop
      vertex 139.476 2 1.63626
      vertex 138.749 1.53073 0.193554
      vertex 139.666 1.53073 1.50352
    endloop
  endfacet
  facet normal 0.263306 0.946931 -0.184368
    outer loop
      vertex 12.9178 -3.8637 90.2535
      vertex 3.33471 -3.69552 77.4312
      vertex 12.5119 -3.69552 90.5376
    endloop
  endfacet
  facet normal 0.263298 0.946934 -0.184363
    outer loop
      vertex 3.33471 -3.69552 77.4312
      vertex 12.9178 -3.8637 90.2535
      vertex 3.74056 -3.8637 77.147
    endloop
  endfacet
  facet normal 0.362292 0.896879 -0.253679
    outer loop
      vertex 12.5119 -3.69552 90.5376
      vertex 2.95031 -3.4641 77.7004
      vertex 12.1275 -3.4641 90.8068
    endloop
  endfacet
  facet normal 0.362292 0.896879 -0.253679
    outer loop
      vertex 2.95031 -3.4641 77.7004
      vertex 12.5119 -3.69552 90.5376
      vertex 3.33471 -3.69552 77.4312
    endloop
  endfacet
  facet normal 0.053585 0.997858 -0.0375209
    outer loop
      vertex 13.7658 -4 89.6597
      vertex 4.16093 -3.96578 76.8527
      vertex 13.3382 -3.96578 89.9591
    endloop
  endfacet
  facet normal 0.0535727 0.997859 -0.0375117
    outer loop
      vertex 4.16093 -3.96578 76.8527
      vertex 13.7658 -4 89.6597
      vertex 4.58861 -4 76.5532
    endloop
  endfacet
  facet normal 0.053585 -0.997858 -0.0375209
    outer loop
      vertex 4.16093 3.96578 76.8527
      vertex 13.7658 4 89.6597
      vertex 13.3382 3.96578 89.9591
    endloop
  endfacet
  facet normal 0.0535727 -0.997859 -0.0375117
    outer loop
      vertex 13.7658 4 89.6597
      vertex 4.16093 3.96578 76.8527
      vertex 4.58861 4 76.5532
    endloop
  endfacet
  facet normal 0.615902 0.659303 -0.431259
    outer loop
      vertex 11.4489 -2.82843 91.282
      vertex 1.9891 -2.43505 78.3734
      vertex 11.1663 -2.43505 91.4798
    endloop
  endfacet
  facet normal 0.615859 0.659365 -0.431226
    outer loop
      vertex 1.9891 -2.43505 78.3734
      vertex 11.4489 -2.82843 91.282
      vertex 2.2717 -2.82843 78.1755
    endloop
  endfacet
  facet normal -0.616244 -0.658815 0.431516
    outer loop
      vertex 138.956 2.82843 2.00086
      vertex 137.802 2.43505 -0.247748
      vertex 139.238 2.43505 1.80299
    endloop
  endfacet
  facet normal -0.616081 -0.659001 0.431465
    outer loop
      vertex 137.802 2.43505 -0.247748
      vertex 138.956 2.82843 2.00086
      vertex 137.177 2.82843 -0.539343
    endloop
  endfacet
  facet normal -0.0536316 -0.997854 0.0375539
    outer loop
      vertex 136.639 4 3.62318
      vertex 132.996 3.96578 -2.48873
      vertex 137.066 3.96578 3.32372
    endloop
  endfacet
  facet normal -0.0536078 -0.997856 0.0375398
    outer loop
      vertex 132.996 3.96578 -2.48873
      vertex 136.639 4 3.62318
      vertex 132.05 4 -2.93003
    endloop
  endfacet
  facet normal 0.803423 -0.195014 -0.562567
    outer loop
      vertex 1.34004 0.522104 78.8279
      vertex 10.6009 1.03528 91.8758
      vertex 10.5173 0.522104 91.9343
    endloop
  endfacet
  facet normal 0.803406 -0.195134 -0.56255
    outer loop
      vertex 10.6009 1.03528 91.8758
      vertex 1.34004 0.522104 78.8279
      vertex 1.42365 1.03528 78.7693
    endloop
  endfacet
  facet normal 0.681086 -0.555599 -0.476898
    outer loop
      vertex 1.75099 2 78.5401
      vertex 11.1663 2.43505 91.4798
      vertex 10.9282 2 91.6466
    endloop
  endfacet
  facet normal 0.68112 -0.555534 -0.476925
    outer loop
      vertex 11.1663 2.43505 91.4798
      vertex 1.75099 2 78.5401
      vertex 1.9891 2.43505 78.3734
    endloop
  endfacet
  facet normal 0.540032 0.751918 -0.378132
    outer loop
      vertex 11.7712 -3.17341 91.0563
      vertex 2.2717 -2.82843 78.1755
      vertex 11.4489 -2.82843 91.282
    endloop
  endfacet
  facet normal 0.540113 0.75183 -0.378193
    outer loop
      vertex 2.2717 -2.82843 78.1755
      vertex 11.7712 -3.17341 91.0563
      vertex 2.59394 -3.17341 77.9499
    endloop
  endfacet
  facet normal -0.362495 -0.896747 0.253853
    outer loop
      vertex 137.893 3.69552 2.74519
      vertex 135.675 3.4641 -1.23956
      vertex 138.277 3.4641 2.47603
    endloop
  endfacet
  facet normal -0.362615 -0.896681 0.253916
    outer loop
      vertex 135.675 3.4641 -1.23956
      vertex 137.893 3.69552 2.74519
      vertex 134.825 3.69552 -1.6362
    endloop
  endfacet
  facet normal 0.263306 -0.946931 -0.184368
    outer loop
      vertex 3.33471 3.69552 77.4312
      vertex 12.9178 3.8637 90.2535
      vertex 12.5119 3.69552 90.5376
    endloop
  endfacet
  facet normal 0.263298 -0.946934 -0.184363
    outer loop
      vertex 12.9178 3.8637 90.2535
      vertex 3.33471 3.69552 77.4312
      vertex 3.74056 3.8637 77.147
    endloop
  endfacet
  facet normal -0.776063 0.320306 0.543258
    outer loop
      vertex 139.666 -1.53073 1.50352
      vertex 139.053 -1.03528 0.33571
      vertex 138.749 -1.53073 0.193554
    endloop
  endfacet
  facet normal -0.775302 0.321771 0.54348
    outer loop
      vertex 139.053 -1.03528 0.33571
      vertex 139.666 -1.53073 1.50352
      vertex 139.804 -1.03528 1.40705
    endloop
  endfacet
  facet normal -0.616244 0.658815 0.431516
    outer loop
      vertex 137.802 -2.43505 -0.247748
      vertex 138.956 -2.82843 2.00086
      vertex 139.238 -2.43505 1.80299
    endloop
  endfacet
  facet normal -0.616081 0.659001 0.431465
    outer loop
      vertex 138.956 -2.82843 2.00086
      vertex 137.802 -2.43505 -0.247748
      vertex 137.177 -2.82843 -0.539343
    endloop
  endfacet
  facet normal 0.81739 0.065588 -0.572338
    outer loop
      vertex 10.5173 -0.522104 91.9343
      vertex 1.312 0 78.8475
      vertex 10.4892 0 91.954
    endloop
  endfacet
  facet normal 0.817397 0.0653853 -0.572352
    outer loop
      vertex 1.312 0 78.8475
      vertex 10.5173 -0.522104 91.9343
      vertex 1.34004 -0.522104 78.8279
    endloop
  endfacet
  facet normal -0.159659 -0.980822 0.111791
    outer loop
      vertex 137.066 3.96578 3.32372
      vertex 133.927 3.8637 -2.05498
      vertex 137.487 3.8637 3.02937
    endloop
  endfacet
  facet normal -0.159615 -0.980832 0.111766
    outer loop
      vertex 133.927 3.8637 -2.05498
      vertex 137.066 3.96578 3.32372
      vertex 132.996 3.96578 -2.48873
    endloop
  endfacet
  facet normal -0.53958 -0.752366 0.377888
    outer loop
      vertex 138.633 3.17341 2.2265
      vertex 137.177 2.82843 -0.539343
      vertex 138.956 2.82843 2.00086
    endloop
  endfacet
  facet normal -0.540115 -0.751871 0.378108
    outer loop
      vertex 137.177 2.82843 -0.539343
      vertex 138.633 3.17341 2.2265
      vertex 136.464 3.17341 -0.871844
    endloop
  endfacet
  facet normal 0.681086 0.555599 -0.476898
    outer loop
      vertex 11.1663 -2.43505 91.4798
      vertex 1.75099 -2 78.5401
      vertex 10.9282 -2 91.6466
    endloop
  endfacet
  facet normal 0.68112 0.555534 -0.476925
    outer loop
      vertex 1.75099 -2 78.5401
      vertex 11.1663 -2.43505 91.4798
      vertex 1.9891 -2.43505 78.3734
    endloop
  endfacet
  facet normal -0.53958 0.752366 0.377888
    outer loop
      vertex 137.177 -2.82843 -0.539343
      vertex 138.633 -3.17341 2.2265
      vertex 138.956 -2.82843 2.00086
    endloop
  endfacet
  facet normal -0.540115 0.751871 0.378108
    outer loop
      vertex 138.633 -3.17341 2.2265
      vertex 137.177 -2.82843 -0.539343
      vertex 136.464 -3.17341 -0.871844
    endloop
  endfacet
  facet normal -0.455351 0.831289 0.318769
    outer loop
      vertex 136.464 -3.17341 -0.871844
      vertex 138.277 -3.4641 2.47603
      vertex 138.633 -3.17341 2.2265
    endloop
  endfacet
  facet normal -0.454857 0.83165 0.318533
    outer loop
      vertex 138.277 -3.4641 2.47603
      vertex 136.464 -3.17341 -0.871844
      vertex 135.675 -3.4641 -1.23956
    endloop
  endfacet
  facet normal 0.159796 -0.980788 -0.11189
    outer loop
      vertex 3.74056 3.8637 77.147
      vertex 13.3382 3.96578 89.9591
      vertex 12.9178 3.8637 90.2535
    endloop
  endfacet
  facet normal 0.15982 -0.980782 -0.111908
    outer loop
      vertex 13.3382 3.96578 89.9591
      vertex 3.74056 3.8637 77.147
      vertex 4.16093 3.96578 76.8527
    endloop
  endfacet
  facet normal 0.455151 0.831424 -0.318702
    outer loop
      vertex 12.1275 -3.4641 90.8068
      vertex 2.59394 -3.17341 77.9499
      vertex 11.7712 -3.17341 91.0563
    endloop
  endfacet
  facet normal 0.455111 0.831458 -0.318672
    outer loop
      vertex 2.59394 -3.17341 77.9499
      vertex 12.1275 -3.4641 90.8068
      vertex 2.95031 -3.4641 77.7004
    endloop
  endfacet
  facet normal 0.159796 0.980788 -0.11189
    outer loop
      vertex 13.3382 -3.96578 89.9591
      vertex 3.74056 -3.8637 77.147
      vertex 12.9178 -3.8637 90.2535
    endloop
  endfacet
  facet normal 0.15982 0.980782 -0.111908
    outer loop
      vertex 3.74056 -3.8637 77.147
      vertex 13.3382 -3.96578 89.9591
      vertex 4.16093 -3.96578 76.8527
    endloop
  endfacet
  facet normal -0.263241 -0.946956 0.184331
    outer loop
      vertex 137.487 3.8637 3.02937
      vertex 134.825 3.69552 -1.6362
      vertex 137.893 3.69552 2.74519
    endloop
  endfacet
  facet normal -0.263327 -0.946923 0.184378
    outer loop
      vertex 134.825 3.69552 -1.6362
      vertex 137.487 3.8637 3.02937
      vertex 133.927 3.8637 -2.05498
    endloop
  endfacet
  facet normal -0.455351 -0.831289 0.318769
    outer loop
      vertex 138.277 3.4641 2.47603
      vertex 136.464 3.17341 -0.871844
      vertex 138.633 3.17341 2.2265
    endloop
  endfacet
  facet normal -0.454857 -0.83165 0.318533
    outer loop
      vertex 136.464 3.17341 -0.871844
      vertex 138.277 3.4641 2.47603
      vertex 135.675 3.4641 -1.23956
    endloop
  endfacet
  facet normal 0.775697 -0.321379 -0.543148
    outer loop
      vertex 1.42365 1.03528 78.7693
      vertex 10.7386 1.53073 91.7793
      vertex 10.6009 1.03528 91.8758
    endloop
  endfacet
  facet normal 0.775697 -0.321379 -0.543148
    outer loop
      vertex 10.7386 1.53073 91.7793
      vertex 1.42365 1.03528 78.7693
      vertex 1.56142 1.53073 78.6729
    endloop
  endfacet
  facet normal 0.362292 -0.896879 -0.253679
    outer loop
      vertex 2.95031 3.4641 77.7004
      vertex 12.5119 3.69552 90.5376
      vertex 12.1275 3.4641 90.8068
    endloop
  endfacet
  facet normal 0.362292 -0.896879 -0.253679
    outer loop
      vertex 12.5119 3.69552 90.5376
      vertex 2.95031 3.4641 77.7004
      vertex 3.33471 3.69552 77.4312
    endloop
  endfacet
  facet normal 0.734672 0.442299 -0.514422
    outer loop
      vertex 10.9282 -2 91.6466
      vertex 1.56142 -1.53073 78.6729
      vertex 10.7386 -1.53073 91.7793
    endloop
  endfacet
  facet normal 0.734652 0.442349 -0.514406
    outer loop
      vertex 1.56142 -1.53073 78.6729
      vertex 10.9282 -2 91.6466
      vertex 1.75099 -2 78.5401
    endloop
  endfacet
  facet normal -0.0536316 0.997854 0.0375539
    outer loop
      vertex 132.996 -3.96578 -2.48873
      vertex 136.639 -4 3.62318
      vertex 137.066 -3.96578 3.32372
    endloop
  endfacet
  facet normal -0.0536078 0.997856 0.0375398
    outer loop
      vertex 136.639 -4 3.62318
      vertex 132.996 -3.96578 -2.48873
      vertex 132.05 -4 -2.93003
    endloop
  endfacet
  facet normal -0.681044 -0.555656 0.476891
    outer loop
      vertex 138.329 2 -0.00204819
      vertex 139.238 2.43505 1.80299
      vertex 137.802 2.43505 -0.247748
    endloop
  endfacet
  facet normal -0.681203 -0.555437 0.476919
    outer loop
      vertex 139.238 2.43505 1.80299
      vertex 138.329 2 -0.00204819
      vertex 139.476 2 1.63626
    endloop
  endfacet
  facet normal 0.573576 0 0.819152
    outer loop
      vertex 108.544 4 3.76293
      vertex 6.22692 0 75.4061
      vertex 108.544 -4 3.76293
    endloop
  endfacet
  facet normal 0.573575 5.29407e-05 0.819153
    outer loop
      vertex 108.544 4 3.76293
      vertex 6.2129 0.261052 75.4159
      vertex 6.22692 0 75.4061
    endloop
  endfacet
  facet normal 0.573578 -7.72401e-05 0.819151
    outer loop
      vertex 108.544 4 3.76293
      vertex 6.17109 0.517637 75.4452
      vertex 6.2129 0.261052 75.4159
    endloop
  endfacet
  facet normal 0.573574 9.92075e-05 0.819154
    outer loop
      vertex 108.544 4 3.76293
      vertex 6.10221 0.765367 75.4934
      vertex 6.17109 0.517637 75.4452
    endloop
  endfacet
  facet normal 0.573578 -9.4343e-05 0.819151
    outer loop
      vertex 108.544 4 3.76293
      vertex 6.00742 1 75.5598
      vertex 6.10221 0.765367 75.4934
    endloop
  endfacet
  facet normal 0.573576 1.64913e-05 0.819152
    outer loop
      vertex 4.58861 4 76.5532
      vertex 6.00742 1 75.5598
      vertex 108.544 4 3.76293
    endloop
  endfacet
  facet normal 0.571694 -0.00130849 0.820466
    outer loop
      vertex 6.00742 1 75.5598
      vertex 4.58861 4 76.5532
      vertex 5.88837 1.21752 75.6431
    endloop
  endfacet
  facet normal 0.574252 0.000470973 0.818678
    outer loop
      vertex 5.88837 1.21752 75.6431
      vertex 4.58861 4 76.5532
      vertex 5.74707 1.41421 75.7421
    endloop
  endfacet
  facet normal 0.573489 -3.83328e-05 0.819213
    outer loop
      vertex 5.74707 1.41421 75.7421
      vertex 4.58861 4 76.5532
      vertex 5.58595 1.58671 75.8549
    endloop
  endfacet
  facet normal 0.573263 -0.00017757 0.819371
    outer loop
      vertex 5.58595 1.58671 75.8549
      vertex 4.58861 4 76.5532
      vertex 5.40776 1.73205 75.9796
    endloop
  endfacet
  facet normal 0.573645 2.80225e-05 0.819104
    outer loop
      vertex 5.40776 1.73205 75.9796
      vertex 4.58861 4 76.5532
      vertex 5.21556 1.84776 76.1142
    endloop
  endfacet
  facet normal 0.573619 1.64566e-05 0.819123
    outer loop
      vertex 5.21556 1.84776 76.1142
      vertex 4.58861 4 76.5532
      vertex 5.01264 1.93185 76.2563
    endloop
  endfacet
  facet normal 0.573641 2.34094e-05 0.819107
    outer loop
      vertex 5.01264 1.93185 76.2563
      vertex 4.58861 4 76.5532
      vertex 4.80245 1.98289 76.4035
    endloop
  endfacet
  facet normal 0.573493 0 0.81921
    outer loop
      vertex 4.58861 4 76.5532
      vertex 4.58861 2 76.5532
      vertex 4.80245 1.98289 76.4035
    endloop
  endfacet
  facet normal 0.573622 0 0.81912
    outer loop
      vertex 4.16093 3.96578 76.8527
      vertex 4.58861 2 76.5532
      vertex 4.58861 4 76.5532
    endloop
  endfacet
  facet normal 0.573495 -4.09604e-05 0.819209
    outer loop
      vertex 4.58861 2 76.5532
      vertex 4.16093 3.96578 76.8527
      vertex 4.37477 1.98289 76.7029
    endloop
  endfacet
  facet normal 0.573522 -3.66932e-05 0.81919
    outer loop
      vertex 3.74056 3.8637 77.147
      vertex 4.37477 1.98289 76.7029
      vertex 4.16093 3.96578 76.8527
    endloop
  endfacet
  facet normal 0.573651 2.82955e-05 0.8191
    outer loop
      vertex 4.37477 1.98289 76.7029
      vertex 3.74056 3.8637 77.147
      vertex 4.16459 1.93185 76.8501
    endloop
  endfacet
  facet normal 0.573601 1.19333e-05 0.819135
    outer loop
      vertex 3.33471 3.69552 77.4312
      vertex 4.16459 1.93185 76.8501
      vertex 3.74056 3.8637 77.147
    endloop
  endfacet
  facet normal 0.573593 6.36832e-06 0.81914
    outer loop
      vertex 4.16459 1.93185 76.8501
      vertex 3.33471 3.69552 77.4312
      vertex 3.96166 1.84776 76.9922
    endloop
  endfacet
  facet normal 0.573625 2.23509e-05 0.819118
    outer loop
      vertex 2.95031 3.4641 77.7004
      vertex 3.96166 1.84776 76.9922
      vertex 3.33471 3.69552 77.4312
    endloop
  endfacet
  facet normal 0.573625 2.23509e-05 0.819118
    outer loop
      vertex 3.96166 1.84776 76.9922
      vertex 2.95031 3.4641 77.7004
      vertex 3.76946 1.73205 77.1268
    endloop
  endfacet
  facet normal 0.573544 -3.43876e-05 0.819174
    outer loop
      vertex 2.59394 3.17341 77.9499
      vertex 3.76946 1.73205 77.1268
      vertex 2.95031 3.4641 77.7004
    endloop
  endfacet
  facet normal 0.573644 8.60682e-05 0.819105
    outer loop
      vertex 3.76946 1.73205 77.1268
      vertex 2.59394 3.17341 77.9499
      vertex 3.59128 1.58671 77.2516
    endloop
  endfacet
  facet normal 0.573531 -1.94299e-05 0.819184
    outer loop
      vertex 2.2717 2.82843 78.1755
      vertex 3.59128 1.58671 77.2516
      vertex 2.59394 3.17341 77.9499
    endloop
  endfacet
  facet normal 0.573531 -1.94293e-05 0.819184
    outer loop
      vertex 3.59128 1.58671 77.2516
      vertex 2.2717 2.82843 78.1755
      vertex 3.43016 1.41421 77.3644
    endloop
  endfacet
  facet normal 0.57358 4.05795e-05 0.81915
    outer loop
      vertex 1.9891 2.43505 78.3734
      vertex 3.43016 1.41421 77.3644
      vertex 2.2717 2.82843 78.1755
    endloop
  endfacet
  facet normal 0.573514 -9.74292e-05 0.819195
    outer loop
      vertex 3.43016 1.41421 77.3644
      vertex 1.9891 2.43505 78.3734
      vertex 3.28886 1.21752 77.4633
    endloop
  endfacet
  facet normal 0.573555 -3.24835e-05 0.819167
    outer loop
      vertex 1.75099 2 78.5401
      vertex 3.28886 1.21752 77.4633
      vertex 1.9891 2.43505 78.3734
    endloop
  endfacet
  facet normal 0.573602 0.00010448 0.819134
    outer loop
      vertex 3.28886 1.21752 77.4633
      vertex 1.75099 2 78.5401
      vertex 3.1698 1 77.5467
    endloop
  endfacet
  facet normal 0.573598 9.49304e-05 0.819137
    outer loop
      vertex 1.56142 1.53073 78.6729
      vertex 3.1698 1 77.5467
      vertex 1.75099 2 78.5401
    endloop
  endfacet
  facet normal 0.573532 -0.000202347 0.819183
    outer loop
      vertex 3.1698 1 77.5467
      vertex 1.56142 1.53073 78.6729
      vertex 3.07502 0.765367 77.613
    endloop
  endfacet
  facet normal 0.573557 -2.95596e-05 0.819165
    outer loop
      vertex 2.96432 0.261052 77.6906
      vertex 1.312 0 78.8475
      vertex 2.95031 0 77.7004
    endloop
  endfacet
  facet normal 0.573564 -0.00010667 0.819161
    outer loop
      vertex 1.42365 1.03528 78.7693
      vertex 3.07502 0.765367 77.613
      vertex 1.56142 1.53073 78.6729
    endloop
  endfacet
  facet normal 0.57356 -5.17185e-05 0.819164
    outer loop
      vertex 1.312 0 78.8475
      vertex 2.96432 0.261052 77.6906
      vertex 1.34004 0.522104 78.8279
    endloop
  endfacet
  facet normal 0.573598 0.000198544 0.819137
    outer loop
      vertex 3.07502 0.765367 77.613
      vertex 1.42365 1.03528 78.7693
      vertex 3.00613 0.517637 77.6613
    endloop
  endfacet
  facet normal 0.573574 8.94914e-05 0.819154
    outer loop
      vertex 1.34004 0.522104 78.8279
      vertex 3.00613 0.517637 77.6613
      vertex 1.42365 1.03528 78.7693
    endloop
  endfacet
  facet normal 0.573574 7.83202e-05 0.819154
    outer loop
      vertex 3.00613 0.517637 77.6613
      vertex 1.34004 0.522104 78.8279
      vertex 2.96432 0.261052 77.6906
    endloop
  endfacet
  facet normal 0.573594 -2.58579e-05 0.81914
    outer loop
      vertex 2.95031 0 77.7004
      vertex 1.9891 -2.43505 78.3734
      vertex 2.2717 -2.82843 78.1755
    endloop
  endfacet
  facet normal 0.573587 -8.61952e-05 0.819144
    outer loop
      vertex 1.42365 -1.03528 78.7693
      vertex 2.95031 0 77.7004
      vertex 1.34004 -0.522104 78.8279
    endloop
  endfacet
  facet normal 0.573526 0 0.819188
    outer loop
      vertex 2.95031 0 77.7004
      vertex 2.59394 -3.17341 77.9499
      vertex 2.95031 -3.4641 77.7004
    endloop
  endfacet
  facet normal 0.57351 8.41319e-05 0.819199
    outer loop
      vertex 1.56142 -1.53073 78.6729
      vertex 2.95031 0 77.7004
      vertex 1.42365 -1.03528 78.7693
    endloop
  endfacet
  facet normal 0.573518 1.29293e-06 0.819193
    outer loop
      vertex 2.59394 -3.17341 77.9499
      vertex 2.95031 0 77.7004
      vertex 2.2717 -2.82843 78.1755
    endloop
  endfacet
  facet normal 0.57353 1.17569e-05 0.819185
    outer loop
      vertex 1.9891 -2.43505 78.3734
      vertex 2.95031 0 77.7004
      vertex 1.75099 -2 78.5401
    endloop
  endfacet
  facet normal 0.573628 -7.63222e-05 0.819116
    outer loop
      vertex 1.75099 -2 78.5401
      vertex 2.95031 0 77.7004
      vertex 1.56142 -1.53073 78.6729
    endloop
  endfacet
  facet normal 0.573557 5.15306e-05 0.819165
    outer loop
      vertex 2.95031 0 77.7004
      vertex 1.312 0 78.8475
      vertex 1.34004 -0.522104 78.8279
    endloop
  endfacet
  facet normal 0.573575 -5.29407e-05 0.819153
    outer loop
      vertex 6.2129 -0.261052 75.4159
      vertex 108.544 -4 3.76293
      vertex 6.22692 0 75.4061
    endloop
  endfacet
  facet normal 0.573578 7.72401e-05 0.819151
    outer loop
      vertex 6.17109 -0.517637 75.4452
      vertex 108.544 -4 3.76293
      vertex 6.2129 -0.261052 75.4159
    endloop
  endfacet
  facet normal 0.573574 -9.92075e-05 0.819154
    outer loop
      vertex 6.10221 -0.765367 75.4934
      vertex 108.544 -4 3.76293
      vertex 6.17109 -0.517637 75.4452
    endloop
  endfacet
  facet normal 0.573578 9.4343e-05 0.819151
    outer loop
      vertex 6.00742 -1 75.5598
      vertex 108.544 -4 3.76293
      vertex 6.10221 -0.765367 75.4934
    endloop
  endfacet
  facet normal 0.571694 0.00130849 0.820466
    outer loop
      vertex 4.58861 -4 76.5532
      vertex 6.00742 -1 75.5598
      vertex 5.88837 -1.21752 75.6431
    endloop
  endfacet
  facet normal 0.574252 -0.000470973 0.818678
    outer loop
      vertex 4.58861 -4 76.5532
      vertex 5.88837 -1.21752 75.6431
      vertex 5.74707 -1.41421 75.7421
    endloop
  endfacet
  facet normal 0.573489 3.83328e-05 0.819213
    outer loop
      vertex 4.58861 -4 76.5532
      vertex 5.74707 -1.41421 75.7421
      vertex 5.58595 -1.58671 75.8549
    endloop
  endfacet
  facet normal 0.573263 0.00017757 0.819371
    outer loop
      vertex 4.58861 -4 76.5532
      vertex 5.58595 -1.58671 75.8549
      vertex 5.40776 -1.73205 75.9796
    endloop
  endfacet
  facet normal 0.573645 -2.80225e-05 0.819104
    outer loop
      vertex 4.58861 -4 76.5532
      vertex 5.40776 -1.73205 75.9796
      vertex 5.21556 -1.84776 76.1142
    endloop
  endfacet
  facet normal 0.573619 -1.64566e-05 0.819123
    outer loop
      vertex 4.58861 -4 76.5532
      vertex 5.21556 -1.84776 76.1142
      vertex 5.01264 -1.93185 76.2563
    endloop
  endfacet
  facet normal 0.573641 -2.34094e-05 0.819107
    outer loop
      vertex 4.58861 -4 76.5532
      vertex 5.01264 -1.93185 76.2563
      vertex 4.80245 -1.98289 76.4035
    endloop
  endfacet
  facet normal 0.573493 -0 0.81921
    outer loop
      vertex 4.58861 -4 76.5532
      vertex 4.80245 -1.98289 76.4035
      vertex 4.58861 -2 76.5532
    endloop
  endfacet
  facet normal 0.573576 -1.64913e-05 0.819152
    outer loop
      vertex 6.00742 -1 75.5598
      vertex 4.58861 -4 76.5532
      vertex 108.544 -4 3.76293
    endloop
  endfacet
  facet normal 0.573495 4.09604e-05 0.819209
    outer loop
      vertex 4.16093 -3.96578 76.8527
      vertex 4.58861 -2 76.5532
      vertex 4.37477 -1.98289 76.7029
    endloop
  endfacet
  facet normal 0.573651 -2.82955e-05 0.8191
    outer loop
      vertex 3.74056 -3.8637 77.147
      vertex 4.37477 -1.98289 76.7029
      vertex 4.16459 -1.93185 76.8501
    endloop
  endfacet
  facet normal 0.573622 0 0.81912
    outer loop
      vertex 4.58861 -2 76.5532
      vertex 4.16093 -3.96578 76.8527
      vertex 4.58861 -4 76.5532
    endloop
  endfacet
  facet normal 0.573593 -6.36832e-06 0.81914
    outer loop
      vertex 3.33471 -3.69552 77.4312
      vertex 4.16459 -1.93185 76.8501
      vertex 3.96166 -1.84776 76.9922
    endloop
  endfacet
  facet normal 0.573625 -2.23509e-05 0.819118
    outer loop
      vertex 2.95031 -3.4641 77.7004
      vertex 3.96166 -1.84776 76.9922
      vertex 3.76946 -1.73205 77.1268
    endloop
  endfacet
  facet normal 0.573522 3.66932e-05 0.81919
    outer loop
      vertex 4.37477 -1.98289 76.7029
      vertex 3.74056 -3.8637 77.147
      vertex 4.16093 -3.96578 76.8527
    endloop
  endfacet
  facet normal 0.573664 -4.95509e-05 0.819091
    outer loop
      vertex 2.95031 -3.4641 77.7004
      vertex 3.76946 -1.73205 77.1268
      vertex 3.59128 -1.58671 77.2516
    endloop
  endfacet
  facet normal 0.57353 1.83252e-05 0.819184
    outer loop
      vertex 2.95031 -3.4641 77.7004
      vertex 3.59128 -1.58671 77.2516
      vertex 3.43016 -1.41421 77.3644
    endloop
  endfacet
  facet normal 0.573601 -1.19333e-05 0.819135
    outer loop
      vertex 4.16459 -1.93185 76.8501
      vertex 3.33471 -3.69552 77.4312
      vertex 3.74056 -3.8637 77.147
    endloop
  endfacet
  facet normal 0.573463 4.18862e-05 0.819232
    outer loop
      vertex 2.95031 -3.4641 77.7004
      vertex 3.43016 -1.41421 77.3644
      vertex 3.28886 -1.21752 77.4633
    endloop
  endfacet
  facet normal 0.573713 -1.42721e-05 0.819057
    outer loop
      vertex 2.95031 -3.4641 77.7004
      vertex 3.28886 -1.21752 77.4633
      vertex 3.1698 -1 77.5467
    endloop
  endfacet
  facet normal 0.573269 4.45518e-05 0.819367
    outer loop
      vertex 2.95031 -3.4641 77.7004
      vertex 3.1698 -1 77.5467
      vertex 3.07502 -0.765367 77.613
    endloop
  endfacet
  facet normal 0.574054 -9.46808e-06 0.818818
    outer loop
      vertex 2.95031 -3.4641 77.7004
      vertex 3.07502 -0.765367 77.613
      vertex 3.00613 -0.517637 77.6613
    endloop
  endfacet
  facet normal 0.573878 -4.49627e-06 0.818941
    outer loop
      vertex 2.95031 -3.4641 77.7004
      vertex 3.00613 -0.517637 77.6613
      vertex 2.96432 -0.261052 77.6906
    endloop
  endfacet
  facet normal 0.573625 -2.23509e-05 0.819118
    outer loop
      vertex 3.96166 -1.84776 76.9922
      vertex 2.95031 -3.4641 77.7004
      vertex 3.33471 -3.69552 77.4312
    endloop
  endfacet
  facet normal 0.573188 -0 0.819424
    outer loop
      vertex 2.95031 -3.4641 77.7004
      vertex 2.96432 -0.261052 77.6906
      vertex 2.95031 0 77.7004
    endloop
  endfacet
  facet normal 0.573576 0 0.819152
    outer loop
      vertex 116.111 4 -1.53554
      vertex 123.678 -4 -6.83401
      vertex 123.678 4 -6.83401
    endloop
  endfacet
  facet normal 0.573576 0 0.819152
    outer loop
      vertex 116.111 4 -1.53554
      vertex 116.111 -4 -1.53554
      vertex 123.678 -4 -6.83401
    endloop
  endfacet
  facet normal 0.573741 0 0.819037
    outer loop
      vertex 115.256 3.96578 -0.936607
      vertex 116.111 -4 -1.53554
      vertex 116.111 4 -1.53554
    endloop
  endfacet
  facet normal 0.573741 0 0.819037
    outer loop
      vertex 115.256 3.96578 -0.936607
      vertex 115.256 -3.96578 -0.936607
      vertex 116.111 -4 -1.53554
    endloop
  endfacet
  facet normal 0.573453 0 0.819239
    outer loop
      vertex 114.415 3.8637 -0.347922
      vertex 115.256 -3.96578 -0.936607
      vertex 115.256 3.96578 -0.936607
    endloop
  endfacet
  facet normal 0.573453 0 0.819239
    outer loop
      vertex 114.415 3.8637 -0.347922
      vertex 114.415 -3.8637 -0.347922
      vertex 115.256 -3.96578 -0.936607
    endloop
  endfacet
  facet normal 0.573439 0 0.819248
    outer loop
      vertex 113.603 3.69552 0.220444
      vertex 114.415 -3.8637 -0.347922
      vertex 114.415 3.8637 -0.347922
    endloop
  endfacet
  facet normal 0.573439 0 0.819248
    outer loop
      vertex 113.603 3.69552 0.220444
      vertex 113.603 -3.69552 0.220444
      vertex 114.415 -3.8637 -0.347922
    endloop
  endfacet
  facet normal 0.573477 0 0.819221
    outer loop
      vertex 112.834 3.4641 0.758765
      vertex 113.603 -3.69552 0.220444
      vertex 113.603 3.69552 0.220444
    endloop
  endfacet
  facet normal 0.573477 0 0.819221
    outer loop
      vertex 112.834 3.4641 0.758765
      vertex 112.834 -3.4641 0.758765
      vertex 113.603 -3.69552 0.220444
    endloop
  endfacet
  facet normal 0.573976 0 0.818872
    outer loop
      vertex 112.122 3.17341 1.25783
      vertex 112.834 -3.4641 0.758765
      vertex 112.834 3.4641 0.758765
    endloop
  endfacet
  facet normal 0.573976 0 0.818872
    outer loop
      vertex 112.122 3.17341 1.25783
      vertex 112.122 -3.17341 1.25783
      vertex 112.834 -3.4641 0.758765
    endloop
  endfacet
  facet normal 0.573266 0 0.819369
    outer loop
      vertex 111.477 2.82843 1.7091
      vertex 112.122 -3.17341 1.25783
      vertex 112.122 3.17341 1.25783
    endloop
  endfacet
  facet normal 0.573266 0 0.819369
    outer loop
      vertex 111.477 2.82843 1.7091
      vertex 111.477 -2.82843 1.7091
      vertex 112.122 -3.17341 1.25783
    endloop
  endfacet
  facet normal 0.573706 0 0.819062
    outer loop
      vertex 110.912 2.43505 2.10485
      vertex 111.477 -2.82843 1.7091
      vertex 111.477 2.82843 1.7091
    endloop
  endfacet
  facet normal 0.573706 0 0.819062
    outer loop
      vertex 110.912 2.43505 2.10485
      vertex 110.912 -2.43505 2.10485
      vertex 111.477 -2.82843 1.7091
    endloop
  endfacet
  facet normal 0.573763 0 0.819022
    outer loop
      vertex 110.436 2 2.43831
      vertex 110.912 -2.43505 2.10485
      vertex 110.912 2.43505 2.10485
    endloop
  endfacet
  facet normal 0.573763 0 0.819022
    outer loop
      vertex 110.436 2 2.43831
      vertex 110.436 -2 2.43831
      vertex 110.912 -2.43505 2.10485
    endloop
  endfacet
  facet normal 0.573709 0 0.819059
    outer loop
      vertex 110.057 1.53073 2.70378
      vertex 110.436 -2 2.43831
      vertex 110.436 2 2.43831
    endloop
  endfacet
  facet normal 0.573709 0 0.819059
    outer loop
      vertex 110.057 1.53073 2.70378
      vertex 110.057 -1.53073 2.70378
      vertex 110.436 -2 2.43831
    endloop
  endfacet
  facet normal 0.572944 0 0.819594
    outer loop
      vertex 109.781 1.03528 2.89672
      vertex 110.057 -1.53073 2.70378
      vertex 110.057 1.53073 2.70378
    endloop
  endfacet
  facet normal 0.572944 0 0.819594
    outer loop
      vertex 109.781 1.03528 2.89672
      vertex 109.781 -1.03528 2.89672
      vertex 110.057 -1.53073 2.70378
    endloop
  endfacet
  facet normal 0.574087 0 0.818794
    outer loop
      vertex 109.614 0.522104 3.01381
      vertex 109.781 -1.03528 2.89672
      vertex 109.781 1.03528 2.89672
    endloop
  endfacet
  facet normal 0.574087 0 0.818794
    outer loop
      vertex 109.614 0.522104 3.01381
      vertex 109.614 -0.522104 3.01381
      vertex 109.781 -1.03528 2.89672
    endloop
  endfacet
  facet normal 0.574051 -0 0.81882
    outer loop
      vertex 109.614 -0.522104 3.01381
      vertex 109.614 0.522104 3.01381
      vertex 109.558 0 3.05307
    endloop
  endfacet
  facet normal 0.540032 -0.751918 -0.378132
    outer loop
      vertex 2.2717 2.82843 78.1755
      vertex 11.7712 3.17341 91.0563
      vertex 11.4489 2.82843 91.282
    endloop
  endfacet
  facet normal 0.540113 -0.75183 -0.378193
    outer loop
      vertex 11.7712 3.17341 91.0563
      vertex 2.2717 2.82843 78.1755
      vertex 2.59394 3.17341 77.9499
    endloop
  endfacet
  facet normal 0.455151 -0.831424 -0.318702
    outer loop
      vertex 2.59394 3.17341 77.9499
      vertex 12.1275 3.4641 90.8068
      vertex 11.7712 3.17341 91.0563
    endloop
  endfacet
  facet normal 0.455111 -0.831458 -0.318672
    outer loop
      vertex 12.1275 3.4641 90.8068
      vertex 2.59394 3.17341 77.9499
      vertex 2.95031 3.4641 77.7004
    endloop
  endfacet
  facet normal -0.159659 0.980822 0.111791
    outer loop
      vertex 133.927 -3.8637 -2.05498
      vertex 137.066 -3.96578 3.32372
      vertex 137.487 -3.8637 3.02937
    endloop
  endfacet
  facet normal -0.159615 0.980832 0.111766
    outer loop
      vertex 137.066 -3.96578 3.32372
      vertex 133.927 -3.8637 -2.05498
      vertex 132.996 -3.96578 -2.48873
    endloop
  endfacet
  facet normal -0.263241 0.946956 0.184331
    outer loop
      vertex 134.825 -3.69552 -1.6362
      vertex 137.487 -3.8637 3.02937
      vertex 137.893 -3.69552 2.74519
    endloop
  endfacet
  facet normal -0.263327 0.946923 0.184378
    outer loop
      vertex 137.487 -3.8637 3.02937
      vertex 134.825 -3.69552 -1.6362
      vertex 133.927 -3.8637 -2.05498
    endloop
  endfacet
  facet normal -0.803151 -0.19488 0.563002
    outer loop
      vertex 139.238 0.522104 0.421989
      vertex 139.804 1.03528 1.40705
      vertex 139.053 1.03528 0.33571
    endloop
  endfacet
  facet normal -0.803466 -0.194152 0.562804
    outer loop
      vertex 139.804 1.03528 1.40705
      vertex 139.238 0.522104 0.421989
      vertex 139.887 0.522104 1.34851
    endloop
  endfacet
  facet normal -0.817301 -0.0653391 0.572495
    outer loop
      vertex 139.3 0 0.450913
      vertex 139.887 0.522104 1.34851
      vertex 139.238 0.522104 0.421989
    endloop
  endfacet
  facet normal -0.817295 -0.0653557 0.572501
    outer loop
      vertex 139.887 0.522104 1.34851
      vertex 139.3 0 0.450913
      vertex 139.915 0 1.32888
    endloop
  endfacet
  facet normal -0.803416 -0.195073 0.562556
    outer loop
      vertex 6.2129 0.261052 75.4159
      vertex 2.35836 0.517637 70
      vertex 2.42066 0.261052 70
    endloop
  endfacet
  facet normal -0.803405 -0.195151 0.562544
    outer loop
      vertex 2.35836 0.517637 70
      vertex 6.2129 0.261052 75.4159
      vertex 6.17109 0.517637 75.4452
    endloop
  endfacet
  facet normal -0.817399 -0.0654102 0.572346
    outer loop
      vertex 6.22692 0 75.4061
      vertex 2.42066 0.261052 70
      vertex 2.44155 0 70
    endloop
  endfacet
  facet normal -0.8174 -0.0653853 0.572348
    outer loop
      vertex 2.42066 0.261052 70
      vertex 6.22692 0 75.4061
      vertex 6.2129 0.261052 75.4159
    endloop
  endfacet
  facet normal -0.0535743 -0.997859 0.0375132
    outer loop
      vertex 0.318686 1.98289 70
      vertex 4.58861 2 76.5532
      vertex 0 2 70
    endloop
  endfacet
  facet normal -0.0535785 -0.997859 0.0375159
    outer loop
      vertex 4.58861 2 76.5532
      vertex 0.318686 1.98289 70
      vertex 4.80245 1.98289 76.4035
    endloop
  endfacet
  facet normal 0.159806 -0.980786 -0.111898
    outer loop
      vertex -0.424024 1.93185 70.2969
      vertex 4.37477 1.98289 76.7029
      vertex 4.16459 1.93185 76.8501
    endloop
  endfacet
  facet normal 0.159804 -0.980786 -0.111897
    outer loop
      vertex 4.37477 1.98289 76.7029
      vertex -0.424024 1.93185 70.2969
      vertex -0.213841 1.98289 70.1497
    endloop
  endfacet
  facet normal 0.775639 0.321584 -0.543109
    outer loop
      vertex 3.07502 -0.765367 77.613
      vertex -1.58248 -0.517637 71.1081
      vertex 3.00613 -0.517637 77.6613
    endloop
  endfacet
  facet normal 0.775639 0.321584 -0.543109
    outer loop
      vertex -1.58248 -0.517637 71.1081
      vertex 3.07502 -0.765367 77.613
      vertex -1.51359 -0.765367 71.0598
    endloop
  endfacet
  facet normal -0.455136 0.831438 0.318689
    outer loop
      vertex 1.48632 -1.58671 70
      vertex 5.40776 -1.73205 75.9796
      vertex 5.58595 -1.58671 75.8549
    endloop
  endfacet
  facet normal -0.455083 0.83148 0.318655
    outer loop
      vertex 5.40776 -1.73205 75.9796
      vertex 1.48632 -1.58671 70
      vertex 1.22077 -1.73205 70
    endloop
  endfacet
  facet normal 0.734725 -0.442163 -0.514461
    outer loop
      vertex -1.51359 0.765367 71.0598
      vertex 3.1698 1 77.5467
      vertex 3.07502 0.765367 77.613
    endloop
  endfacet
  facet normal 0.734725 -0.442163 -0.514461
    outer loop
      vertex 3.1698 1 77.5467
      vertex -1.51359 0.765367 71.0598
      vertex -1.41881 1 70.9935
    endloop
  endfacet
  facet normal 0.775639 -0.321584 -0.543109
    outer loop
      vertex -1.58248 0.517637 71.1081
      vertex 3.07502 0.765367 77.613
      vertex 3.00613 0.517637 77.6613
    endloop
  endfacet
  facet normal 0.775639 -0.321584 -0.543109
    outer loop
      vertex 3.07502 0.765367 77.613
      vertex -1.58248 0.517637 71.1081
      vertex -1.51359 0.765367 71.0598
    endloop
  endfacet
  facet normal 0.734725 0.442163 -0.514461
    outer loop
      vertex 3.1698 -1 77.5467
      vertex -1.51359 -0.765367 71.0598
      vertex 3.07502 -0.765367 77.613
    endloop
  endfacet
  facet normal 0.734725 0.442163 -0.514461
    outer loop
      vertex -1.51359 -0.765367 71.0598
      vertex 3.1698 -1 77.5467
      vertex -1.41881 -1 70.9935
    endloop
  endfacet
  facet normal 0.263294 -0.946936 -0.184361
    outer loop
      vertex -0.626952 1.84776 70.439
      vertex 4.16459 1.93185 76.8501
      vertex 3.96166 1.84776 76.9922
    endloop
  endfacet
  facet normal 0.263295 -0.946935 -0.184362
    outer loop
      vertex 4.16459 1.93185 76.8501
      vertex -0.626952 1.84776 70.439
      vertex -0.424024 1.93185 70.2969
    endloop
  endfacet
  facet normal -0.817399 0.0654102 0.572346
    outer loop
      vertex 2.42066 -0.261052 70
      vertex 6.22692 0 75.4061
      vertex 2.44155 0 70
    endloop
  endfacet
  facet normal -0.8174 0.0653853 0.572348
    outer loop
      vertex 6.22692 0 75.4061
      vertex 2.42066 -0.261052 70
      vertex 6.2129 -0.261052 75.4159
    endloop
  endfacet
  facet normal 0.681067 -0.555629 -0.476889
    outer loop
      vertex -1.41881 1 70.9935
      vertex 3.28886 1.21752 77.4633
      vertex 3.1698 1 77.5467
    endloop
  endfacet
  facet normal 0.681067 -0.555629 -0.476889
    outer loop
      vertex 3.28886 1.21752 77.4633
      vertex -1.41881 1 70.9935
      vertex -1.29975 1.21752 70.9101
    endloop
  endfacet
  facet normal 0.803406 -0.195151 -0.562543
    outer loop
      vertex -1.62429 0.261052 71.1373
      vertex 3.00613 0.517637 77.6613
      vertex 2.96432 0.261052 77.6906
    endloop
  endfacet
  facet normal 0.803436 -0.19494 -0.562573
    outer loop
      vertex 3.00613 0.517637 77.6613
      vertex -1.62429 0.261052 71.1373
      vertex -1.58248 0.517637 71.1081
    endloop
  endfacet
  facet normal -0.775681 0.321444 0.543132
    outer loop
      vertex 2.2557 -0.765367 70
      vertex 6.17109 -0.517637 75.4452
      vertex 2.35836 -0.517637 70
    endloop
  endfacet
  facet normal -0.775703 0.321359 0.543151
    outer loop
      vertex 6.17109 -0.517637 75.4452
      vertex 2.2557 -0.765367 70
      vertex 6.10221 -0.765367 75.4934
    endloop
  endfacet
  facet normal -0.540133 0.751811 0.378202
    outer loop
      vertex 1.72644 -1.41421 70
      vertex 5.58595 -1.58671 75.8549
      vertex 5.74707 -1.41421 75.7421
    endloop
  endfacet
  facet normal -0.540111 0.751834 0.378188
    outer loop
      vertex 5.58595 -1.58671 75.8549
      vertex 1.72644 -1.41421 70
      vertex 1.48632 -1.58671 70
    endloop
  endfacet
  facet normal -0.2633 -0.946933 0.184365
    outer loop
      vertex 0.93434 1.84776 70
      vertex 5.01264 1.93185 76.2563
      vertex 0.631918 1.93185 70
    endloop
  endfacet
  facet normal -0.263301 -0.946933 0.184366
    outer loop
      vertex 5.01264 1.93185 76.2563
      vertex 0.93434 1.84776 70
      vertex 5.21556 1.84776 76.1142
    endloop
  endfacet
  facet normal 0.615901 0.659303 -0.43126
    outer loop
      vertex 3.43016 -1.41421 77.3644
      vertex -1.29975 -1.21752 70.9101
      vertex 3.28886 -1.21752 77.4633
    endloop
  endfacet
  facet normal 0.615913 0.659286 -0.431269
    outer loop
      vertex -1.29975 -1.21752 70.9101
      vertex 3.43016 -1.41421 77.3644
      vertex -1.15846 -1.41421 70.8112
    endloop
  endfacet
  facet normal 0.540131 -0.751811 -0.378205
    outer loop
      vertex -1.15846 1.41421 70.8112
      vertex 3.59128 1.58671 77.2516
      vertex 3.43016 1.41421 77.3644
    endloop
  endfacet
  facet normal 0.540039 -0.751912 -0.378135
    outer loop
      vertex 3.59128 1.58671 77.2516
      vertex -1.15846 1.41421 70.8112
      vertex -0.997336 1.58671 70.6983
    endloop
  endfacet
  facet normal 0.8174 -0.0653541 -0.572351
    outer loop
      vertex -1.6383 0 71.1472
      vertex 2.96432 0.261052 77.6906
      vertex 2.95031 0 77.7004
    endloop
  endfacet
  facet normal 0.817393 -0.0655724 -0.572337
    outer loop
      vertex 2.96432 0.261052 77.6906
      vertex -1.6383 0 71.1472
      vertex -1.62429 0.261052 71.1373
    endloop
  endfacet
  facet normal -0.455083 -0.83148 0.318655
    outer loop
      vertex 1.48632 1.58671 70
      vertex 5.40776 1.73205 75.9796
      vertex 1.22077 1.73205 70
    endloop
  endfacet
  facet normal -0.455136 -0.831438 0.318689
    outer loop
      vertex 5.40776 1.73205 75.9796
      vertex 1.48632 1.58671 70
      vertex 5.58595 1.58671 75.8549
    endloop
  endfacet
  facet normal -0.681101 0.555571 0.476908
    outer loop
      vertex 1.93701 -1.21752 70
      vertex 6.00742 -1 75.5598
      vertex 2.11444 -1 70
    endloop
  endfacet
  facet normal -0.681162 0.555456 0.476957
    outer loop
      vertex 6.00742 -1 75.5598
      vertex 1.93701 -1.21752 70
      vertex 5.88837 -1.21752 75.6431
    endloop
  endfacet
  facet normal -0.681101 -0.555571 0.476908
    outer loop
      vertex 6.00742 1 75.5598
      vertex 1.93701 1.21752 70
      vertex 2.11444 1 70
    endloop
  endfacet
  facet normal -0.681162 -0.555456 0.476957
    outer loop
      vertex 1.93701 1.21752 70
      vertex 6.00742 1 75.5598
      vertex 5.88837 1.21752 75.6431
    endloop
  endfacet
  facet normal 0.615901 -0.659303 -0.43126
    outer loop
      vertex -1.29975 1.21752 70.9101
      vertex 3.43016 1.41421 77.3644
      vertex 3.28886 1.21752 77.4633
    endloop
  endfacet
  facet normal 0.615913 -0.659286 -0.431269
    outer loop
      vertex 3.43016 1.41421 77.3644
      vertex -1.29975 1.21752 70.9101
      vertex -1.15846 1.41421 70.8112
    endloop
  endfacet
  facet normal -0.263301 0.946933 0.184366
    outer loop
      vertex 0.93434 -1.84776 70
      vertex 5.01264 -1.93185 76.2563
      vertex 5.21556 -1.84776 76.1142
    endloop
  endfacet
  facet normal -0.2633 0.946933 0.184365
    outer loop
      vertex 5.01264 -1.93185 76.2563
      vertex 0.93434 -1.84776 70
      vertex 0.631918 -1.93185 70
    endloop
  endfacet
  facet normal -0.362291 0.896879 0.253681
    outer loop
      vertex 1.22077 -1.73205 70
      vertex 5.21556 -1.84776 76.1142
      vertex 5.40776 -1.73205 75.9796
    endloop
  endfacet
  facet normal -0.36231 0.896867 0.253693
    outer loop
      vertex 5.21556 -1.84776 76.1142
      vertex 1.22077 -1.73205 70
      vertex 0.93434 -1.84776 70
    endloop
  endfacet
  facet normal -0.615878 -0.659339 0.431239
    outer loop
      vertex 1.93701 1.21752 70
      vertex 5.74707 1.41421 75.7421
      vertex 1.72644 1.41421 70
    endloop
  endfacet
  facet normal -0.615812 -0.659427 0.431198
    outer loop
      vertex 5.74707 1.41421 75.7421
      vertex 1.93701 1.21752 70
      vertex 5.88837 1.21752 75.6431
    endloop
  endfacet
  facet normal -0.0535785 0.997859 0.0375159
    outer loop
      vertex 0.318686 -1.98289 70
      vertex 4.58861 -2 76.5532
      vertex 4.80245 -1.98289 76.4035
    endloop
  endfacet
  facet normal -0.0535743 0.997859 0.0375132
    outer loop
      vertex 4.58861 -2 76.5532
      vertex 0.318686 -1.98289 70
      vertex 0 -2 70
    endloop
  endfacet
  facet normal -0.540111 -0.751834 0.378188
    outer loop
      vertex 1.72644 1.41421 70
      vertex 5.58595 1.58671 75.8549
      vertex 1.48632 1.58671 70
    endloop
  endfacet
  facet normal -0.540133 -0.751811 0.378202
    outer loop
      vertex 5.58595 1.58671 75.8549
      vertex 1.72644 1.41421 70
      vertex 5.74707 1.41421 75.7421
    endloop
  endfacet
  facet normal 0.8174 0.0653541 -0.572351
    outer loop
      vertex 2.96432 -0.261052 77.6906
      vertex -1.6383 0 71.1472
      vertex 2.95031 0 77.7004
    endloop
  endfacet
  facet normal 0.817393 0.0655724 -0.572337
    outer loop
      vertex -1.6383 0 71.1472
      vertex 2.96432 -0.261052 77.6906
      vertex -1.62429 -0.261052 71.1373
    endloop
  endfacet
  facet normal 0.540131 0.751811 -0.378205
    outer loop
      vertex 3.59128 -1.58671 77.2516
      vertex -1.15846 -1.41421 70.8112
      vertex 3.43016 -1.41421 77.3644
    endloop
  endfacet
  facet normal 0.540039 0.751912 -0.378135
    outer loop
      vertex -1.15846 -1.41421 70.8112
      vertex 3.59128 -1.58671 77.2516
      vertex -0.997336 -1.58671 70.6983
    endloop
  endfacet
  facet normal 0.455066 -0.831496 -0.318637
    outer loop
      vertex -0.997336 1.58671 70.6983
      vertex 3.76946 1.73205 77.1268
      vertex 3.59128 1.58671 77.2516
    endloop
  endfacet
  facet normal 0.455142 -0.831432 -0.318695
    outer loop
      vertex 3.76946 1.73205 77.1268
      vertex -0.997336 1.58671 70.6983
      vertex -0.819152 1.73205 70.5736
    endloop
  endfacet
  facet normal -0.734669 -0.442305 0.51442
    outer loop
      vertex 6.10221 0.765367 75.4934
      vertex 2.11444 1 70
      vertex 2.2557 0.765367 70
    endloop
  endfacet
  facet normal -0.734647 -0.442365 0.514401
    outer loop
      vertex 2.11444 1 70
      vertex 6.10221 0.765367 75.4934
      vertex 6.00742 1 75.5598
    endloop
  endfacet
  facet normal 0.0535784 0.997859 -0.0375161
    outer loop
      vertex 4.58861 -2 76.5532
      vertex -0.213841 -1.98289 70.1497
      vertex 4.37477 -1.98289 76.7029
    endloop
  endfacet
  facet normal 0.0535782 0.997859 -0.037516
    outer loop
      vertex -0.213841 -1.98289 70.1497
      vertex 4.58861 -2 76.5532
      vertex 0 -2 70
    endloop
  endfacet
  facet normal -0.159801 0.980787 0.111894
    outer loop
      vertex 0.631918 -1.93185 70
      vertex 4.80245 -1.98289 76.4035
      vertex 5.01264 -1.93185 76.2563
    endloop
  endfacet
  facet normal -0.159815 0.980784 0.111903
    outer loop
      vertex 4.80245 -1.98289 76.4035
      vertex 0.631918 -1.93185 70
      vertex 0.318686 -1.98289 70
    endloop
  endfacet
  facet normal -0.36231 -0.896867 0.253693
    outer loop
      vertex 1.22077 1.73205 70
      vertex 5.21556 1.84776 76.1142
      vertex 0.93434 1.84776 70
    endloop
  endfacet
  facet normal -0.362291 -0.896879 0.253681
    outer loop
      vertex 5.21556 1.84776 76.1142
      vertex 1.22077 1.73205 70
      vertex 5.40776 1.73205 75.9796
    endloop
  endfacet
  facet normal -0.734669 0.442305 0.51442
    outer loop
      vertex 2.11444 -1 70
      vertex 6.10221 -0.765367 75.4934
      vertex 2.2557 -0.765367 70
    endloop
  endfacet
  facet normal -0.734647 0.442365 0.514401
    outer loop
      vertex 6.10221 -0.765367 75.4934
      vertex 2.11444 -1 70
      vertex 6.00742 -1 75.5598
    endloop
  endfacet
  facet normal -0.803416 0.195073 0.562556
    outer loop
      vertex 2.35836 -0.517637 70
      vertex 6.2129 -0.261052 75.4159
      vertex 2.42066 -0.261052 70
    endloop
  endfacet
  facet normal -0.803405 0.195151 0.562544
    outer loop
      vertex 6.2129 -0.261052 75.4159
      vertex 2.35836 -0.517637 70
      vertex 6.17109 -0.517637 75.4452
    endloop
  endfacet
  facet normal 0.803406 0.195151 -0.562543
    outer loop
      vertex 3.00613 -0.517637 77.6613
      vertex -1.62429 -0.261052 71.1373
      vertex 2.96432 -0.261052 77.6906
    endloop
  endfacet
  facet normal 0.803436 0.19494 -0.562573
    outer loop
      vertex -1.62429 -0.261052 71.1373
      vertex 3.00613 -0.517637 77.6613
      vertex -1.58248 -0.517637 71.1081
    endloop
  endfacet
  facet normal 0.159806 0.980786 -0.111898
    outer loop
      vertex 4.37477 -1.98289 76.7029
      vertex -0.424024 -1.93185 70.2969
      vertex 4.16459 -1.93185 76.8501
    endloop
  endfacet
  facet normal 0.159804 0.980786 -0.111897
    outer loop
      vertex -0.424024 -1.93185 70.2969
      vertex 4.37477 -1.98289 76.7029
      vertex -0.213841 -1.98289 70.1497
    endloop
  endfacet
  facet normal -0.159815 -0.980784 0.111903
    outer loop
      vertex 0.631918 1.93185 70
      vertex 4.80245 1.98289 76.4035
      vertex 0.318686 1.98289 70
    endloop
  endfacet
  facet normal -0.159801 -0.980787 0.111894
    outer loop
      vertex 4.80245 1.98289 76.4035
      vertex 0.631918 1.93185 70
      vertex 5.01264 1.93185 76.2563
    endloop
  endfacet
  facet normal -0.775681 -0.321444 0.543132
    outer loop
      vertex 6.17109 0.517637 75.4452
      vertex 2.2557 0.765367 70
      vertex 2.35836 0.517637 70
    endloop
  endfacet
  facet normal -0.775703 -0.321359 0.543151
    outer loop
      vertex 2.2557 0.765367 70
      vertex 6.17109 0.517637 75.4452
      vertex 6.10221 0.765367 75.4934
    endloop
  endfacet
  facet normal -0.615812 0.659427 0.431198
    outer loop
      vertex 1.93701 -1.21752 70
      vertex 5.74707 -1.41421 75.7421
      vertex 5.88837 -1.21752 75.6431
    endloop
  endfacet
  facet normal -0.615878 0.659339 0.431239
    outer loop
      vertex 5.74707 -1.41421 75.7421
      vertex 1.93701 -1.21752 70
      vertex 1.72644 -1.41421 70
    endloop
  endfacet
  facet normal 0.681067 0.555629 -0.476889
    outer loop
      vertex 3.28886 -1.21752 77.4633
      vertex -1.41881 -1 70.9935
      vertex 3.1698 -1 77.5467
    endloop
  endfacet
  facet normal 0.681067 0.555629 -0.476889
    outer loop
      vertex -1.41881 -1 70.9935
      vertex 3.28886 -1.21752 77.4633
      vertex -1.29975 -1.21752 70.9101
    endloop
  endfacet
  facet normal 0.0535784 -0.997859 -0.0375161
    outer loop
      vertex -0.213841 1.98289 70.1497
      vertex 4.58861 2 76.5532
      vertex 4.37477 1.98289 76.7029
    endloop
  endfacet
  facet normal 0.0535782 -0.997859 -0.037516
    outer loop
      vertex 4.58861 2 76.5532
      vertex -0.213841 1.98289 70.1497
      vertex 0 2 70
    endloop
  endfacet
  facet normal 0.263294 0.946936 -0.184361
    outer loop
      vertex 4.16459 -1.93185 76.8501
      vertex -0.626952 -1.84776 70.439
      vertex 3.96166 -1.84776 76.9922
    endloop
  endfacet
  facet normal 0.263295 0.946935 -0.184362
    outer loop
      vertex -0.626952 -1.84776 70.439
      vertex 4.16459 -1.93185 76.8501
      vertex -0.424024 -1.93185 70.2969
    endloop
  endfacet
  facet normal 0.362292 -0.896879 -0.25368
    outer loop
      vertex -0.819152 1.73205 70.5736
      vertex 3.96166 1.84776 76.9922
      vertex 3.76946 1.73205 77.1268
    endloop
  endfacet
  facet normal 0.362292 -0.896879 -0.25368
    outer loop
      vertex 3.96166 1.84776 76.9922
      vertex -0.819152 1.73205 70.5736
      vertex -0.626952 1.84776 70.439
    endloop
  endfacet
  facet normal 0.362292 0.896879 -0.25368
    outer loop
      vertex 3.96166 -1.84776 76.9922
      vertex -0.819152 -1.73205 70.5736
      vertex 3.76946 -1.73205 77.1268
    endloop
  endfacet
  facet normal 0.362292 0.896879 -0.25368
    outer loop
      vertex -0.819152 -1.73205 70.5736
      vertex 3.96166 -1.84776 76.9922
      vertex -0.626952 -1.84776 70.439
    endloop
  endfacet
  facet normal 0.455066 0.831496 -0.318637
    outer loop
      vertex 3.76946 -1.73205 77.1268
      vertex -0.997336 -1.58671 70.6983
      vertex 3.59128 -1.58671 77.2516
    endloop
  endfacet
  facet normal 0.455142 0.831432 -0.318695
    outer loop
      vertex -0.997336 -1.58671 70.6983
      vertex 3.76946 -1.73205 77.1268
      vertex -0.819152 -1.73205 70.5736
    endloop
  endfacet
  facet normal -0.0535759 0.997861 0.0374626
    outer loop
      vertex 123.346 -1.98289 -15.8158
      vertex 123.087 -1.98289 -16.1862
      vertex 122.873 -2 -16.0365
    endloop
  endfacet
  facet normal -0.803199 -0.195723 0.56264
    outer loop
      vertex 124.497 0.261052 -17.1738
      vertex 126.375 0.517637 -14.4036
      vertex 124.455 0.517637 -17.1445
    endloop
  endfacet
  facet normal -0.803636 -0.193621 0.562743
    outer loop
      vertex 126.375 0.517637 -14.4036
      vertex 124.497 0.261052 -17.1738
      vertex 126.467 0.261052 -14.3605
    endloop
  endfacet
  facet normal -0.817388 -0.0653229 0.572372
    outer loop
      vertex 124.511 0 -17.1836
      vertex 126.467 0.261052 -14.3605
      vertex 124.497 0.261052 -17.1738
    endloop
  endfacet
  facet normal -0.817393 -0.0652736 0.572371
    outer loop
      vertex 126.467 0.261052 -14.3605
      vertex 124.511 0 -17.1836
      vertex 126.498 0 -14.346
    endloop
  endfacet
  facet normal -0.803199 0.195723 0.56264
    outer loop
      vertex 126.375 -0.517637 -14.4036
      vertex 124.497 -0.261052 -17.1738
      vertex 124.455 -0.517637 -17.1445
    endloop
  endfacet
  facet normal -0.803636 0.193621 0.562743
    outer loop
      vertex 124.497 -0.261052 -17.1738
      vertex 126.375 -0.517637 -14.4036
      vertex 126.467 -0.261052 -14.3605
    endloop
  endfacet
  facet normal -0.775562 0.321696 0.543154
    outer loop
      vertex 126.222 -0.765367 -14.4747
      vertex 124.455 -0.517637 -17.1445
      vertex 124.386 -0.765367 -17.0963
    endloop
  endfacet
  facet normal -0.775165 0.322903 0.543003
    outer loop
      vertex 124.455 -0.517637 -17.1445
      vertex 126.222 -0.765367 -14.4747
      vertex 126.375 -0.517637 -14.4036
    endloop
  endfacet
  facet normal 0.16006 0.980732 -0.112009
    outer loop
      vertex 122.918 -1.98289 -15.5163
      vertex 122.449 -1.93185 -15.7396
      vertex 122.963 -1.93185 -15.0051
    endloop
  endfacet
  facet normal 0.160001 0.980756 -0.11188
    outer loop
      vertex 122.449 -1.93185 -15.7396
      vertex 122.918 -1.98289 -15.5163
      vertex 122.659 -1.98289 -15.8867
    endloop
  endfacet
  facet normal 0.263328 -0.946938 -0.184298
    outer loop
      vertex 122.246 1.84776 -15.5975
      vertex 122.963 1.93185 -15.0051
      vertex 123.006 1.84776 -14.5116
    endloop
  endfacet
  facet normal 0.26329 -0.946959 -0.184249
    outer loop
      vertex 122.963 1.93185 -15.0051
      vertex 122.246 1.84776 -15.5975
      vertex 122.449 1.93185 -15.7396
    endloop
  endfacet
  facet normal 0.455023 -0.831483 -0.318732
    outer loop
      vertex 121.875 1.58671 -15.3381
      vertex 123.047 1.73205 -14.0441
      vertex 123.085 1.58671 -13.6107
    endloop
  endfacet
  facet normal 0.454163 -0.832286 -0.317863
    outer loop
      vertex 123.047 1.73205 -14.0441
      vertex 121.875 1.58671 -15.3381
      vertex 122.054 1.73205 -15.4629
    endloop
  endfacet
  facet normal -0.735545 -0.440372 0.514827
    outer loop
      vertex 124.386 0.765367 -17.0963
      vertex 126.012 1 -14.5725
      vertex 124.292 1 -17.0299
    endloop
  endfacet
  facet normal -0.734382 -0.442906 0.514314
    outer loop
      vertex 126.012 1 -14.5725
      vertex 124.386 0.765367 -17.0963
      vertex 126.222 0.765367 -14.4747
    endloop
  endfacet
  facet normal -0.159825 0.980789 0.111845
    outer loop
      vertex 123.297 -1.93185 -16.3334
      vertex 123.346 -1.98289 -15.8158
      vertex 123.811 -1.93185 -15.5989
    endloop
  endfacet
  facet normal -0.159967 0.980764 0.111856
    outer loop
      vertex 123.346 -1.98289 -15.8158
      vertex 123.297 -1.93185 -16.3334
      vertex 123.087 -1.98289 -16.1862
    endloop
  endfacet
  facet normal -0.362543 0.896761 0.253739
    outer loop
      vertex 123.692 -1.73205 -16.61
      vertex 124.26 -1.84776 -15.3895
      vertex 124.685 -1.73205 -15.1912
    endloop
  endfacet
  facet normal -0.362634 0.896713 0.253777
    outer loop
      vertex 124.26 -1.84776 -15.3895
      vertex 123.692 -1.73205 -16.61
      vertex 123.5 -1.84776 -16.4755
    endloop
  endfacet
  facet normal -0.263276 0.946963 0.184245
    outer loop
      vertex 123.5 -1.84776 -16.4755
      vertex 123.811 -1.93185 -15.5989
      vertex 124.26 -1.84776 -15.3895
    endloop
  endfacet
  facet normal -0.26329 0.946959 0.184249
    outer loop
      vertex 123.811 -1.93185 -15.5989
      vertex 123.5 -1.84776 -16.4755
      vertex 123.297 -1.93185 -16.3334
    endloop
  endfacet
  facet normal -0.454234 0.832126 0.31818
    outer loop
      vertex 123.87 -1.58671 -16.7348
      vertex 124.685 -1.73205 -15.1912
      vertex 125.08 -1.58671 -15.0074
    endloop
  endfacet
  facet normal -0.455346 0.831322 0.318691
    outer loop
      vertex 124.685 -1.73205 -15.1912
      vertex 123.87 -1.58671 -16.7348
      vertex 123.692 -1.73205 -16.61
    endloop
  endfacet
  facet normal 0.362558 -0.896751 -0.25375
    outer loop
      vertex 122.054 1.73205 -15.4629
      vertex 123.006 1.84776 -14.5116
      vertex 123.047 1.73205 -14.0441
    endloop
  endfacet
  facet normal 0.362551 -0.896756 -0.253743
    outer loop
      vertex 123.006 1.84776 -14.5116
      vertex 122.054 1.73205 -15.4629
      vertex 122.246 1.84776 -15.5975
    endloop
  endfacet
  facet normal 0.615861 0.659427 -0.431128
    outer loop
      vertex 123.119 -1.41421 -13.2188
      vertex 121.573 -1.21752 -15.1264
      vertex 123.149 -1.21752 -12.8751
    endloop
  endfacet
  facet normal 0.616278 0.658772 -0.431533
    outer loop
      vertex 121.573 -1.21752 -15.1264
      vertex 123.119 -1.41421 -13.2188
      vertex 121.714 -1.41421 -15.2253
    endloop
  endfacet
  facet normal 0.817524 0.0653456 -0.572175
    outer loop
      vertex 123.218 -0.261052 -12.0858
      vertex 121.235 0 -14.8893
      vertex 123.221 0 -12.0517
    endloop
  endfacet
  facet normal 0.817525 0.0653229 -0.572177
    outer loop
      vertex 121.235 0 -14.8893
      vertex 123.218 -0.261052 -12.0858
      vertex 121.249 -0.261052 -14.8991
    endloop
  endfacet
  facet normal -0.681275 -0.555348 0.47692
    outer loop
      vertex 124.292 1 -17.0299
      vertex 125.749 1.21752 -14.6953
      vertex 124.173 1.21752 -16.9466
    endloop
  endfacet
  facet normal -0.681614 -0.554795 0.47708
    outer loop
      vertex 125.749 1.21752 -14.6953
      vertex 124.292 1 -17.0299
      vertex 126.012 1 -14.5725
    endloop
  endfacet
  facet normal 0.817524 -0.0653456 -0.572175
    outer loop
      vertex 121.235 0 -14.8893
      vertex 123.218 0.261052 -12.0858
      vertex 123.221 0 -12.0517
    endloop
  endfacet
  facet normal 0.817525 -0.0653229 -0.572177
    outer loop
      vertex 123.218 0.261052 -12.0858
      vertex 121.235 0 -14.8893
      vertex 121.249 0.261052 -14.8991
    endloop
  endfacet
  facet normal 0.455023 0.831483 -0.318732
    outer loop
      vertex 123.047 -1.73205 -14.0441
      vertex 121.875 -1.58671 -15.3381
      vertex 123.085 -1.58671 -13.6107
    endloop
  endfacet
  facet normal 0.454163 0.832286 -0.317863
    outer loop
      vertex 121.875 -1.58671 -15.3381
      vertex 123.047 -1.73205 -14.0441
      vertex 122.054 -1.73205 -15.4629
    endloop
  endfacet
  facet normal 0.803096 -0.197746 -0.562079
    outer loop
      vertex 121.249 0.261052 -14.8991
      vertex 123.21 0.517637 -12.1875
      vertex 123.218 0.261052 -12.0858
    endloop
  endfacet
  facet normal 0.803687 -0.19271 -0.562983
    outer loop
      vertex 123.21 0.517637 -12.1875
      vertex 121.249 0.261052 -14.8991
      vertex 121.29 0.517637 -14.9284
    endloop
  endfacet
  facet normal 0.615861 -0.659427 -0.431128
    outer loop
      vertex 121.573 1.21752 -15.1264
      vertex 123.119 1.41421 -13.2188
      vertex 123.149 1.21752 -12.8751
    endloop
  endfacet
  facet normal 0.616278 -0.658772 -0.431533
    outer loop
      vertex 123.119 1.41421 -13.2188
      vertex 121.573 1.21752 -15.1264
      vertex 121.714 1.41421 -15.2253
    endloop
  endfacet
  facet normal 0.775837 0.320487 -0.543474
    outer loop
      vertex 123.195 -0.765367 -12.355
      vertex 121.29 -0.517637 -14.9284
      vertex 123.21 -0.517637 -12.1875
    endloop
  endfacet
  facet normal 0.775562 0.321696 -0.543154
    outer loop
      vertex 121.29 -0.517637 -14.9284
      vertex 123.195 -0.765367 -12.355
      vertex 121.359 -0.765367 -14.9766
    endloop
  endfacet
  facet normal -0.817388 0.0653229 0.572372
    outer loop
      vertex 126.467 -0.261052 -14.3605
      vertex 124.511 0 -17.1836
      vertex 124.497 -0.261052 -17.1738
    endloop
  endfacet
  facet normal -0.817393 0.0652736 0.572371
    outer loop
      vertex 124.511 0 -17.1836
      vertex 126.467 -0.261052 -14.3605
      vertex 126.498 0 -14.346
    endloop
  endfacet
  facet normal -0.362634 -0.896713 0.253777
    outer loop
      vertex 123.692 1.73205 -16.61
      vertex 124.26 1.84776 -15.3895
      vertex 123.5 1.84776 -16.4755
    endloop
  endfacet
  facet normal -0.362543 -0.896761 0.253739
    outer loop
      vertex 124.26 1.84776 -15.3895
      vertex 123.692 1.73205 -16.61
      vertex 124.685 1.73205 -15.1912
    endloop
  endfacet
  facet normal -0.614918 -0.660663 0.430581
    outer loop
      vertex 124.173 1.21752 -16.9466
      vertex 125.436 1.41421 -14.8411
      vertex 124.031 1.41421 -16.8476
    endloop
  endfacet
  facet normal -0.615441 -0.660011 0.430833
    outer loop
      vertex 125.436 1.41421 -14.8411
      vertex 124.173 1.21752 -16.9466
      vertex 125.749 1.21752 -14.6953
    endloop
  endfacet
  facet normal -0.455346 -0.831322 0.318691
    outer loop
      vertex 123.87 1.58671 -16.7348
      vertex 124.685 1.73205 -15.1912
      vertex 123.692 1.73205 -16.61
    endloop
  endfacet
  facet normal -0.454234 -0.832126 0.31818
    outer loop
      vertex 124.685 1.73205 -15.1912
      vertex 123.87 1.58671 -16.7348
      vertex 125.08 1.58671 -15.0074
    endloop
  endfacet
  facet normal -0.735545 0.440372 0.514827
    outer loop
      vertex 126.012 -1 -14.5725
      vertex 124.386 -0.765367 -17.0963
      vertex 124.292 -1 -17.0299
    endloop
  endfacet
  facet normal -0.734382 0.442906 0.514314
    outer loop
      vertex 124.386 -0.765367 -17.0963
      vertex 126.012 -1 -14.5725
      vertex 126.222 -0.765367 -14.4747
    endloop
  endfacet
  facet normal -0.681275 0.555348 0.47692
    outer loop
      vertex 125.749 -1.21752 -14.6953
      vertex 124.292 -1 -17.0299
      vertex 124.173 -1.21752 -16.9466
    endloop
  endfacet
  facet normal -0.681614 0.554795 0.47708
    outer loop
      vertex 124.292 -1 -17.0299
      vertex 125.749 -1.21752 -14.6953
      vertex 126.012 -1 -14.5725
    endloop
  endfacet
  facet normal 0.681815 -0.554205 -0.477478
    outer loop
      vertex 121.454 1 -15.043
      vertex 123.149 1.21752 -12.8751
      vertex 123.175 1 -12.5855
    endloop
  endfacet
  facet normal 0.681193 -0.555499 -0.476862
    outer loop
      vertex 123.149 1.21752 -12.8751
      vertex 121.454 1 -15.043
      vertex 121.573 1.21752 -15.1264
    endloop
  endfacet
  facet normal 0.16006 -0.980732 -0.112009
    outer loop
      vertex 122.449 1.93185 -15.7396
      vertex 122.918 1.98289 -15.5163
      vertex 122.963 1.93185 -15.0051
    endloop
  endfacet
  facet normal 0.160001 -0.980756 -0.11188
    outer loop
      vertex 122.918 1.98289 -15.5163
      vertex 122.449 1.93185 -15.7396
      vertex 122.659 1.98289 -15.8867
    endloop
  endfacet
  facet normal -0.540216 -0.751648 0.378408
    outer loop
      vertex 124.031 1.41421 -16.8476
      vertex 125.08 1.58671 -15.0074
      vertex 123.87 1.58671 -16.7348
    endloop
  endfacet
  facet normal -0.54083 -0.751057 0.378703
    outer loop
      vertex 125.08 1.58671 -15.0074
      vertex 124.031 1.41421 -16.8476
      vertex 125.436 1.41421 -14.8411
    endloop
  endfacet
  facet normal -0.615441 0.660011 0.430833
    outer loop
      vertex 124.173 -1.21752 -16.9466
      vertex 125.436 -1.41421 -14.8411
      vertex 125.749 -1.21752 -14.6953
    endloop
  endfacet
  facet normal -0.614918 0.660663 0.430581
    outer loop
      vertex 125.436 -1.41421 -14.8411
      vertex 124.173 -1.21752 -16.9466
      vertex 124.031 -1.41421 -16.8476
    endloop
  endfacet
  facet normal 0.263328 0.946938 -0.184298
    outer loop
      vertex 122.963 -1.93185 -15.0051
      vertex 122.246 -1.84776 -15.5975
      vertex 123.006 -1.84776 -14.5116
    endloop
  endfacet
  facet normal 0.26329 0.946959 -0.184249
    outer loop
      vertex 122.246 -1.84776 -15.5975
      vertex 122.963 -1.93185 -15.0051
      vertex 122.449 -1.93185 -15.7396
    endloop
  endfacet
  facet normal -0.0535759 -0.997861 0.0374626
    outer loop
      vertex 123.087 1.98289 -16.1862
      vertex 123.346 1.98289 -15.8158
      vertex 122.873 2 -16.0365
    endloop
  endfacet
  facet normal 0.681815 0.554205 -0.477478
    outer loop
      vertex 123.149 -1.21752 -12.8751
      vertex 121.454 -1 -15.043
      vertex 123.175 -1 -12.5855
    endloop
  endfacet
  facet normal 0.681193 0.555499 -0.476862
    outer loop
      vertex 121.454 -1 -15.043
      vertex 123.149 -1.21752 -12.8751
      vertex 121.573 -1.21752 -15.1264
    endloop
  endfacet
  facet normal 0.53973 -0.752236 -0.377932
    outer loop
      vertex 121.714 1.41421 -15.2253
      vertex 123.085 1.58671 -13.6107
      vertex 123.119 1.41421 -13.2188
    endloop
  endfacet
  facet normal 0.540216 -0.751648 -0.378408
    outer loop
      vertex 123.085 1.58671 -13.6107
      vertex 121.714 1.41421 -15.2253
      vertex 121.875 1.58671 -15.3381
    endloop
  endfacet
  facet normal 0.734463 -0.442705 -0.51437
    outer loop
      vertex 121.359 0.765367 -14.9766
      vertex 123.175 1 -12.5855
      vertex 123.195 0.765367 -12.355
    endloop
  endfacet
  facet normal 0.734397 -0.442893 -0.514302
    outer loop
      vertex 123.175 1 -12.5855
      vertex 121.359 0.765367 -14.9766
      vertex 121.454 1 -15.043
    endloop
  endfacet
  facet normal 0.0535642 -0.997862 -0.0374544
    outer loop
      vertex 122.873 2 -16.0365
      vertex 122.918 1.98289 -15.5163
      vertex 122.659 1.98289 -15.8867
    endloop
  endfacet
  facet normal 0.803096 0.197746 -0.562079
    outer loop
      vertex 123.21 -0.517637 -12.1875
      vertex 121.249 -0.261052 -14.8991
      vertex 123.218 -0.261052 -12.0858
    endloop
  endfacet
  facet normal 0.803687 0.19271 -0.562983
    outer loop
      vertex 121.249 -0.261052 -14.8991
      vertex 123.21 -0.517637 -12.1875
      vertex 121.29 -0.517637 -14.9284
    endloop
  endfacet
  facet normal -0.26329 -0.946959 0.184249
    outer loop
      vertex 123.5 1.84776 -16.4755
      vertex 123.811 1.93185 -15.5989
      vertex 123.297 1.93185 -16.3334
    endloop
  endfacet
  facet normal -0.263276 -0.946963 0.184245
    outer loop
      vertex 123.811 1.93185 -15.5989
      vertex 123.5 1.84776 -16.4755
      vertex 124.26 1.84776 -15.3895
    endloop
  endfacet
  facet normal 0.775837 -0.320487 -0.543474
    outer loop
      vertex 121.29 0.517637 -14.9284
      vertex 123.195 0.765367 -12.355
      vertex 123.21 0.517637 -12.1875
    endloop
  endfacet
  facet normal 0.775562 -0.321696 -0.543154
    outer loop
      vertex 123.195 0.765367 -12.355
      vertex 121.29 0.517637 -14.9284
      vertex 121.359 0.765367 -14.9766
    endloop
  endfacet
  facet normal -0.775562 -0.321696 0.543154
    outer loop
      vertex 124.455 0.517637 -17.1445
      vertex 126.222 0.765367 -14.4747
      vertex 124.386 0.765367 -17.0963
    endloop
  endfacet
  facet normal -0.775165 -0.322903 0.543003
    outer loop
      vertex 126.222 0.765367 -14.4747
      vertex 124.455 0.517637 -17.1445
      vertex 126.375 0.517637 -14.4036
    endloop
  endfacet
  facet normal 0.362558 0.896751 -0.25375
    outer loop
      vertex 123.006 -1.84776 -14.5116
      vertex 122.054 -1.73205 -15.4629
      vertex 123.047 -1.73205 -14.0441
    endloop
  endfacet
  facet normal 0.362551 0.896756 -0.253743
    outer loop
      vertex 122.054 -1.73205 -15.4629
      vertex 123.006 -1.84776 -14.5116
      vertex 122.246 -1.84776 -15.5975
    endloop
  endfacet
  facet normal 0.53973 0.752236 -0.377932
    outer loop
      vertex 123.085 -1.58671 -13.6107
      vertex 121.714 -1.41421 -15.2253
      vertex 123.119 -1.41421 -13.2188
    endloop
  endfacet
  facet normal 0.540216 0.751648 -0.378408
    outer loop
      vertex 121.714 -1.41421 -15.2253
      vertex 123.085 -1.58671 -13.6107
      vertex 121.875 -1.58671 -15.3381
    endloop
  endfacet
  facet normal 0.0535642 0.997862 -0.0374544
    outer loop
      vertex 122.918 -1.98289 -15.5163
      vertex 122.873 -2 -16.0365
      vertex 122.659 -1.98289 -15.8867
    endloop
  endfacet
  facet normal 0.734463 0.442705 -0.51437
    outer loop
      vertex 123.175 -1 -12.5855
      vertex 121.359 -0.765367 -14.9766
      vertex 123.195 -0.765367 -12.355
    endloop
  endfacet
  facet normal 0.734397 0.442893 -0.514302
    outer loop
      vertex 121.359 -0.765367 -14.9766
      vertex 123.175 -1 -12.5855
      vertex 121.454 -1 -15.043
    endloop
  endfacet
  facet normal -0.159967 -0.980764 0.111856
    outer loop
      vertex 123.297 1.93185 -16.3334
      vertex 123.346 1.98289 -15.8158
      vertex 123.087 1.98289 -16.1862
    endloop
  endfacet
  facet normal -0.159825 -0.980789 0.111845
    outer loop
      vertex 123.346 1.98289 -15.8158
      vertex 123.297 1.93185 -16.3334
      vertex 123.811 1.93185 -15.5989
    endloop
  endfacet
  facet normal -0.54083 0.751057 0.378703
    outer loop
      vertex 124.031 -1.41421 -16.8476
      vertex 125.08 -1.58671 -15.0074
      vertex 125.436 -1.41421 -14.8411
    endloop
  endfacet
  facet normal -0.540216 0.751648 0.378408
    outer loop
      vertex 125.08 -1.58671 -15.0074
      vertex 124.031 -1.41421 -16.8476
      vertex 123.87 -1.58671 -16.7348
    endloop
  endfacet
  facet normal 0.858247 -0.32133 0.400199
    outer loop
      vertex 231.717 -4 61.1995
      vertex 236.12 -3.10583 52.475
      vertex 231.992 -3.10583 61.3277
    endloop
  endfacet
  facet normal 0.858275 -0.321222 0.400225
    outer loop
      vertex 236.12 -3.10583 52.475
      vertex 231.717 -4 61.1995
      vertex 235.905 -4 52.2184
    endloop
  endfacet
  facet normal 0.858206 -0.321519 0.400135
    outer loop
      vertex 239.493 -4.5922 44.0485
      vertex 242.135 -3.10583 39.5763
      vertex 239.851 -3.10583 44.475
    endloop
  endfacet
  facet normal 0.858246 -0.321285 0.400236
    outer loop
      vertex 242.135 -3.10583 39.5763
      vertex 239.493 -4.5922 44.0485
      vertex 241.678 -4.5922 39.3631
    endloop
  endfacet
  facet normal 0.400908 0.896822 0.187039
    outer loop
      vertex 237.068 10.3923 37.2134
      vertex 234.887 11.0866 38.5592
      vertex 235.885 10.3923 39.7491
    endloop
  endfacet
  facet normal 0.400855 0.896868 0.186929
    outer loop
      vertex 234.887 11.0866 38.5592
      vertex 237.068 10.3923 37.2134
      vertex 235.792 11.0866 36.6185
    endloop
  endfacet
  facet normal 0.400908 -0.896822 0.187039
    outer loop
      vertex 234.887 -11.0866 38.5592
      vertex 237.068 -10.3923 37.2134
      vertex 235.885 -10.3923 39.7491
    endloop
  endfacet
  facet normal 0.400855 -0.896868 0.186929
    outer loop
      vertex 237.068 -10.3923 37.2134
      vertex 234.887 -11.0866 38.5592
      vertex 235.792 -11.0866 36.6185
    endloop
  endfacet
  facet normal 0.904421 -0.0655145 0.421582
    outer loop
      vertex 240.068 -1.56631 44.7338
      vertex 242.505 0 39.7491
      vertex 240.141 0 44.8206
    endloop
  endfacet
  facet normal 0.904411 -0.0653553 0.421627
    outer loop
      vertex 242.505 0 39.7491
      vertex 240.068 -1.56631 44.7338
      vertex 242.412 -1.56631 39.7058
    endloop
  endfacet
  facet normal 0.904389 -0.0653821 0.421671
    outer loop
      vertex 232.27 -1.56631 61.4571
      vertex 236.41 0 52.8206
      vertex 232.363 0 61.5005
    endloop
  endfacet
  facet normal 0.90439 -0.0655167 0.421647
    outer loop
      vertex 236.41 0 52.8206
      vertex 232.27 -1.56631 61.4571
      vertex 236.337 -1.56631 52.7338
    endloop
  endfacet
  facet normal 0.503493 0.831517 0.23468
    outer loop
      vertex 238.25 9.52024 37.765
      vertex 235.885 10.3923 39.7491
      vertex 236.811 9.52024 40.8523
    endloop
  endfacet
  facet normal 0.503675 0.83132 0.234984
    outer loop
      vertex 235.885 10.3923 39.7491
      vertex 238.25 9.52024 37.765
      vertex 237.068 10.3923 37.2134
    endloop
  endfacet
  facet normal -0.59744 -0.751953 -0.278627
    outer loop
      vertex 115.183 -8.48528 -19.6225
      vertex 110.905 -9.52024 -7.65636
      vertex 108.971 -8.48528 -6.30255
    endloop
  endfacet
  facet normal -0.59772 -0.751701 -0.278705
    outer loop
      vertex 110.905 -9.52024 -7.65636
      vertex 115.183 -8.48528 -19.6225
      vertex 116.252 -9.52024 -19.1237
    endloop
  endfacet
  facet normal -0.888842 -0.195342 -0.41449
    outer loop
      vertex 103.883 -3.10583 -2.73969
      vertex 112.09 -1.56631 -21.0645
      vertex 112.368 -3.10583 -20.9351
    endloop
  endfacet
  facet normal -0.88886 -0.195256 -0.414491
    outer loop
      vertex 112.09 -1.56631 -21.0645
      vertex 103.883 -3.10583 -2.73969
      vertex 103.381 -1.56631 -2.3884
    endloop
  endfacet
  facet normal -0.400956 -0.896815 -0.186969
    outer loop
      vertex 117.435 -10.3923 -18.5722
      vertex 115.349 -11.0866 -10.7685
      vertex 113.043 -10.3923 -9.15355
    endloop
  endfacet
  facet normal -0.400837 -0.896873 -0.186943
    outer loop
      vertex 115.349 -11.0866 -10.7685
      vertex 117.435 -10.3923 -18.5722
      vertex 118.711 -11.0866 -17.9772
    endloop
  endfacet
  facet normal -0.176802 -0.980789 -0.0824282
    outer loop
      vertex 120.058 -11.5911 -17.349
      vertex 120.307 -11.8973 -14.2397
      vertex 117.785 -11.5911 -12.4736
    endloop
  endfacet
  facet normal -0.176839 -0.980782 -0.0824246
    outer loop
      vertex 120.307 -11.8973 -14.2397
      vertex 120.058 -11.5911 -17.349
      vertex 121.453 -11.8973 -16.6984
    endloop
  endfacet
  facet normal -0.812888 -0.442193 -0.37905
    outer loop
      vertex 105.847 -6 -4.1149
      vertex 112.825 -4.5922 -20.7218
      vertex 113.454 -6 -20.4284
    endloop
  endfacet
  facet normal -0.812926 -0.442115 -0.37906
    outer loop
      vertex 112.825 -4.5922 -20.7218
      vertex 105.847 -6 -4.1149
      vertex 104.71 -4.5922 -3.31849
    endloop
  endfacet
  facet normal -0.812888 0.442193 -0.37905
    outer loop
      vertex 112.825 4.5922 -20.7218
      vertex 105.847 6 -4.1149
      vertex 113.454 6 -20.4284
    endloop
  endfacet
  facet normal -0.812926 0.442115 -0.37906
    outer loop
      vertex 105.847 6 -4.1149
      vertex 112.825 4.5922 -20.7218
      vertex 104.71 4.5922 -3.31849
    endloop
  endfacet
  facet normal 0.904421 0.0655145 0.421582
    outer loop
      vertex 242.505 0 39.7491
      vertex 240.068 1.56631 44.7338
      vertex 240.141 0 44.8206
    endloop
  endfacet
  facet normal 0.904411 0.0653553 0.421627
    outer loop
      vertex 240.068 1.56631 44.7338
      vertex 242.505 0 39.7491
      vertex 242.412 1.56631 39.7058
    endloop
  endfacet
  facet normal 0.904389 0.0653821 0.421671
    outer loop
      vertex 236.41 0 52.8206
      vertex 232.27 1.56631 61.4571
      vertex 232.363 0 61.5005
    endloop
  endfacet
  facet normal 0.90439 0.0655167 0.421647
    outer loop
      vertex 232.27 1.56631 61.4571
      vertex 236.41 0 52.8206
      vertex 236.337 1.56631 52.7338
    endloop
  endfacet
  facet normal 0.858206 0.321519 0.400135
    outer loop
      vertex 242.135 3.10583 39.5763
      vertex 239.493 4.5922 44.0485
      vertex 239.851 3.10583 44.475
    endloop
  endfacet
  facet normal 0.858246 0.321285 0.400236
    outer loop
      vertex 239.493 4.5922 44.0485
      vertex 242.135 3.10583 39.5763
      vertex 241.678 4.5922 39.3631
    endloop
  endfacet
  facet normal 0.858247 0.32133 0.400199
    outer loop
      vertex 236.12 3.10583 52.475
      vertex 231.717 4 61.1995
      vertex 231.992 3.10583 61.3277
    endloop
  endfacet
  facet normal 0.858275 0.321222 0.400225
    outer loop
      vertex 231.717 4 61.1995
      vertex 236.12 3.10583 52.475
      vertex 235.905 4 52.2184
    endloop
  endfacet
  facet normal -0.904365 0.0653821 -0.421722
    outer loop
      vertex 111.997 0 -21.1079
      vertex 103.381 1.56631 -2.3884
      vertex 112.09 1.56631 -21.0645
    endloop
  endfacet
  facet normal -0.904373 0.0652929 -0.421718
    outer loop
      vertex 103.381 1.56631 -2.3884
      vertex 111.997 0 -21.1079
      vertex 103.213 0 -2.27063
    endloop
  endfacet
  facet normal -0.400837 0.896873 -0.186943
    outer loop
      vertex 117.435 10.3923 -18.5722
      vertex 115.349 11.0866 -10.7685
      vertex 118.711 11.0866 -17.9772
    endloop
  endfacet
  facet normal -0.400956 0.896815 -0.186969
    outer loop
      vertex 115.349 11.0866 -10.7685
      vertex 117.435 10.3923 -18.5722
      vertex 113.043 10.3923 -9.15355
    endloop
  endfacet
  facet normal 0.0593382 -0.997856 0.0276117
    outer loop
      vertex 232.741 -11.8973 36.0016
      vertex 231.63 -12 34.6777
      vertex 233.049 -11.8973 35.3397
    endloop
  endfacet
  facet normal -0.503559 -0.831443 -0.2348
    outer loop
      vertex 116.252 -9.52024 -19.1237
      vertex 113.043 -10.3923 -9.15355
      vertex 110.905 -9.52024 -7.65636
    endloop
  endfacet
  facet normal -0.503489 -0.83149 -0.234781
    outer loop
      vertex 113.043 -10.3923 -9.15355
      vertex 116.252 -9.52024 -19.1237
      vertex 117.435 -10.3923 -18.5722
    endloop
  endfacet
  facet normal 0.17679 0.980791 0.0824282
    outer loop
      vertex 234.445 11.5911 35.9903
      vertex 232.741 11.8973 36.0016
      vertex 233.833 11.5911 37.3029
    endloop
  endfacet
  facet normal 0.176791 0.980804 0.0822657
    outer loop
      vertex 232.741 11.8973 36.0016
      vertex 234.445 11.5911 35.9903
      vertex 233.049 11.8973 35.3397
    endloop
  endfacet
  facet normal 0.888956 0.194967 0.414422
    outer loop
      vertex 242.412 1.56631 39.7058
      vertex 239.851 3.10583 44.475
      vertex 240.068 1.56631 44.7338
    endloop
  endfacet
  facet normal 0.888964 0.194813 0.414476
    outer loop
      vertex 239.851 3.10583 44.475
      vertex 242.412 1.56631 39.7058
      vertex 242.135 3.10583 39.5763
    endloop
  endfacet
  facet normal 0.888877 0.195342 0.414415
    outer loop
      vertex 236.337 1.56631 52.7338
      vertex 231.992 3.10583 61.3277
      vertex 232.27 1.56631 61.4571
    endloop
  endfacet
  facet normal 0.888917 0.194975 0.414501
    outer loop
      vertex 231.992 3.10583 61.3277
      vertex 236.337 1.56631 52.7338
      vertex 236.12 3.10583 52.475
    endloop
  endfacet
  facet normal -0.753415 -0.555816 -0.351334
    outer loop
      vertex 107.276 -7.30514 -5.11529
      vertex 113.454 -6 -20.4284
      vertex 114.245 -7.30514 -20.0599
    endloop
  endfacet
  facet normal -0.753497 -0.55569 -0.351356
    outer loop
      vertex 113.454 -6 -20.4284
      vertex 107.276 -7.30514 -5.11529
      vertex 105.847 -6 -4.1149
    endloop
  endfacet
  facet normal 0.0593382 0.997856 0.0276117
    outer loop
      vertex 233.049 11.8973 35.3397
      vertex 231.63 12 34.6777
      vertex 232.741 11.8973 36.0016
    endloop
  endfacet
  facet normal 0.753691 -0.555368 0.351448
    outer loop
      vertex 238.382 -7.30514 42.7246
      vertex 241.048 -6 39.0697
      vertex 239 -6 43.4617
    endloop
  endfacet
  facet normal 0.753671 -0.555417 0.351416
    outer loop
      vertex 241.048 -6 39.0697
      vertex 238.382 -7.30514 42.7246
      vertex 240.258 -7.30514 38.7012
    endloop
  endfacet
  facet normal 0.17679 -0.980791 0.0824282
    outer loop
      vertex 232.741 -11.8973 36.0016
      vertex 234.445 -11.5911 35.9903
      vertex 233.833 -11.5911 37.3029
    endloop
  endfacet
  facet normal 0.176791 -0.980804 0.0822657
    outer loop
      vertex 234.445 -11.5911 35.9903
      vertex 232.741 -11.8973 36.0016
      vertex 233.049 -11.8973 35.3397
    endloop
  endfacet
  facet normal -0.888842 0.195342 -0.41449
    outer loop
      vertex 112.09 1.56631 -21.0645
      vertex 103.883 3.10583 -2.73969
      vertex 112.368 3.10583 -20.9351
    endloop
  endfacet
  facet normal -0.88886 0.195256 -0.414491
    outer loop
      vertex 103.883 3.10583 -2.73969
      vertex 112.09 1.56631 -21.0645
      vertex 103.381 1.56631 -2.3884
    endloop
  endfacet
  facet normal -0.059288 0.997858 -0.0276342
    outer loop
      vertex 121.453 11.8973 -16.6984
      vertex 120.307 11.8973 -14.2397
      vertex 122.873 12 -16.0365
    endloop
  endfacet
  facet normal 0.503493 -0.831517 0.23468
    outer loop
      vertex 235.885 -10.3923 39.7491
      vertex 238.25 -9.52024 37.765
      vertex 236.811 -9.52024 40.8523
    endloop
  endfacet
  facet normal 0.503675 -0.83132 0.234984
    outer loop
      vertex 238.25 -9.52024 37.765
      vertex 235.885 -10.3923 39.7491
      vertex 237.068 -10.3923 37.2134
    endloop
  endfacet
  facet normal -0.059288 -0.997858 -0.0276342
    outer loop
      vertex 122.873 -12 -16.0365
      vertex 120.307 -11.8973 -14.2397
      vertex 121.453 -11.8973 -16.6984
    endloop
  endfacet
  facet normal 0.812703 0.442576 0.378998
    outer loop
      vertex 241.678 4.5922 39.3631
      vertex 239 6 43.4617
      vertex 239.493 4.5922 44.0485
    endloop
  endfacet
  facet normal 0.812679 0.442658 0.378954
    outer loop
      vertex 239 6 43.4617
      vertex 241.678 4.5922 39.3631
      vertex 241.048 6 39.0697
    endloop
  endfacet
  facet normal -0.858256 0.321309 -0.400197
    outer loop
      vertex 112.368 3.10583 -20.9351
      vertex 104.71 4.5922 -3.31849
      vertex 112.825 4.5922 -20.7218
    endloop
  endfacet
  facet normal -0.858145 0.321632 -0.400176
    outer loop
      vertex 104.71 4.5922 -3.31849
      vertex 112.368 3.10583 -20.9351
      vertex 103.883 3.10583 -2.73969
    endloop
  endfacet
  facet normal 0.42264 -4.01474e-05 -0.906297
    outer loop
      vertex 233.427 -0.261052 35.5157
      vertex 242.505 0 39.7491
      vertex 242.412 -1.56631 39.7058
    endloop
  endfacet
  facet normal 0.422667 0.000185249 -0.906285
    outer loop
      vertex 233.381 -0.517637 35.4942
      vertex 242.412 -1.56631 39.7058
      vertex 242.135 -3.10583 39.5763
    endloop
  endfacet
  facet normal 0.422614 0.00106049 -0.906309
    outer loop
      vertex 242.505 0 39.7491
      vertex 233.427 -0.261052 35.5157
      vertex 233.442 0 35.523
    endloop
  endfacet
  facet normal 0.42261 6.25863e-05 -0.906312
    outer loop
      vertex 233.304 -0.765367 35.4586
      vertex 242.135 -3.10583 39.5763
      vertex 241.678 -4.5922 39.3631
    endloop
  endfacet
  facet normal 0.422614 -0.00106049 -0.906309
    outer loop
      vertex 233.427 0.261052 35.5157
      vertex 242.505 0 39.7491
      vertex 233.442 0 35.523
    endloop
  endfacet
  facet normal 0.422551 -0.000204064 -0.906339
    outer loop
      vertex 233.2 -1 35.4097
      vertex 241.678 -4.5922 39.3631
      vertex 241.048 -6 39.0697
    endloop
  endfacet
  facet normal 0.42264 4.01474e-05 -0.906297
    outer loop
      vertex 242.505 0 39.7491
      vertex 233.427 0.261052 35.5157
      vertex 242.412 1.56631 39.7058
    endloop
  endfacet
  facet normal 0.422666 4.623e-05 -0.906286
    outer loop
      vertex 233.068 -1.21752 35.3483
      vertex 241.048 -6 39.0697
      vertex 240.258 -7.30514 38.7012
    endloop
  endfacet
  facet normal 0.422665 -0.000165858 -0.906286
    outer loop
      vertex 233.381 0.517637 35.4942
      vertex 242.412 1.56631 39.7058
      vertex 233.427 0.261052 35.5157
    endloop
  endfacet
  facet normal 0.422615 5.52269e-06 -0.906309
    outer loop
      vertex 232.733 -1.58671 35.1923
      vertex 240.258 -7.30514 38.7012
      vertex 239.32 -8.48528 38.2638
    endloop
  endfacet
  facet normal 0.422667 -0.000185249 -0.906285
    outer loop
      vertex 242.412 1.56631 39.7058
      vertex 233.381 0.517637 35.4942
      vertex 242.135 3.10583 39.5763
    endloop
  endfacet
  facet normal 0.422561 -5.80488e-05 -0.906335
    outer loop
      vertex 232.733 -1.58671 35.1923
      vertex 239.32 -8.48528 38.2638
      vertex 238.25 -9.52024 37.765
    endloop
  endfacet
  facet normal 0.42261 -6.25863e-05 -0.906312
    outer loop
      vertex 242.135 3.10583 39.5763
      vertex 233.304 0.765367 35.4586
      vertex 241.678 4.5922 39.3631
    endloop
  endfacet
  facet normal 0.422802 0.000138406 -0.906222
    outer loop
      vertex 232.536 -1.73205 35.1003
      vertex 238.25 -9.52024 37.765
      vertex 237.068 -10.3923 37.2134
    endloop
  endfacet
  facet normal 0.423078 -0.00131174 -0.906092
    outer loop
      vertex 233.2 1 35.4097
      vertex 241.678 4.5922 39.3631
      vertex 233.304 0.765367 35.4586
    endloop
  endfacet
  facet normal 0.422554 2.12583e-06 -0.906338
    outer loop
      vertex 232.323 -1.84776 35.0012
      vertex 237.068 -10.3923 37.2134
      vertex 235.792 -11.0866 36.6185
    endloop
  endfacet
  facet normal 0.422551 0.000204064 -0.906339
    outer loop
      vertex 241.678 4.5922 39.3631
      vertex 233.2 1 35.4097
      vertex 241.048 6 39.0697
    endloop
  endfacet
  facet normal 0.422656 2.60882e-05 -0.90629
    outer loop
      vertex 232.099 -1.93185 34.8965
      vertex 235.792 -11.0866 36.6185
      vertex 234.445 -11.5911 35.9903
    endloop
  endfacet
  facet normal 0.422407 0.000479721 -0.906406
    outer loop
      vertex 233.068 1.21752 35.3483
      vertex 241.048 6 39.0697
      vertex 233.2 1 35.4097
    endloop
  endfacet
  facet normal 0.422666 -4.623e-05 -0.906286
    outer loop
      vertex 241.048 6 39.0697
      vertex 233.068 1.21752 35.3483
      vertex 240.258 7.30514 38.7012
    endloop
  endfacet
  facet normal 0.422373 0.00102562 -0.906422
    outer loop
      vertex 233.304 0.765367 35.4586
      vertex 242.135 3.10583 39.5763
      vertex 233.381 0.517637 35.4942
    endloop
  endfacet
  facet normal 0.422665 0.000165858 -0.906286
    outer loop
      vertex 242.412 -1.56631 39.7058
      vertex 233.381 -0.517637 35.4942
      vertex 233.427 -0.261052 35.5157
    endloop
  endfacet
  facet normal 0.422373 -0.00102562 -0.906422
    outer loop
      vertex 242.135 -3.10583 39.5763
      vertex 233.304 -0.765367 35.4586
      vertex 233.381 -0.517637 35.4942
    endloop
  endfacet
  facet normal 0.423078 0.00131174 -0.906092
    outer loop
      vertex 241.678 -4.5922 39.3631
      vertex 233.2 -1 35.4097
      vertex 233.304 -0.765367 35.4586
    endloop
  endfacet
  facet normal 0.422407 -0.000479721 -0.906406
    outer loop
      vertex 241.048 -6 39.0697
      vertex 233.068 -1.21752 35.3483
      vertex 233.2 -1 35.4097
    endloop
  endfacet
  facet normal 0.422428 -2.38553e-05 -0.906397
    outer loop
      vertex 231.866 -1.98289 34.7881
      vertex 234.445 -11.5911 35.9903
      vertex 233.049 -11.8973 35.3397
    endloop
  endfacet
  facet normal 0.422034 -0.000862337 -0.90658
    outer loop
      vertex 240.258 -7.30514 38.7012
      vertex 232.911 -1.41421 35.2754
      vertex 233.068 -1.21752 35.3483
    endloop
  endfacet
  facet normal 0.422793 0.000290853 -0.906226
    outer loop
      vertex 240.258 -7.30514 38.7012
      vertex 232.733 -1.58671 35.1923
      vertex 232.911 -1.41421 35.2754
    endloop
  endfacet
  facet normal 0.422965 0.000284365 -0.906146
    outer loop
      vertex 238.25 -9.52024 37.765
      vertex 232.536 -1.73205 35.1003
      vertex 232.733 -1.58671 35.1923
    endloop
  endfacet
  facet normal 0.422002 -0.000370861 -0.906595
    outer loop
      vertex 237.068 -10.3923 37.2134
      vertex 232.323 -1.84776 35.0012
      vertex 232.536 -1.73205 35.1003
    endloop
  endfacet
  facet normal 0.423329 0.000356488 -0.905976
    outer loop
      vertex 235.792 -11.0866 36.6185
      vertex 232.099 -1.93185 34.8965
      vertex 232.323 -1.84776 35.0012
    endloop
  endfacet
  facet normal 0.421858 -0.000209994 -0.906662
    outer loop
      vertex 234.445 -11.5911 35.9903
      vertex 231.866 -1.98289 34.7881
      vertex 232.099 -1.93185 34.8965
    endloop
  endfacet
  facet normal 0.422781 0 -0.906232
    outer loop
      vertex 231.63 -2 34.6777
      vertex 233.049 -11.8973 35.3397
      vertex 231.63 -12 34.6777
    endloop
  endfacet
  facet normal 0.423716 0.000163347 -0.905795
    outer loop
      vertex 233.049 -11.8973 35.3397
      vertex 231.63 -2 34.6777
      vertex 231.866 -1.98289 34.7881
    endloop
  endfacet
  facet normal 0.422034 0.000862337 -0.90658
    outer loop
      vertex 232.911 1.41421 35.2754
      vertex 240.258 7.30514 38.7012
      vertex 233.068 1.21752 35.3483
    endloop
  endfacet
  facet normal 0.422793 -0.000290853 -0.906226
    outer loop
      vertex 232.733 1.58671 35.1923
      vertex 240.258 7.30514 38.7012
      vertex 232.911 1.41421 35.2754
    endloop
  endfacet
  facet normal 0.422615 -5.52269e-06 -0.906309
    outer loop
      vertex 240.258 7.30514 38.7012
      vertex 232.733 1.58671 35.1923
      vertex 239.32 8.48528 38.2638
    endloop
  endfacet
  facet normal 0.422561 5.80488e-05 -0.906335
    outer loop
      vertex 239.32 8.48528 38.2638
      vertex 232.733 1.58671 35.1923
      vertex 238.25 9.52024 37.765
    endloop
  endfacet
  facet normal 0.422965 -0.000284365 -0.906146
    outer loop
      vertex 232.536 1.73205 35.1003
      vertex 238.25 9.52024 37.765
      vertex 232.733 1.58671 35.1923
    endloop
  endfacet
  facet normal 0.422802 -0.000138406 -0.906222
    outer loop
      vertex 238.25 9.52024 37.765
      vertex 232.536 1.73205 35.1003
      vertex 237.068 10.3923 37.2134
    endloop
  endfacet
  facet normal 0.422002 0.000370861 -0.906595
    outer loop
      vertex 232.323 1.84776 35.0012
      vertex 237.068 10.3923 37.2134
      vertex 232.536 1.73205 35.1003
    endloop
  endfacet
  facet normal 0.422554 -2.12583e-06 -0.906338
    outer loop
      vertex 237.068 10.3923 37.2134
      vertex 232.323 1.84776 35.0012
      vertex 235.792 11.0866 36.6185
    endloop
  endfacet
  facet normal 0.423329 -0.000356488 -0.905976
    outer loop
      vertex 232.099 1.93185 34.8965
      vertex 235.792 11.0866 36.6185
      vertex 232.323 1.84776 35.0012
    endloop
  endfacet
  facet normal 0.422656 -2.60882e-05 -0.90629
    outer loop
      vertex 235.792 11.0866 36.6185
      vertex 232.099 1.93185 34.8965
      vertex 234.445 11.5911 35.9903
    endloop
  endfacet
  facet normal 0.421858 0.000209994 -0.906662
    outer loop
      vertex 231.866 1.98289 34.7881
      vertex 234.445 11.5911 35.9903
      vertex 232.099 1.93185 34.8965
    endloop
  endfacet
  facet normal 0.422428 2.38553e-05 -0.906397
    outer loop
      vertex 234.445 11.5911 35.9903
      vertex 231.866 1.98289 34.7881
      vertex 233.049 11.8973 35.3397
    endloop
  endfacet
  facet normal 0.423716 -0.000163347 -0.905795
    outer loop
      vertex 231.63 2 34.6777
      vertex 233.049 11.8973 35.3397
      vertex 231.866 1.98289 34.7881
    endloop
  endfacet
  facet normal 0.422781 0 -0.906232
    outer loop
      vertex 233.049 11.8973 35.3397
      vertex 231.63 2 34.6777
      vertex 231.63 12 34.6777
    endloop
  endfacet
  facet normal 0.422616 -0.000194967 -0.906309
    outer loop
      vertex 219.732 -1.56631 29.1299
      vertex 144.624 0 -5.89363
      vertex 219.63 0 29.082
    endloop
  endfacet
  facet normal 0.42262 0.000210156 -0.906307
    outer loop
      vertex 144.438 -1.56631 -5.9804
      vertex 219.732 -1.56631 29.1299
      vertex 220.039 -3.10583 29.2727
    endloop
  endfacet
  facet normal 0.422616 -0.000172053 -0.906309
    outer loop
      vertex 143.883 -3.10583 -6.23924
      vertex 220.039 -3.10583 29.2727
      vertex 220.543 -4.5922 29.508
    endloop
  endfacet
  facet normal 0.422618 -5.30559e-05 -0.906308
    outer loop
      vertex 143.883 -3.10583 -6.23924
      vertex 220.543 -4.5922 29.508
      vertex 221.237 -6 29.8317
    endloop
  endfacet
  facet normal 0.422617 -5.62222e-05 -0.906308
    outer loop
      vertex 142.968 -4.5922 -6.66571
      vertex 221.237 -6 29.8317
      vertex 222.109 -7.30514 30.2384
    endloop
  endfacet
  facet normal 0.422621 2.45585e-05 -0.906307
    outer loop
      vertex 141.71 -6 -7.25251
      vertex 222.109 -7.30514 30.2384
      vertex 223.144 -8.48528 30.721
    endloop
  endfacet
  facet normal 0.422623 0.00036538 -0.906305
    outer loop
      vertex 140.129 -7.30514 -7.98961
      vertex 223.144 -8.48528 30.721
      vertex 224.325 -9.52024 31.2713
    endloop
  endfacet
  facet normal 0.422615 -7.78405e-05 -0.906309
    outer loop
      vertex 138.253 -8.48528 -8.8644
      vertex 224.325 -9.52024 31.2713
      vertex 225.63 -10.3923 31.8799
    endloop
  endfacet
  facet normal 0.422618 0.000210529 -0.906308
    outer loop
      vertex 136.114 -9.52024 -9.8619
      vertex 225.63 -10.3923 31.8799
      vertex 227.038 -11.0866 32.5363
    endloop
  endfacet
  facet normal 0.422615 -0.00049227 -0.906309
    outer loop
      vertex 133.749 -10.3923 -10.965
      vertex 227.038 -11.0866 32.5363
      vertex 228.524 -11.5911 33.2295
    endloop
  endfacet
  facet normal 0.422618 -0.000455107 -0.906308
    outer loop
      vertex 131.197 -11.0866 -12.155
      vertex 228.524 -11.5911 33.2295
      vertex 230.063 -11.8973 33.9473
    endloop
  endfacet
  facet normal 0.42262 2.10918e-05 -0.906307
    outer loop
      vertex 219.732 -1.56631 29.1299
      vertex 144.438 -1.56631 -5.9804
      vertex 144.624 0 -5.89363
    endloop
  endfacet
  facet normal 0.422616 2.39042e-05 -0.906309
    outer loop
      vertex 220.039 -3.10583 29.2727
      vertex 143.883 -3.10583 -6.23924
      vertex 144.438 -1.56631 -5.9804
    endloop
  endfacet
  facet normal 0.422616 -0.000121353 -0.906309
    outer loop
      vertex 221.237 -6 29.8317
      vertex 142.968 -4.5922 -6.66571
      vertex 143.883 -3.10583 -6.23924
    endloop
  endfacet
  facet normal 0.422622 0.000114985 -0.906306
    outer loop
      vertex 222.109 -7.30514 30.2384
      vertex 141.71 -6 -7.25251
      vertex 142.968 -4.5922 -6.66571
    endloop
  endfacet
  facet normal 0.422618 -9.14261e-05 -0.906308
    outer loop
      vertex 223.144 -8.48528 30.721
      vertex 140.129 -7.30514 -7.98961
      vertex 141.71 -6 -7.25251
    endloop
  endfacet
  facet normal 0.422618 0.00271404 -0.906304
    outer loop
      vertex 125.712 -11.8973 -14.7126
      vertex 230.063 -11.8973 33.9473
      vertex 231.63 -12 34.6777
    endloop
  endfacet
  facet normal 0.422615 3.07897e-06 -0.906309
    outer loop
      vertex 224.325 -9.52024 31.2713
      vertex 138.253 -8.48528 -8.8644
      vertex 140.129 -7.30514 -7.98961
    endloop
  endfacet
  facet normal 0.422617 6.23296e-05 -0.906308
    outer loop
      vertex 225.63 -10.3923 31.8799
      vertex 136.114 -9.52024 -9.8619
      vertex 138.253 -8.48528 -8.8644
    endloop
  endfacet
  facet normal 0.422619 0.000289612 -0.906307
    outer loop
      vertex 227.038 -11.0866 32.5363
      vertex 133.749 -10.3923 -10.965
      vertex 136.114 -9.52024 -9.8619
    endloop
  endfacet
  facet normal 0.422619 -2.7823e-05 -0.906307
    outer loop
      vertex 228.524 -11.5911 33.2295
      vertex 131.197 -11.0866 -12.155
      vertex 133.749 -10.3923 -10.965
    endloop
  endfacet
  facet normal 0.422616 -0.000702286 -0.906309
    outer loop
      vertex 230.063 -11.8973 33.9473
      vertex 128.502 -11.5911 -13.4113
      vertex 131.197 -11.0866 -12.155
    endloop
  endfacet
  facet normal 0.42262 0.000874624 -0.906307
    outer loop
      vertex 230.063 -11.8973 33.9473
      vertex 125.712 -11.8973 -14.7126
      vertex 128.502 -11.5911 -13.4113
    endloop
  endfacet
  facet normal 0.422618 0.000468882 -0.906308
    outer loop
      vertex 125.712 -11.8973 -14.7126
      vertex 231.63 -12 34.6777
      vertex 122.873 -12 -16.0365
    endloop
  endfacet
  facet normal 0.422616 0.000194967 -0.906309
    outer loop
      vertex 144.624 0 -5.89363
      vertex 219.732 1.56631 29.1299
      vertex 219.63 0 29.082
    endloop
  endfacet
  facet normal 0.42262 -2.10918e-05 -0.906307
    outer loop
      vertex 144.438 1.56631 -5.9804
      vertex 219.732 1.56631 29.1299
      vertex 144.624 0 -5.89363
    endloop
  endfacet
  facet normal 0.42262 -0.000210156 -0.906307
    outer loop
      vertex 219.732 1.56631 29.1299
      vertex 144.438 1.56631 -5.9804
      vertex 220.039 3.10583 29.2727
    endloop
  endfacet
  facet normal 0.422616 -2.39042e-05 -0.906309
    outer loop
      vertex 143.883 3.10583 -6.23924
      vertex 220.039 3.10583 29.2727
      vertex 144.438 1.56631 -5.9804
    endloop
  endfacet
  facet normal 0.422616 0.000172053 -0.906309
    outer loop
      vertex 220.039 3.10583 29.2727
      vertex 143.883 3.10583 -6.23924
      vertex 220.543 4.5922 29.508
    endloop
  endfacet
  facet normal 0.422618 5.30559e-05 -0.906308
    outer loop
      vertex 220.543 4.5922 29.508
      vertex 143.883 3.10583 -6.23924
      vertex 221.237 6 29.8317
    endloop
  endfacet
  facet normal 0.422616 0.000121353 -0.906309
    outer loop
      vertex 142.968 4.5922 -6.66571
      vertex 221.237 6 29.8317
      vertex 143.883 3.10583 -6.23924
    endloop
  endfacet
  facet normal 0.422617 5.62222e-05 -0.906308
    outer loop
      vertex 221.237 6 29.8317
      vertex 142.968 4.5922 -6.66571
      vertex 222.109 7.30514 30.2384
    endloop
  endfacet
  facet normal 0.422622 -0.000114985 -0.906306
    outer loop
      vertex 141.71 6 -7.25251
      vertex 222.109 7.30514 30.2384
      vertex 142.968 4.5922 -6.66571
    endloop
  endfacet
  facet normal 0.422621 -2.45585e-05 -0.906307
    outer loop
      vertex 222.109 7.30514 30.2384
      vertex 141.71 6 -7.25251
      vertex 223.144 8.48528 30.721
    endloop
  endfacet
  facet normal 0.422618 9.14261e-05 -0.906308
    outer loop
      vertex 140.129 7.30514 -7.98961
      vertex 223.144 8.48528 30.721
      vertex 141.71 6 -7.25251
    endloop
  endfacet
  facet normal 0.422623 -0.00036538 -0.906305
    outer loop
      vertex 223.144 8.48528 30.721
      vertex 140.129 7.30514 -7.98961
      vertex 224.325 9.52024 31.2713
    endloop
  endfacet
  facet normal 0.422615 -3.07897e-06 -0.906309
    outer loop
      vertex 138.253 8.48528 -8.8644
      vertex 224.325 9.52024 31.2713
      vertex 140.129 7.30514 -7.98961
    endloop
  endfacet
  facet normal 0.422615 7.78405e-05 -0.906309
    outer loop
      vertex 224.325 9.52024 31.2713
      vertex 138.253 8.48528 -8.8644
      vertex 225.63 10.3923 31.8799
    endloop
  endfacet
  facet normal 0.422617 -6.23296e-05 -0.906308
    outer loop
      vertex 136.114 9.52024 -9.8619
      vertex 225.63 10.3923 31.8799
      vertex 138.253 8.48528 -8.8644
    endloop
  endfacet
  facet normal 0.422618 -0.000210529 -0.906308
    outer loop
      vertex 225.63 10.3923 31.8799
      vertex 136.114 9.52024 -9.8619
      vertex 227.038 11.0866 32.5363
    endloop
  endfacet
  facet normal 0.422619 -0.000289612 -0.906307
    outer loop
      vertex 133.749 10.3923 -10.965
      vertex 227.038 11.0866 32.5363
      vertex 136.114 9.52024 -9.8619
    endloop
  endfacet
  facet normal 0.422615 0.00049227 -0.906309
    outer loop
      vertex 227.038 11.0866 32.5363
      vertex 133.749 10.3923 -10.965
      vertex 228.524 11.5911 33.2295
    endloop
  endfacet
  facet normal 0.422619 2.7823e-05 -0.906307
    outer loop
      vertex 131.197 11.0866 -12.155
      vertex 228.524 11.5911 33.2295
      vertex 133.749 10.3923 -10.965
    endloop
  endfacet
  facet normal 0.422618 0.000455107 -0.906308
    outer loop
      vertex 228.524 11.5911 33.2295
      vertex 131.197 11.0866 -12.155
      vertex 230.063 11.8973 33.9473
    endloop
  endfacet
  facet normal 0.422616 0.000702286 -0.906309
    outer loop
      vertex 128.502 11.5911 -13.4113
      vertex 230.063 11.8973 33.9473
      vertex 131.197 11.0866 -12.155
    endloop
  endfacet
  facet normal 0.42262 -0.000874624 -0.906307
    outer loop
      vertex 125.712 11.8973 -14.7126
      vertex 230.063 11.8973 33.9473
      vertex 128.502 11.5911 -13.4113
    endloop
  endfacet
  facet normal 0.422618 -0.00271404 -0.906304
    outer loop
      vertex 230.063 11.8973 33.9473
      vertex 125.712 11.8973 -14.7126
      vertex 231.63 12 34.6777
    endloop
  endfacet
  facet normal 0.422618 -0.000468882 -0.906308
    outer loop
      vertex 231.63 12 34.6777
      vertex 125.712 11.8973 -14.7126
      vertex 122.873 12 -16.0365
    endloop
  endfacet
  facet normal 0.422484 0 -0.906371
    outer loop
      vertex 121.453 -11.8973 -16.6984
      vertex 122.873 -2 -16.0365
      vertex 122.873 -12 -16.0365
    endloop
  endfacet
  facet normal 0.421948 9.34563e-05 -0.90662
    outer loop
      vertex 122.873 -2 -16.0365
      vertex 121.453 -11.8973 -16.6984
      vertex 122.636 -1.98289 -16.1468
    endloop
  endfacet
  facet normal 0.42267 -1.13534e-05 -0.906284
    outer loop
      vertex 120.058 -11.5911 -17.349
      vertex 122.636 -1.98289 -16.1468
      vertex 121.453 -11.8973 -16.6984
    endloop
  endfacet
  facet normal 0.423275 -0.000209087 -0.906001
    outer loop
      vertex 122.636 -1.98289 -16.1468
      vertex 120.058 -11.5911 -17.349
      vertex 122.404 -1.93185 -16.2552
    endloop
  endfacet
  facet normal 0.422656 -2.60882e-05 -0.90629
    outer loop
      vertex 118.711 -11.0866 -17.9772
      vertex 122.404 -1.93185 -16.2552
      vertex 120.058 -11.5911 -17.349
    endloop
  endfacet
  facet normal 0.421986 0.000303264 -0.906602
    outer loop
      vertex 122.404 -1.93185 -16.2552
      vertex 118.711 -11.0866 -17.9772
      vertex 122.179 -1.84776 -16.3599
    endloop
  endfacet
  facet normal 0.422619 1.37128e-05 -0.906307
    outer loop
      vertex 117.435 -10.3923 -18.5722
      vertex 122.179 -1.84776 -16.3599
      vertex 118.711 -11.0866 -17.9772
    endloop
  endfacet
  facet normal 0.422291 0.000235367 -0.90646
    outer loop
      vertex 122.179 -1.84776 -16.3599
      vertex 117.435 -10.3923 -18.5722
      vertex 121.966 -1.73205 -16.4591
    endloop
  endfacet
  facet normal 0.422566 6.07014e-05 -0.906332
    outer loop
      vertex 116.252 -9.52024 -19.1237
      vertex 121.966 -1.73205 -16.4591
      vertex 117.435 -10.3923 -18.5722
    endloop
  endfacet
  facet normal 0.422715 -7.29687e-05 -0.906263
    outer loop
      vertex 121.966 -1.73205 -16.4591
      vertex 116.252 -9.52024 -19.1237
      vertex 121.769 -1.58671 -16.551
    endloop
  endfacet
  facet normal 0.422755 -0.000106221 -0.906244
    outer loop
      vertex 115.183 -8.48528 -19.6225
      vertex 121.769 -1.58671 -16.551
      vertex 116.252 -9.52024 -19.1237
    endloop
  endfacet
  facet normal 0.422644 2.23086e-05 -0.906296
    outer loop
      vertex 114.245 -7.30514 -20.0599
      vertex 121.769 -1.58671 -16.551
      vertex 115.183 -8.48528 -19.6225
    endloop
  endfacet
  facet normal 0.422819 -0.000258351 -0.906214
    outer loop
      vertex 121.769 -1.58671 -16.551
      vertex 114.245 -7.30514 -20.0599
      vertex 121.591 -1.41421 -16.6341
    endloop
  endfacet
  facet normal 0.422926 -0.000421136 -0.906164
    outer loop
      vertex 121.591 -1.41421 -16.6341
      vertex 114.245 -7.30514 -20.0599
      vertex 121.435 -1.21752 -16.707
    endloop
  endfacet
  facet normal 0.421948 -9.34563e-05 -0.90662
    outer loop
      vertex 121.453 11.8973 -16.6984
      vertex 122.873 2 -16.0365
      vertex 122.636 1.98289 -16.1468
    endloop
  endfacet
  facet normal 0.423275 0.000209087 -0.906001
    outer loop
      vertex 120.058 11.5911 -17.349
      vertex 122.636 1.98289 -16.1468
      vertex 122.404 1.93185 -16.2552
    endloop
  endfacet
  facet normal 0.421986 -0.000303264 -0.906602
    outer loop
      vertex 118.711 11.0866 -17.9772
      vertex 122.404 1.93185 -16.2552
      vertex 122.179 1.84776 -16.3599
    endloop
  endfacet
  facet normal 0.422291 -0.000235367 -0.90646
    outer loop
      vertex 117.435 10.3923 -18.5722
      vertex 122.179 1.84776 -16.3599
      vertex 121.966 1.73205 -16.4591
    endloop
  endfacet
  facet normal 0.422715 7.29687e-05 -0.906263
    outer loop
      vertex 116.252 9.52024 -19.1237
      vertex 121.966 1.73205 -16.4591
      vertex 121.769 1.58671 -16.551
    endloop
  endfacet
  facet normal 0.422819 0.000258351 -0.906214
    outer loop
      vertex 114.245 7.30514 -20.0599
      vertex 121.769 1.58671 -16.551
      vertex 121.591 1.41421 -16.6341
    endloop
  endfacet
  facet normal 0.422484 0 -0.906371
    outer loop
      vertex 122.873 2 -16.0365
      vertex 121.453 11.8973 -16.6984
      vertex 122.873 12 -16.0365
    endloop
  endfacet
  facet normal 0.422926 0.000421136 -0.906164
    outer loop
      vertex 114.245 7.30514 -20.0599
      vertex 121.591 1.41421 -16.6341
      vertex 121.435 1.21752 -16.707
    endloop
  endfacet
  facet normal 0.422525 -0.000150579 -0.906351
    outer loop
      vertex 113.454 6 -20.4284
      vertex 121.435 1.21752 -16.707
      vertex 121.303 1 -16.7685
    endloop
  endfacet
  facet normal 0.422544 -0.000200043 -0.906343
    outer loop
      vertex 112.825 4.5922 -20.7218
      vertex 121.303 1 -16.7685
      vertex 121.198 0.765367 -16.8174
    endloop
  endfacet
  facet normal 0.422679 0.000199162 -0.90628
    outer loop
      vertex 112.368 3.10583 -20.9351
      vertex 121.198 0.765367 -16.8174
      vertex 121.122 0.517637 -16.8529
    endloop
  endfacet
  facet normal 0.42266 0.000520087 -0.906288
    outer loop
      vertex 112.09 1.56631 -21.0645
      vertex 121.122 0.517637 -16.8529
      vertex 121.076 0.261052 -16.8745
    endloop
  endfacet
  facet normal 0.422622 -0.000906185 -0.906305
    outer loop
      vertex 111.997 0 -21.1079
      vertex 121.076 0.261052 -16.8745
      vertex 121.06 0 -16.8817
    endloop
  endfacet
  facet normal 0.422517 0.000167806 -0.906355
    outer loop
      vertex 113.454 -6 -20.4284
      vertex 121.435 -1.21752 -16.707
      vertex 114.245 -7.30514 -20.0599
    endloop
  endfacet
  facet normal 0.422622 0.000906185 -0.906305
    outer loop
      vertex 121.076 -0.261052 -16.8745
      vertex 111.997 0 -21.1079
      vertex 121.06 0 -16.8817
    endloop
  endfacet
  facet normal 0.422525 0.000150579 -0.906351
    outer loop
      vertex 121.435 -1.21752 -16.707
      vertex 113.454 -6 -20.4284
      vertex 121.303 -1 -16.7685
    endloop
  endfacet
  facet normal 0.422598 -0.000133045 -0.906317
    outer loop
      vertex 121.122 0.517637 -16.8529
      vertex 112.09 1.56631 -21.0645
      vertex 112.368 3.10583 -20.9351
    endloop
  endfacet
  facet normal 0.422632 -5.23229e-05 -0.906302
    outer loop
      vertex 112.825 -4.5922 -20.7218
      vertex 121.303 -1 -16.7685
      vertex 113.454 -6 -20.4284
    endloop
  endfacet
  facet normal 0.422601 -2.05826e-05 -0.906316
    outer loop
      vertex 111.997 0 -21.1079
      vertex 121.076 -0.261052 -16.8745
      vertex 112.09 -1.56631 -21.0645
    endloop
  endfacet
  facet normal 0.422544 0.000200043 -0.906343
    outer loop
      vertex 121.303 -1 -16.7685
      vertex 112.825 -4.5922 -20.7218
      vertex 121.198 -0.765367 -16.8174
    endloop
  endfacet
  facet normal 0.422658 0.000105357 -0.906289
    outer loop
      vertex 121.198 0.765367 -16.8174
      vertex 112.368 3.10583 -20.9351
      vertex 112.825 4.5922 -20.7218
    endloop
  endfacet
  facet normal 0.422658 -0.000105357 -0.906289
    outer loop
      vertex 112.368 -3.10583 -20.9351
      vertex 121.198 -0.765367 -16.8174
      vertex 112.825 -4.5922 -20.7218
    endloop
  endfacet
  facet normal 0.422679 -0.000199162 -0.90628
    outer loop
      vertex 121.198 -0.765367 -16.8174
      vertex 112.368 -3.10583 -20.9351
      vertex 121.122 -0.517637 -16.8529
    endloop
  endfacet
  facet normal 0.422598 0.000133045 -0.906317
    outer loop
      vertex 112.09 -1.56631 -21.0645
      vertex 121.122 -0.517637 -16.8529
      vertex 112.368 -3.10583 -20.9351
    endloop
  endfacet
  facet normal 0.422755 0.000106221 -0.906244
    outer loop
      vertex 121.769 1.58671 -16.551
      vertex 115.183 8.48528 -19.6225
      vertex 116.252 9.52024 -19.1237
    endloop
  endfacet
  facet normal 0.42266 -0.000520087 -0.906288
    outer loop
      vertex 121.122 -0.517637 -16.8529
      vertex 112.09 -1.56631 -21.0645
      vertex 121.076 -0.261052 -16.8745
    endloop
  endfacet
  facet normal 0.422644 -2.23086e-05 -0.906296
    outer loop
      vertex 121.769 1.58671 -16.551
      vertex 114.245 7.30514 -20.0599
      vertex 115.183 8.48528 -19.6225
    endloop
  endfacet
  facet normal 0.422632 5.23229e-05 -0.906302
    outer loop
      vertex 121.303 1 -16.7685
      vertex 112.825 4.5922 -20.7218
      vertex 113.454 6 -20.4284
    endloop
  endfacet
  facet normal 0.422566 -6.07014e-05 -0.906332
    outer loop
      vertex 121.966 1.73205 -16.4591
      vertex 116.252 9.52024 -19.1237
      vertex 117.435 10.3923 -18.5722
    endloop
  endfacet
  facet normal 0.422656 2.60882e-05 -0.90629
    outer loop
      vertex 122.404 1.93185 -16.2552
      vertex 118.711 11.0866 -17.9772
      vertex 120.058 11.5911 -17.349
    endloop
  endfacet
  facet normal 0.422619 -1.37128e-05 -0.906307
    outer loop
      vertex 122.179 1.84776 -16.3599
      vertex 117.435 10.3923 -18.5722
      vertex 118.711 11.0866 -17.9772
    endloop
  endfacet
  facet normal 0.42267 1.13534e-05 -0.906284
    outer loop
      vertex 122.636 1.98289 -16.1468
      vertex 120.058 11.5911 -17.349
      vertex 121.453 11.8973 -16.6984
    endloop
  endfacet
  facet normal 0.422517 -0.000167806 -0.906355
    outer loop
      vertex 121.435 1.21752 -16.707
      vertex 113.454 6 -20.4284
      vertex 114.245 7.30514 -20.0599
    endloop
  endfacet
  facet normal 0.422601 2.05826e-05 -0.906316
    outer loop
      vertex 121.076 0.261052 -16.8745
      vertex 111.997 0 -21.1079
      vertex 112.09 1.56631 -21.0645
    endloop
  endfacet
  facet normal 0.422938 0.00103764 -0.906158
    outer loop
      vertex 126.222 -0.765367 -14.4747
      vertex 124.67 -0.261052 -15.1985
      vertex 124.685 0 -15.1912
    endloop
  endfacet
  facet normal 0.422815 0.000133058 -0.906216
    outer loop
      vertex 125.08 -1.58671 -15.0074
      vertex 124.624 -0.517637 -15.22
      vertex 124.67 -0.261052 -15.1985
    endloop
  endfacet
  facet normal 0.421337 -0.000634376 -0.906904
    outer loop
      vertex 125.08 -1.58671 -15.0074
      vertex 124.547 -0.765367 -15.2556
      vertex 124.624 -0.517637 -15.22
    endloop
  endfacet
  facet normal 0.423507 0.00107986 -0.905892
    outer loop
      vertex 125.08 -1.58671 -15.0074
      vertex 124.443 -1 -15.3045
      vertex 124.547 -0.765367 -15.2556
    endloop
  endfacet
  facet normal 0.422553 -0.000587749 -0.906338
    outer loop
      vertex 124.685 -1.73205 -15.1912
      vertex 124.311 -1.21752 -15.3659
      vertex 124.443 -1 -15.3045
    endloop
  endfacet
  facet normal 0.422962 -0.00060438 -0.906147
    outer loop
      vertex 124.155 -1.41421 -15.4388
      vertex 124.685 -1.73205 -15.1912
      vertex 124.26 -1.84776 -15.3895
    endloop
  endfacet
  facet normal 0.423293 6.71417e-05 -0.905993
    outer loop
      vertex 124.685 -1.73205 -15.1912
      vertex 124.155 -1.41421 -15.4388
      vertex 124.311 -1.21752 -15.3659
    endloop
  endfacet
  facet normal 0.421826 -0.00093966 -0.906676
    outer loop
      vertex 124.26 -1.84776 -15.3895
      vertex 123.976 -1.58671 -15.5219
      vertex 124.155 -1.41421 -15.4388
    endloop
  endfacet
  facet normal 0.422643 0.000141315 -0.906296
    outer loop
      vertex 123.811 -1.93185 -15.5989
      vertex 123.976 -1.58671 -15.5219
      vertex 124.26 -1.84776 -15.3895
    endloop
  endfacet
  facet normal 0.422691 0.000113255 -0.906274
    outer loop
      vertex 123.811 -1.93185 -15.5989
      vertex 123.779 -1.73205 -15.6138
      vertex 123.976 -1.58671 -15.5219
    endloop
  endfacet
  facet normal 0.42218 1.37172e-05 -0.906512
    outer loop
      vertex 123.811 -1.93185 -15.5989
      vertex 123.566 -1.84776 -15.713
      vertex 123.779 -1.73205 -15.6138
    endloop
  endfacet
  facet normal 0.422592 0.00147521 -0.906319
    outer loop
      vertex 123.346 -1.98289 -15.8158
      vertex 123.566 -1.84776 -15.713
      vertex 123.811 -1.93185 -15.5989
    endloop
  endfacet
  facet normal 0.4236 -0.000523376 -0.905849
    outer loop
      vertex 123.346 -1.98289 -15.8158
      vertex 123.342 -1.93185 -15.8177
      vertex 123.566 -1.84776 -15.713
    endloop
  endfacet
  facet normal 0.421943 -0.000682038 -0.906622
    outer loop
      vertex 123.346 -1.98289 -15.8158
      vertex 123.109 -1.98289 -15.9261
      vertex 123.342 -1.93185 -15.8177
    endloop
  endfacet
  facet normal 0.421754 0.0299459 -0.906216
    outer loop
      vertex 123.109 -1.98289 -15.9261
      vertex 123.346 -1.98289 -15.8158
      vertex 122.873 -2 -16.0365
    endloop
  endfacet
  facet normal 0.42253 0.00016718 -0.906349
    outer loop
      vertex 124.685 0 -15.1912
      vertex 126.498 0 -14.346
      vertex 126.467 -0.261052 -14.3605
    endloop
  endfacet
  facet normal 0.422595 0.00071526 -0.906318
    outer loop
      vertex 124.685 0 -15.1912
      vertex 126.467 -0.261052 -14.3605
      vertex 126.375 -0.517637 -14.4036
    endloop
  endfacet
  facet normal 0.42253 -0.00016718 -0.906349
    outer loop
      vertex 126.498 0 -14.346
      vertex 124.685 0 -15.1912
      vertex 126.467 0.261052 -14.3605
    endloop
  endfacet
  facet normal 0.422258 -0.000625969 -0.906475
    outer loop
      vertex 124.685 0 -15.1912
      vertex 126.375 -0.517637 -14.4036
      vertex 126.222 -0.765367 -14.4747
    endloop
  endfacet
  facet normal 0.422595 -0.00071526 -0.906318
    outer loop
      vertex 126.467 0.261052 -14.3605
      vertex 124.685 0 -15.1912
      vertex 126.375 0.517637 -14.4036
    endloop
  endfacet
  facet normal 0.422552 -0.000409539 -0.906338
    outer loop
      vertex 124.67 -0.261052 -15.1985
      vertex 126.222 -0.765367 -14.4747
      vertex 126.012 -1 -14.5725
    endloop
  endfacet
  facet normal 0.422258 0.000625969 -0.906475
    outer loop
      vertex 126.375 0.517637 -14.4036
      vertex 124.685 0 -15.1912
      vertex 126.222 0.765367 -14.4747
    endloop
  endfacet
  facet normal 0.422872 0.000297432 -0.906189
    outer loop
      vertex 124.67 -0.261052 -15.1985
      vertex 126.012 -1 -14.5725
      vertex 125.749 -1.21752 -14.6953
    endloop
  endfacet
  facet normal 0.422938 -0.00103764 -0.906158
    outer loop
      vertex 124.67 0.261052 -15.1985
      vertex 126.222 0.765367 -14.4747
      vertex 124.685 0 -15.1912
    endloop
  endfacet
  facet normal 0.422419 -0.000324927 -0.906401
    outer loop
      vertex 124.67 -0.261052 -15.1985
      vertex 125.749 -1.21752 -14.6953
      vertex 125.436 -1.41421 -14.8411
    endloop
  endfacet
  facet normal 0.422552 0.000409539 -0.906338
    outer loop
      vertex 126.222 0.765367 -14.4747
      vertex 124.67 0.261052 -15.1985
      vertex 126.012 1 -14.5725
    endloop
  endfacet
  facet normal 0.423133 0.00025279 -0.906067
    outer loop
      vertex 124.67 -0.261052 -15.1985
      vertex 125.436 -1.41421 -14.8411
      vertex 125.08 -1.58671 -15.0074
    endloop
  endfacet
  facet normal 0.422872 -0.000297432 -0.906189
    outer loop
      vertex 126.012 1 -14.5725
      vertex 124.67 0.261052 -15.1985
      vertex 125.749 1.21752 -14.6953
    endloop
  endfacet
  facet normal 0.422111 -0.000765581 -0.906544
    outer loop
      vertex 124.443 -1 -15.3045
      vertex 125.08 -1.58671 -15.0074
      vertex 124.685 -1.73205 -15.1912
    endloop
  endfacet
  facet normal 0.422761 -0.000144896 -0.906241
    outer loop
      vertex 124.624 0.517637 -15.22
      vertex 125.749 1.21752 -14.6953
      vertex 124.67 0.261052 -15.1985
    endloop
  endfacet
  facet normal 0.42247 0.000424228 -0.906377
    outer loop
      vertex 125.749 1.21752 -14.6953
      vertex 124.624 0.517637 -15.22
      vertex 125.436 1.41421 -14.8411
    endloop
  endfacet
  facet normal 0.422039 0.000899555 -0.906577
    outer loop
      vertex 124.547 0.765367 -15.2556
      vertex 125.436 1.41421 -14.8411
      vertex 124.624 0.517637 -15.22
    endloop
  endfacet
  facet normal 0.422972 -0.000657078 -0.906142
    outer loop
      vertex 125.436 1.41421 -14.8411
      vertex 124.547 0.765367 -15.2556
      vertex 125.08 1.58671 -15.0074
    endloop
  endfacet
  facet normal 0.423507 -0.00107986 -0.905892
    outer loop
      vertex 124.443 1 -15.3045
      vertex 125.08 1.58671 -15.0074
      vertex 124.547 0.765367 -15.2556
    endloop
  endfacet
  facet normal 0.422111 0.000765581 -0.906544
    outer loop
      vertex 125.08 1.58671 -15.0074
      vertex 124.443 1 -15.3045
      vertex 124.685 1.73205 -15.1912
    endloop
  endfacet
  facet normal 0.422553 0.000587749 -0.906338
    outer loop
      vertex 124.311 1.21752 -15.3659
      vertex 124.685 1.73205 -15.1912
      vertex 124.443 1 -15.3045
    endloop
  endfacet
  facet normal 0.423293 -6.71417e-05 -0.905993
    outer loop
      vertex 124.155 1.41421 -15.4388
      vertex 124.685 1.73205 -15.1912
      vertex 124.311 1.21752 -15.3659
    endloop
  endfacet
  facet normal 0.422962 0.00060438 -0.906147
    outer loop
      vertex 124.685 1.73205 -15.1912
      vertex 124.155 1.41421 -15.4388
      vertex 124.26 1.84776 -15.3895
    endloop
  endfacet
  facet normal 0.421826 0.00093966 -0.906676
    outer loop
      vertex 123.976 1.58671 -15.5219
      vertex 124.26 1.84776 -15.3895
      vertex 124.155 1.41421 -15.4388
    endloop
  endfacet
  facet normal 0.422643 -0.000141315 -0.906296
    outer loop
      vertex 123.976 1.58671 -15.5219
      vertex 123.811 1.93185 -15.5989
      vertex 124.26 1.84776 -15.3895
    endloop
  endfacet
  facet normal 0.422691 -0.000113255 -0.906274
    outer loop
      vertex 123.779 1.73205 -15.6138
      vertex 123.811 1.93185 -15.5989
      vertex 123.976 1.58671 -15.5219
    endloop
  endfacet
  facet normal 0.42218 -1.37172e-05 -0.906512
    outer loop
      vertex 123.566 1.84776 -15.713
      vertex 123.811 1.93185 -15.5989
      vertex 123.779 1.73205 -15.6138
    endloop
  endfacet
  facet normal 0.422592 -0.00147521 -0.906319
    outer loop
      vertex 123.566 1.84776 -15.713
      vertex 123.346 1.98289 -15.8158
      vertex 123.811 1.93185 -15.5989
    endloop
  endfacet
  facet normal 0.4236 0.000523376 -0.905849
    outer loop
      vertex 123.342 1.93185 -15.8177
      vertex 123.346 1.98289 -15.8158
      vertex 123.566 1.84776 -15.713
    endloop
  endfacet
  facet normal 0.421943 0.000682038 -0.906622
    outer loop
      vertex 123.109 1.98289 -15.9261
      vertex 123.346 1.98289 -15.8158
      vertex 123.342 1.93185 -15.8177
    endloop
  endfacet
  facet normal 0.421754 -0.0299459 -0.906216
    outer loop
      vertex 123.346 1.98289 -15.8158
      vertex 123.109 1.98289 -15.9261
      vertex 122.873 2 -16.0365
    endloop
  endfacet
  facet normal 0.425995 0.119246 -0.896832
    outer loop
      vertex 231.369 -1.98289 34.556
      vertex 231.393 -1.98289 34.5674
      vertex 231.63 -2 34.6777
    endloop
  endfacet
  facet normal 0.428839 0.0318392 -0.90282
    outer loop
      vertex 231.369 -1.98289 34.556
      vertex 231.161 -1.93185 34.459
      vertex 231.393 -1.98289 34.5674
    endloop
  endfacet
  facet normal 0.420322 -0.0113914 -0.907303
    outer loop
      vertex 231.112 -1.93185 34.4363
      vertex 231.161 -1.93185 34.459
      vertex 231.369 -1.98289 34.556
    endloop
  endfacet
  facet normal 0.420344 -0.00502076 -0.907351
    outer loop
      vertex 231.112 -1.93185 34.4363
      vertex 230.936 -1.84776 34.3543
      vertex 231.161 -1.93185 34.459
    endloop
  endfacet
  facet normal 0.421851 -0.00119801 -0.906664
    outer loop
      vertex 230.864 -1.84776 34.3208
      vertex 230.936 -1.84776 34.3543
      vertex 231.112 -1.93185 34.4363
    endloop
  endfacet
  facet normal 0.421851 -0.000750918 -0.906665
    outer loop
      vertex 230.864 -1.84776 34.3208
      vertex 230.723 -1.73205 34.2551
      vertex 230.936 -1.84776 34.3543
    endloop
  endfacet
  facet normal 0.425277 0.0043398 -0.905053
    outer loop
      vertex 230.63 -1.73205 34.2114
      vertex 230.723 -1.73205 34.2551
      vertex 230.864 -1.84776 34.3208
    endloop
  endfacet
  facet normal 0.425278 0.00416482 -0.905053
    outer loop
      vertex 230.63 -1.73205 34.2114
      vertex 230.526 -1.58671 34.1632
      vertex 230.723 -1.73205 34.2551
    endloop
  endfacet
  facet normal 0.422885 0.0020783 -0.906181
    outer loop
      vertex 230.412 -1.58671 34.11
      vertex 230.526 -1.58671 34.1632
      vertex 230.63 -1.73205 34.2114
    endloop
  endfacet
  facet normal 0.422885 -0.000175108 -0.906183
    outer loop
      vertex 230.412 -1.58671 34.11
      vertex 230.348 -1.41421 34.0801
      vertex 230.526 -1.58671 34.1632
    endloop
  endfacet
  facet normal 0.424012 0.000334103 -0.905657
    outer loop
      vertex 230.216 -1.41421 34.0183
      vertex 230.348 -1.41421 34.0801
      vertex 230.412 -1.58671 34.11
    endloop
  endfacet
  facet normal 0.424012 0.000627884 -0.905656
    outer loop
      vertex 230.216 -1.41421 34.0183
      vertex 230.192 -1.21752 34.0072
      vertex 230.348 -1.41421 34.0801
    endloop
  endfacet
  facet normal 0.422219 0.000361895 -0.906494
    outer loop
      vertex 230.043 -1.21752 33.9378
      vertex 230.192 -1.21752 34.0072
      vertex 230.216 -1.41421 34.0183
    endloop
  endfacet
  facet normal 0.422219 -7.55167e-05 -0.906494
    outer loop
      vertex 230.192 -1.21752 34.0072
      vertex 230.043 -1.21752 33.9378
      vertex 230.06 -1 33.9457
    endloop
  endfacet
  facet normal 0.422885 -0.000138866 -0.906183
    outer loop
      vertex 229.898 -1 33.8701
      vertex 230.06 -1 33.9457
      vertex 230.043 -1.21752 33.9378
    endloop
  endfacet
  facet normal 0.422885 0.000386213 -0.906183
    outer loop
      vertex 230.06 -1 33.9457
      vertex 229.898 -1 33.8701
      vertex 229.955 -0.765367 33.8968
    endloop
  endfacet
  facet normal 0.422742 0.000428661 -0.90625
    outer loop
      vertex 229.782 -0.765367 33.8161
      vertex 229.955 -0.765367 33.8968
      vertex 229.898 -1 33.8701
    endloop
  endfacet
  facet normal 0.422742 -0.00017551 -0.90625
    outer loop
      vertex 229.955 -0.765367 33.8968
      vertex 229.782 -0.765367 33.8161
      vertex 229.879 -0.517637 33.8613
    endloop
  endfacet
  facet normal 0.422611 -0.000530807 -0.906311
    outer loop
      vertex 229.879 -0.517637 33.8613
      vertex 229.698 -0.517637 33.7769
      vertex 229.833 -0.261052 33.8397
    endloop
  endfacet
  facet normal 0.422611 -0.00011319 -0.906311
    outer loop
      vertex 229.698 -0.517637 33.7769
      vertex 229.879 -0.517637 33.8613
      vertex 229.782 -0.765367 33.8161
    endloop
  endfacet
  facet normal 0.425995 -0.119246 -0.896832
    outer loop
      vertex 231.393 1.98289 34.5674
      vertex 231.369 1.98289 34.556
      vertex 231.63 2 34.6777
    endloop
  endfacet
  facet normal 0.428839 -0.0318392 -0.90282
    outer loop
      vertex 231.161 1.93185 34.459
      vertex 231.369 1.98289 34.556
      vertex 231.393 1.98289 34.5674
    endloop
  endfacet
  facet normal 0.420322 0.0113914 -0.907303
    outer loop
      vertex 231.161 1.93185 34.459
      vertex 231.112 1.93185 34.4363
      vertex 231.369 1.98289 34.556
    endloop
  endfacet
  facet normal 0.420344 0.00502076 -0.907351
    outer loop
      vertex 230.936 1.84776 34.3543
      vertex 231.112 1.93185 34.4363
      vertex 231.161 1.93185 34.459
    endloop
  endfacet
  facet normal 0.421851 0.00119801 -0.906664
    outer loop
      vertex 230.936 1.84776 34.3543
      vertex 230.864 1.84776 34.3208
      vertex 231.112 1.93185 34.4363
    endloop
  endfacet
  facet normal 0.421851 0.000750918 -0.906665
    outer loop
      vertex 230.723 1.73205 34.2551
      vertex 230.864 1.84776 34.3208
      vertex 230.936 1.84776 34.3543
    endloop
  endfacet
  facet normal 0.425277 -0.0043398 -0.905053
    outer loop
      vertex 230.723 1.73205 34.2551
      vertex 230.63 1.73205 34.2114
      vertex 230.864 1.84776 34.3208
    endloop
  endfacet
  facet normal 0.425278 -0.00416482 -0.905053
    outer loop
      vertex 230.526 1.58671 34.1632
      vertex 230.63 1.73205 34.2114
      vertex 230.723 1.73205 34.2551
    endloop
  endfacet
  facet normal 0.422885 -0.0020783 -0.906181
    outer loop
      vertex 230.526 1.58671 34.1632
      vertex 230.412 1.58671 34.11
      vertex 230.63 1.73205 34.2114
    endloop
  endfacet
  facet normal 0.422885 0.000175108 -0.906183
    outer loop
      vertex 230.348 1.41421 34.0801
      vertex 230.412 1.58671 34.11
      vertex 230.526 1.58671 34.1632
    endloop
  endfacet
  facet normal 0.424012 -0.000334103 -0.905657
    outer loop
      vertex 230.348 1.41421 34.0801
      vertex 230.216 1.41421 34.0183
      vertex 230.412 1.58671 34.11
    endloop
  endfacet
  facet normal 0.424012 -0.000627884 -0.905656
    outer loop
      vertex 230.192 1.21752 34.0072
      vertex 230.216 1.41421 34.0183
      vertex 230.348 1.41421 34.0801
    endloop
  endfacet
  facet normal 0.422219 7.55167e-05 -0.906494
    outer loop
      vertex 230.043 1.21752 33.9378
      vertex 230.192 1.21752 34.0072
      vertex 230.06 1 33.9457
    endloop
  endfacet
  facet normal 0.422219 -0.000361895 -0.906494
    outer loop
      vertex 230.192 1.21752 34.0072
      vertex 230.043 1.21752 33.9378
      vertex 230.216 1.41421 34.0183
    endloop
  endfacet
  facet normal 0.422885 -0.000386213 -0.906183
    outer loop
      vertex 229.898 1 33.8701
      vertex 230.06 1 33.9457
      vertex 229.955 0.765367 33.8968
    endloop
  endfacet
  facet normal 0.422885 0.000138866 -0.906183
    outer loop
      vertex 230.06 1 33.9457
      vertex 229.898 1 33.8701
      vertex 230.043 1.21752 33.9378
    endloop
  endfacet
  facet normal 0.422742 0.00017551 -0.90625
    outer loop
      vertex 229.782 0.765367 33.8161
      vertex 229.955 0.765367 33.8968
      vertex 229.879 0.517637 33.8613
    endloop
  endfacet
  facet normal 0.422611 0.000530807 -0.906311
    outer loop
      vertex 229.698 0.517637 33.7769
      vertex 229.879 0.517637 33.8613
      vertex 229.833 0.261052 33.8397
    endloop
  endfacet
  facet normal 0.422742 -0.000428661 -0.90625
    outer loop
      vertex 229.955 0.765367 33.8968
      vertex 229.782 0.765367 33.8161
      vertex 229.898 1 33.8701
    endloop
  endfacet
  facet normal 0.422085 -0.000866309 -0.906556
    outer loop
      vertex 229.647 0.261052 33.7531
      vertex 229.833 0.261052 33.8397
      vertex 229.817 0 33.8325
    endloop
  endfacet
  facet normal 0.422085 -0.000193754 -0.906556
    outer loop
      vertex 229.647 -0.261052 33.7531
      vertex 229.833 -0.261052 33.8397
      vertex 229.698 -0.517637 33.7769
    endloop
  endfacet
  facet normal 0.422085 0.000866309 -0.906556
    outer loop
      vertex 229.833 -0.261052 33.8397
      vertex 229.647 -0.261052 33.7531
      vertex 229.817 0 33.8325
    endloop
  endfacet
  facet normal 0.422611 0.00011319 -0.906311
    outer loop
      vertex 229.879 0.517637 33.8613
      vertex 229.698 0.517637 33.7769
      vertex 229.782 0.765367 33.8161
    endloop
  endfacet
  facet normal 0.423416 -0.00018929 -0.905935
    outer loop
      vertex 229.63 0 33.7451
      vertex 229.817 0 33.8325
      vertex 229.647 -0.261052 33.7531
    endloop
  endfacet
  facet normal 0.422085 0.000193754 -0.906556
    outer loop
      vertex 229.833 0.261052 33.8397
      vertex 229.647 0.261052 33.7531
      vertex 229.698 0.517637 33.7769
    endloop
  endfacet
  facet normal 0.423416 0.00018929 -0.905935
    outer loop
      vertex 229.817 0 33.8325
      vertex 229.63 0 33.7451
      vertex 229.647 0.261052 33.7531
    endloop
  endfacet
  facet normal 0.291324 0.946929 0.135852
    outer loop
      vertex 235.792 11.0866 36.6185
      vertex 233.833 11.5911 37.3029
      vertex 234.887 11.0866 38.5592
    endloop
  endfacet
  facet normal 0.291316 0.946935 0.135826
    outer loop
      vertex 233.833 11.5911 37.3029
      vertex 235.792 11.0866 36.6185
      vertex 234.445 11.5911 35.9903
    endloop
  endfacet
  facet normal -0.291175 -0.946982 -0.135799
    outer loop
      vertex 118.711 -11.0866 -17.9772
      vertex 117.785 -11.5911 -12.4736
      vertex 115.349 -11.0866 -10.7685
    endloop
  endfacet
  facet normal -0.29132 -0.946935 -0.135819
    outer loop
      vertex 117.785 -11.5911 -12.4736
      vertex 118.711 -11.0866 -17.9772
      vertex 120.058 -11.5911 -17.349
    endloop
  endfacet
  facet normal 0.681417 -0.659334 0.317726
    outer loop
      vertex 237.648 -8.48528 41.8498
      vertex 240.258 -7.30514 38.7012
      vertex 238.382 -7.30514 42.7246
    endloop
  endfacet
  facet normal 0.681407 -0.659351 0.317711
    outer loop
      vertex 240.258 -7.30514 38.7012
      vertex 237.648 -8.48528 41.8498
      vertex 239.32 -8.48528 38.2638
    endloop
  endfacet
  facet normal 0.597589 0.751832 0.278631
    outer loop
      vertex 239.32 8.48528 38.2638
      vertex 236.811 9.52024 40.8523
      vertex 237.648 8.48528 41.8498
    endloop
  endfacet
  facet normal 0.597501 0.751952 0.278497
    outer loop
      vertex 236.811 9.52024 40.8523
      vertex 239.32 8.48528 38.2638
      vertex 238.25 9.52024 37.765
    endloop
  endfacet
  facet normal 0.888877 -0.195342 0.414415
    outer loop
      vertex 231.992 -3.10583 61.3277
      vertex 236.337 -1.56631 52.7338
      vertex 232.27 -1.56631 61.4571
    endloop
  endfacet
  facet normal 0.888917 -0.194975 0.414501
    outer loop
      vertex 236.337 -1.56631 52.7338
      vertex 231.992 -3.10583 61.3277
      vertex 236.12 -3.10583 52.475
    endloop
  endfacet
  facet normal 0.888956 -0.194967 0.414422
    outer loop
      vertex 239.851 -3.10583 44.475
      vertex 242.412 -1.56631 39.7058
      vertex 240.068 -1.56631 44.7338
    endloop
  endfacet
  facet normal 0.888964 -0.194813 0.414476
    outer loop
      vertex 242.412 -1.56631 39.7058
      vertex 239.851 -3.10583 44.475
      vertex 242.135 -3.10583 39.5763
    endloop
  endfacet
  facet normal -0.59772 0.751701 -0.278705
    outer loop
      vertex 115.183 8.48528 -19.6225
      vertex 110.905 9.52024 -7.65636
      vertex 116.252 9.52024 -19.1237
    endloop
  endfacet
  facet normal -0.59744 0.751953 -0.278627
    outer loop
      vertex 110.905 9.52024 -7.65636
      vertex 115.183 8.48528 -19.6225
      vertex 108.971 8.48528 -6.30255
    endloop
  endfacet
  facet normal -0.503489 0.83149 -0.234781
    outer loop
      vertex 116.252 9.52024 -19.1237
      vertex 113.043 10.3923 -9.15355
      vertex 117.435 10.3923 -18.5722
    endloop
  endfacet
  facet normal -0.503559 0.831443 -0.2348
    outer loop
      vertex 113.043 10.3923 -9.15355
      vertex 116.252 9.52024 -19.1237
      vertex 110.905 9.52024 -7.65636
    endloop
  endfacet
  facet normal 0.681417 0.659334 0.317726
    outer loop
      vertex 240.258 7.30514 38.7012
      vertex 237.648 8.48528 41.8498
      vertex 238.382 7.30514 42.7246
    endloop
  endfacet
  facet normal 0.681407 0.659351 0.317711
    outer loop
      vertex 237.648 8.48528 41.8498
      vertex 240.258 7.30514 38.7012
      vertex 239.32 8.48528 38.2638
    endloop
  endfacet
  facet normal 0.812703 -0.442576 0.378998
    outer loop
      vertex 239 -6 43.4617
      vertex 241.678 -4.5922 39.3631
      vertex 239.493 -4.5922 44.0485
    endloop
  endfacet
  facet normal 0.812679 -0.442658 0.378954
    outer loop
      vertex 241.678 -4.5922 39.3631
      vertex 239 -6 43.4617
      vertex 241.048 -6 39.0697
    endloop
  endfacet
  facet normal 0.597589 -0.751832 0.278631
    outer loop
      vertex 236.811 -9.52024 40.8523
      vertex 239.32 -8.48528 38.2638
      vertex 237.648 -8.48528 41.8498
    endloop
  endfacet
  facet normal 0.597501 -0.751952 0.278497
    outer loop
      vertex 239.32 -8.48528 38.2638
      vertex 236.811 -9.52024 40.8523
      vertex 238.25 -9.52024 37.765
    endloop
  endfacet
  facet normal -0.681378 -0.659351 -0.317773
    outer loop
      vertex 108.971 -8.48528 -6.30255
      vertex 114.245 -7.30514 -20.0599
      vertex 115.183 -8.48528 -19.6225
    endloop
  endfacet
  facet normal -0.68155 -0.659151 -0.317822
    outer loop
      vertex 114.245 -7.30514 -20.0599
      vertex 108.971 -8.48528 -6.30255
      vertex 107.276 -7.30514 -5.11529
    endloop
  endfacet
  facet normal 0.753691 0.555368 0.351448
    outer loop
      vertex 241.048 6 39.0697
      vertex 238.382 7.30514 42.7246
      vertex 239 6 43.4617
    endloop
  endfacet
  facet normal 0.753671 0.555417 0.351416
    outer loop
      vertex 238.382 7.30514 42.7246
      vertex 241.048 6 39.0697
      vertex 240.258 7.30514 38.7012
    endloop
  endfacet
  facet normal -0.176839 0.980782 -0.0824246
    outer loop
      vertex 120.058 11.5911 -17.349
      vertex 120.307 11.8973 -14.2397
      vertex 121.453 11.8973 -16.6984
    endloop
  endfacet
  facet normal -0.176802 0.980789 -0.0824282
    outer loop
      vertex 120.307 11.8973 -14.2397
      vertex 120.058 11.5911 -17.349
      vertex 117.785 11.5911 -12.4736
    endloop
  endfacet
  facet normal -0.681378 0.659351 -0.317773
    outer loop
      vertex 114.245 7.30514 -20.0599
      vertex 108.971 8.48528 -6.30255
      vertex 115.183 8.48528 -19.6225
    endloop
  endfacet
  facet normal -0.68155 0.659151 -0.317822
    outer loop
      vertex 108.971 8.48528 -6.30255
      vertex 114.245 7.30514 -20.0599
      vertex 107.276 7.30514 -5.11529
    endloop
  endfacet
  facet normal 0.291324 -0.946929 0.135852
    outer loop
      vertex 233.833 -11.5911 37.3029
      vertex 235.792 -11.0866 36.6185
      vertex 234.887 -11.0866 38.5592
    endloop
  endfacet
  facet normal 0.291316 -0.946935 0.135826
    outer loop
      vertex 235.792 -11.0866 36.6185
      vertex 233.833 -11.5911 37.3029
      vertex 234.445 -11.5911 35.9903
    endloop
  endfacet
  facet normal -0.858256 -0.321309 -0.400197
    outer loop
      vertex 104.71 -4.5922 -3.31849
      vertex 112.368 -3.10583 -20.9351
      vertex 112.825 -4.5922 -20.7218
    endloop
  endfacet
  facet normal -0.858145 -0.321632 -0.400176
    outer loop
      vertex 112.368 -3.10583 -20.9351
      vertex 104.71 -4.5922 -3.31849
      vertex 103.883 -3.10583 -2.73969
    endloop
  endfacet
  facet normal -0.29132 0.946935 -0.135819
    outer loop
      vertex 118.711 11.0866 -17.9772
      vertex 117.785 11.5911 -12.4736
      vertex 120.058 11.5911 -17.349
    endloop
  endfacet
  facet normal -0.291175 0.946982 -0.135799
    outer loop
      vertex 117.785 11.5911 -12.4736
      vertex 118.711 11.0866 -17.9772
      vertex 115.349 11.0866 -10.7685
    endloop
  endfacet
  facet normal -0.904365 -0.0653821 -0.421722
    outer loop
      vertex 103.381 -1.56631 -2.3884
      vertex 111.997 0 -21.1079
      vertex 112.09 -1.56631 -21.0645
    endloop
  endfacet
  facet normal -0.904373 -0.0652929 -0.421718
    outer loop
      vertex 111.997 0 -21.1079
      vertex 103.381 -1.56631 -2.3884
      vertex 103.213 0 -2.27063
    endloop
  endfacet
  facet normal -0.422577 -1.07394e-05 0.906327
    outer loop
      vertex 109.136 0.522104 4.03891
      vertex 108.544 4 3.76293
      vertex 109.105 0 4.02445
    endloop
  endfacet
  facet normal -0.423567 -0.000215979 0.905865
    outer loop
      vertex 109.228 1.03528 4.08205
      vertex 108.544 4 3.76293
      vertex 109.136 0.522104 4.03891
    endloop
  endfacet
  facet normal -0.421957 0.000236398 0.906616
    outer loop
      vertex 109.381 1.53073 4.15313
      vertex 108.544 4 3.76293
      vertex 109.228 1.03528 4.08205
    endloop
  endfacet
  facet normal -0.423271 -0.000305837 0.906003
    outer loop
      vertex 109.59 2 4.25093
      vertex 108.544 4 3.76293
      vertex 109.381 1.53073 4.15313
    endloop
  endfacet
  facet normal -0.422311 0.000305112 0.906451
    outer loop
      vertex 109.854 2.43505 4.37378
      vertex 108.544 4 3.76293
      vertex 109.59 2 4.25093
    endloop
  endfacet
  facet normal -0.422436 0.00017859 0.906393
    outer loop
      vertex 110.167 2.82843 4.51958
      vertex 108.544 4 3.76293
      vertex 109.854 2.43505 4.37378
    endloop
  endfacet
  facet normal -0.422792 -0.0004233 0.906226
    outer loop
      vertex 110.523 3.17341 4.68583
      vertex 108.544 4 3.76293
      vertex 110.167 2.82843 4.51958
    endloop
  endfacet
  facet normal -0.422722 -0.000217826 0.906259
    outer loop
      vertex 110.917 3.4641 4.86968
      vertex 108.544 4 3.76293
      vertex 110.523 3.17341 4.68583
    endloop
  endfacet
  facet normal -0.4225 0.000977427 0.906362
    outer loop
      vertex 111.343 3.69552 5.06801
      vertex 108.544 4 3.76293
      vertex 110.917 3.4641 4.86968
    endloop
  endfacet
  facet normal -0.422601 -0.000151722 0.906316
    outer loop
      vertex 111.792 3.8637 5.2774
      vertex 108.544 4 3.76293
      vertex 111.343 3.69552 5.06801
    endloop
  endfacet
  facet normal -0.422609 -0.00037913 0.906312
    outer loop
      vertex 112.257 3.96578 5.49427
      vertex 108.544 4 3.76293
      vertex 111.792 3.8637 5.2774
    endloop
  endfacet
  facet normal -0.422622 -0.00221209 0.906303
    outer loop
      vertex 108.544 4 3.76293
      vertex 112.257 3.96578 5.49427
      vertex 112.73 4 5.71492
    endloop
  endfacet
  facet normal -0.422514 0 0.906356
    outer loop
      vertex 108.544 -4 3.76293
      vertex 109.105 0 4.02445
      vertex 108.544 4 3.76293
    endloop
  endfacet
  facet normal -0.422622 0.00221209 0.906303
    outer loop
      vertex 112.257 -3.96578 5.49427
      vertex 108.544 -4 3.76293
      vertex 112.73 -4 5.71492
    endloop
  endfacet
  facet normal -0.422609 0.00037913 0.906312
    outer loop
      vertex 111.792 -3.8637 5.2774
      vertex 108.544 -4 3.76293
      vertex 112.257 -3.96578 5.49427
    endloop
  endfacet
  facet normal -0.422601 0.000151722 0.906316
    outer loop
      vertex 111.343 -3.69552 5.06801
      vertex 108.544 -4 3.76293
      vertex 111.792 -3.8637 5.2774
    endloop
  endfacet
  facet normal -0.4225 -0.000977427 0.906362
    outer loop
      vertex 110.917 -3.4641 4.86968
      vertex 108.544 -4 3.76293
      vertex 111.343 -3.69552 5.06801
    endloop
  endfacet
  facet normal -0.422722 0.000217826 0.906259
    outer loop
      vertex 110.523 -3.17341 4.68583
      vertex 108.544 -4 3.76293
      vertex 110.917 -3.4641 4.86968
    endloop
  endfacet
  facet normal -0.422792 0.0004233 0.906226
    outer loop
      vertex 110.167 -2.82843 4.51958
      vertex 108.544 -4 3.76293
      vertex 110.523 -3.17341 4.68583
    endloop
  endfacet
  facet normal -0.422436 -0.00017859 0.906393
    outer loop
      vertex 109.854 -2.43505 4.37378
      vertex 108.544 -4 3.76293
      vertex 110.167 -2.82843 4.51958
    endloop
  endfacet
  facet normal -0.422311 -0.000305112 0.906451
    outer loop
      vertex 109.59 -2 4.25093
      vertex 108.544 -4 3.76293
      vertex 109.854 -2.43505 4.37378
    endloop
  endfacet
  facet normal -0.423271 0.000305837 0.906003
    outer loop
      vertex 109.381 -1.53073 4.15313
      vertex 108.544 -4 3.76293
      vertex 109.59 -2 4.25093
    endloop
  endfacet
  facet normal -0.421957 -0.000236398 0.906616
    outer loop
      vertex 109.228 -1.03528 4.08205
      vertex 108.544 -4 3.76293
      vertex 109.381 -1.53073 4.15313
    endloop
  endfacet
  facet normal -0.423567 0.000215979 0.905865
    outer loop
      vertex 109.136 -0.522104 4.03891
      vertex 108.544 -4 3.76293
      vertex 109.228 -1.03528 4.08205
    endloop
  endfacet
  facet normal -0.422577 1.07394e-05 0.906327
    outer loop
      vertex 109.105 0 4.02445
      vertex 108.544 -4 3.76293
      vertex 109.136 -0.522104 4.03891
    endloop
  endfacet
  facet normal -0.422617 0 0.906309
    outer loop
      vertex 125.288 12 11.5709
      vertex 216.665 4 54.1805
      vertex 216.665 12 54.1805
    endloop
  endfacet
  facet normal -0.422617 0 0.906309
    outer loop
      vertex 216.665 4 54.1805
      vertex 125.288 12 11.5709
      vertex 125.288 4 11.5709
    endloop
  endfacet
  facet normal -0.422617 0 0.906309
    outer loop
      vertex 125.288 -4 11.5709
      vertex 216.665 -12 54.1805
      vertex 216.665 -4 54.1805
    endloop
  endfacet
  facet normal -0.422617 0 0.906309
    outer loop
      vertex 216.665 -12 54.1805
      vertex 125.288 -4 11.5709
      vertex 125.288 -12 11.5709
    endloop
  endfacet
  facet normal -0.422591 2.12748e-05 0.90632
    outer loop
      vertex 225.081 0.522104 58.1051
      vertex 232.363 0 61.5005
      vertex 232.27 1.56631 61.4571
    endloop
  endfacet
  facet normal -0.422601 -0.000133782 0.906316
    outer loop
      vertex 224.989 1.03528 58.062
      vertex 232.27 1.56631 61.4571
      vertex 231.992 3.10583 61.3277
    endloop
  endfacet
  facet normal -0.422588 7.93857e-05 0.906322
    outer loop
      vertex 232.363 0 61.5005
      vertex 225.081 0.522104 58.1051
      vertex 225.112 0 58.1196
    endloop
  endfacet
  facet normal -0.422603 -2.92915e-05 0.906315
    outer loop
      vertex 224.836 1.53073 57.9909
      vertex 231.992 3.10583 61.3277
      vertex 231.717 4 61.1995
    endloop
  endfacet
  facet normal -0.422591 -2.12748e-05 0.90632
    outer loop
      vertex 232.363 0 61.5005
      vertex 225.081 -0.522104 58.1051
      vertex 232.27 -1.56631 61.4571
    endloop
  endfacet
  facet normal -0.42263 -0.000350019 0.906302
    outer loop
      vertex 224.989 -1.03528 58.062
      vertex 232.27 -1.56631 61.4571
      vertex 225.081 -0.522104 58.1051
    endloop
  endfacet
  facet normal -0.422588 -7.93857e-05 0.906322
    outer loop
      vertex 225.081 -0.522104 58.1051
      vertex 232.363 0 61.5005
      vertex 225.112 0 58.1196
    endloop
  endfacet
  facet normal -0.42263 0.000350019 0.906302
    outer loop
      vertex 232.27 1.56631 61.4571
      vertex 224.989 1.03528 58.062
      vertex 225.081 0.522104 58.1051
    endloop
  endfacet
  facet normal -0.422533 -0.000416212 0.906348
    outer loop
      vertex 231.992 3.10583 61.3277
      vertex 224.836 1.53073 57.9909
      vertex 224.989 1.03528 58.062
    endloop
  endfacet
  facet normal -0.422551 -0.000204166 0.906339
    outer loop
      vertex 231.717 4 61.1995
      vertex 224.626 2 57.8931
      vertex 224.836 1.53073 57.9909
    endloop
  endfacet
  facet normal -0.422668 0.000299071 0.906285
    outer loop
      vertex 231.717 4 61.1995
      vertex 224.363 2.43505 57.7703
      vertex 224.626 2 57.8931
    endloop
  endfacet
  facet normal -0.422563 -0.000301795 0.906334
    outer loop
      vertex 231.717 4 61.1995
      vertex 224.05 2.82843 57.6245
      vertex 224.363 2.43505 57.7703
    endloop
  endfacet
  facet normal -0.422687 0.000687275 0.906276
    outer loop
      vertex 231.717 4 61.1995
      vertex 223.694 3.17341 57.4582
      vertex 224.05 2.82843 57.6245
    endloop
  endfacet
  facet normal -0.422668 0.00046288 0.906285
    outer loop
      vertex 231.717 4 61.1995
      vertex 223.3 3.4641 57.2743
      vertex 223.694 3.17341 57.4582
    endloop
  endfacet
  facet normal -0.422577 -0.00126781 0.906326
    outer loop
      vertex 231.717 4 61.1995
      vertex 222.874 3.69552 57.076
      vertex 223.3 3.4641 57.2743
    endloop
  endfacet
  facet normal -0.422618 0.000152193 0.906308
    outer loop
      vertex 231.717 4 61.1995
      vertex 222.425 3.8637 56.8666
      vertex 222.874 3.69552 57.076
    endloop
  endfacet
  facet normal -0.422613 -0.000262335 0.90631
    outer loop
      vertex 231.717 4 61.1995
      vertex 221.96 3.96578 56.6498
      vertex 222.425 3.8637 56.8666
    endloop
  endfacet
  facet normal -0.422621 0.00352557 0.9063
    outer loop
      vertex 221.96 3.96578 56.6498
      vertex 231.717 4 61.1995
      vertex 221.487 4 56.4291
    endloop
  endfacet
  facet normal -0.422601 0.000133782 0.906316
    outer loop
      vertex 232.27 -1.56631 61.4571
      vertex 224.989 -1.03528 58.062
      vertex 231.992 -3.10583 61.3277
    endloop
  endfacet
  facet normal -0.422533 0.000416212 0.906348
    outer loop
      vertex 224.836 -1.53073 57.9909
      vertex 231.992 -3.10583 61.3277
      vertex 224.989 -1.03528 58.062
    endloop
  endfacet
  facet normal -0.422603 2.92915e-05 0.906315
    outer loop
      vertex 231.992 -3.10583 61.3277
      vertex 224.836 -1.53073 57.9909
      vertex 231.717 -4 61.1995
    endloop
  endfacet
  facet normal -0.422551 0.000204166 0.906339
    outer loop
      vertex 224.626 -2 57.8931
      vertex 231.717 -4 61.1995
      vertex 224.836 -1.53073 57.9909
    endloop
  endfacet
  facet normal -0.422668 -0.000299071 0.906285
    outer loop
      vertex 224.363 -2.43505 57.7703
      vertex 231.717 -4 61.1995
      vertex 224.626 -2 57.8931
    endloop
  endfacet
  facet normal -0.422563 0.000301795 0.906334
    outer loop
      vertex 224.05 -2.82843 57.6245
      vertex 231.717 -4 61.1995
      vertex 224.363 -2.43505 57.7703
    endloop
  endfacet
  facet normal -0.422687 -0.000687275 0.906276
    outer loop
      vertex 223.694 -3.17341 57.4582
      vertex 231.717 -4 61.1995
      vertex 224.05 -2.82843 57.6245
    endloop
  endfacet
  facet normal -0.422668 -0.00046288 0.906285
    outer loop
      vertex 223.3 -3.4641 57.2743
      vertex 231.717 -4 61.1995
      vertex 223.694 -3.17341 57.4582
    endloop
  endfacet
  facet normal -0.422577 0.00126781 0.906326
    outer loop
      vertex 222.874 -3.69552 57.076
      vertex 231.717 -4 61.1995
      vertex 223.3 -3.4641 57.2743
    endloop
  endfacet
  facet normal -0.422618 -0.000152193 0.906308
    outer loop
      vertex 222.425 -3.8637 56.8666
      vertex 231.717 -4 61.1995
      vertex 222.874 -3.69552 57.076
    endloop
  endfacet
  facet normal -0.422613 0.000262335 0.90631
    outer loop
      vertex 221.96 -3.96578 56.6498
      vertex 231.717 -4 61.1995
      vertex 222.425 -3.8637 56.8666
    endloop
  endfacet
  facet normal -0.422621 -0.00352557 0.9063
    outer loop
      vertex 231.717 -4 61.1995
      vertex 221.96 -3.96578 56.6498
      vertex 221.487 -4 56.4291
    endloop
  endfacet
  facet normal -0.753415 0.555816 -0.351334
    outer loop
      vertex 113.454 6 -20.4284
      vertex 107.276 7.30514 -5.11529
      vertex 114.245 7.30514 -20.0599
    endloop
  endfacet
  facet normal -0.753497 0.55569 -0.351356
    outer loop
      vertex 107.276 7.30514 -5.11529
      vertex 113.454 6 -20.4284
      vertex 105.847 6 -4.1149
    endloop
  endfacet
  facet normal -0.597955 0.751468 -0.278831
    outer loop
      vertex 229.905 -2.82843 45.0684
      vertex 223.694 -3.17341 57.4582
      vertex 224.05 -2.82843 57.6245
    endloop
  endfacet
  facet normal -0.597579 0.75184 -0.278632
    outer loop
      vertex 223.694 -3.17341 57.4582
      vertex 229.905 -2.82843 45.0684
      vertex 229.626 -3.17341 44.7359
    endloop
  endfacet
  facet normal -0.400427 -0.897104 -0.186716
    outer loop
      vertex 222.874 3.69552 57.076
      vertex 229.318 3.4641 44.3682
      vertex 223.3 3.4641 57.2743
    endloop
  endfacet
  facet normal -0.400748 -0.896926 -0.186882
    outer loop
      vertex 229.318 3.4641 44.3682
      vertex 222.874 3.69552 57.076
      vertex 228.985 3.69552 43.9716
    endloop
  endfacet
  facet normal -0.812916 0.442108 -0.379088
    outer loop
      vertex 224.626 -2 57.8931
      vertex 230.52 -1.53073 45.8013
      vertex 230.356 -2 45.6057
    endloop
  endfacet
  facet normal -0.812682 0.442655 -0.378953
    outer loop
      vertex 230.52 -1.53073 45.8013
      vertex 224.626 -2 57.8931
      vertex 224.836 -1.53073 57.9909
    endloop
  endfacet
  facet normal 0.753052 -0.556221 0.35147
    outer loop
      vertex 110.436 2 2.43831
      vertex 109.854 2.43505 4.37378
      vertex 109.59 2 4.25093
    endloop
  endfacet
  facet normal 0.753739 -0.555291 0.351468
    outer loop
      vertex 109.854 2.43505 4.37378
      vertex 110.436 2 2.43831
      vertex 110.912 2.43505 2.10485
    endloop
  endfacet
  facet normal -0.291328 -0.946927 -0.135855
    outer loop
      vertex 222.425 3.8637 56.8666
      vertex 228.985 3.69552 43.9716
      vertex 222.874 3.69552 57.076
    endloop
  endfacet
  facet normal -0.291489 -0.946866 -0.135939
    outer loop
      vertex 228.985 3.69552 43.9716
      vertex 222.425 3.8637 56.8666
      vertex 228.634 3.8637 43.5528
    endloop
  endfacet
  facet normal -0.597955 -0.751468 -0.278831
    outer loop
      vertex 223.694 3.17341 57.4582
      vertex 229.905 2.82843 45.0684
      vertex 224.05 2.82843 57.6245
    endloop
  endfacet
  facet normal -0.597579 -0.75184 -0.278632
    outer loop
      vertex 229.905 2.82843 45.0684
      vertex 223.694 3.17341 57.4582
      vertex 229.626 3.17341 44.7359
    endloop
  endfacet
  facet normal -0.422613 7.46286e-05 0.90631
    outer loop
      vertex 212.971 1.56631 34.8038
      vertex 140.422 4 0.973948
      vertex 212.868 0 34.7559
    endloop
  endfacet
  facet normal -0.422617 -6.49894e-05 0.906308
    outer loop
      vertex 213.277 3.10583 34.9466
      vertex 140.422 4 0.973948
      vertex 212.971 1.56631 34.8038
    endloop
  endfacet
  facet normal -0.422618 -0.000211545 0.906308
    outer loop
      vertex 140.422 4 0.973948
      vertex 213.277 3.10583 34.9466
      vertex 213.58 4 35.0881
    endloop
  endfacet
  facet normal -0.422616 0 0.906309
    outer loop
      vertex 140.422 -4 0.973948
      vertex 212.868 0 34.7559
      vertex 140.422 4 0.973948
    endloop
  endfacet
  facet normal -0.422613 -7.46286e-05 0.90631
    outer loop
      vertex 212.868 0 34.7559
      vertex 140.422 -4 0.973948
      vertex 212.971 -1.56631 34.8038
    endloop
  endfacet
  facet normal -0.422617 6.49894e-05 0.906308
    outer loop
      vertex 212.971 -1.56631 34.8038
      vertex 140.422 -4 0.973948
      vertex 213.277 -3.10583 34.9466
    endloop
  endfacet
  facet normal -0.422618 0.000211545 0.906308
    outer loop
      vertex 213.277 -3.10583 34.9466
      vertex 140.422 -4 0.973948
      vertex 213.58 -4 35.0881
    endloop
  endfacet
  facet normal -0.422773 0 0.906235
    outer loop
      vertex 139.238 0.522104 0.421989
      vertex 139.238 -0.522104 0.421989
      vertex 139.3 0 0.450913
    endloop
  endfacet
  facet normal -0.422667 0 0.906285
    outer loop
      vertex 139.053 1.03528 0.33571
      vertex 139.238 -0.522104 0.421989
      vertex 139.238 0.522104 0.421989
    endloop
  endfacet
  facet normal -0.422667 0 0.906285
    outer loop
      vertex 139.053 1.03528 0.33571
      vertex 139.053 -1.03528 0.33571
      vertex 139.238 -0.522104 0.421989
    endloop
  endfacet
  facet normal -0.423593 0 0.905852
    outer loop
      vertex 138.749 1.53073 0.193554
      vertex 139.053 -1.03528 0.33571
      vertex 139.053 1.03528 0.33571
    endloop
  endfacet
  facet normal -0.423593 0 0.905852
    outer loop
      vertex 138.749 1.53073 0.193554
      vertex 138.749 -1.53073 0.193554
      vertex 139.053 -1.03528 0.33571
    endloop
  endfacet
  facet normal -0.42218 0 0.906512
    outer loop
      vertex 138.329 2 -0.00204819
      vertex 138.749 -1.53073 0.193554
      vertex 138.749 1.53073 0.193554
    endloop
  endfacet
  facet normal -0.42218 0 0.906512
    outer loop
      vertex 138.329 2 -0.00204819
      vertex 138.329 -2 -0.00204819
      vertex 138.749 -1.53073 0.193554
    endloop
  endfacet
  facet normal -0.422556 0 0.906337
    outer loop
      vertex 137.802 2.43505 -0.247748
      vertex 138.329 -2 -0.00204819
      vertex 138.329 2 -0.00204819
    endloop
  endfacet
  facet normal -0.422556 0 0.906337
    outer loop
      vertex 137.802 2.43505 -0.247748
      vertex 137.802 -2.43505 -0.247748
      vertex 138.329 -2 -0.00204819
    endloop
  endfacet
  facet normal -0.4228 0 0.906223
    outer loop
      vertex 137.177 2.82843 -0.539343
      vertex 137.802 -2.43505 -0.247748
      vertex 137.802 2.43505 -0.247748
    endloop
  endfacet
  facet normal -0.4228 0 0.906223
    outer loop
      vertex 137.177 2.82843 -0.539343
      vertex 137.177 -2.82843 -0.539343
      vertex 137.802 -2.43505 -0.247748
    endloop
  endfacet
  facet normal -0.422643 0 0.906296
    outer loop
      vertex 136.464 3.17341 -0.871844
      vertex 137.177 -2.82843 -0.539343
      vertex 137.177 2.82843 -0.539343
    endloop
  endfacet
  facet normal -0.422643 0 0.906296
    outer loop
      vertex 136.464 3.17341 -0.871844
      vertex 136.464 -3.17341 -0.871844
      vertex 137.177 -2.82843 -0.539343
    endloop
  endfacet
  facet normal -0.422429 0 0.906396
    outer loop
      vertex 135.675 3.4641 -1.23956
      vertex 136.464 -3.17341 -0.871844
      vertex 136.464 3.17341 -0.871844
    endloop
  endfacet
  facet normal -0.422429 0 0.906396
    outer loop
      vertex 135.675 3.4641 -1.23956
      vertex 135.675 -3.4641 -1.23956
      vertex 136.464 -3.17341 -0.871844
    endloop
  endfacet
  facet normal -0.422862 0 0.906194
    outer loop
      vertex 134.825 3.69552 -1.6362
      vertex 135.675 -3.4641 -1.23956
      vertex 135.675 3.4641 -1.23956
    endloop
  endfacet
  facet normal -0.422862 0 0.906194
    outer loop
      vertex 134.825 3.69552 -1.6362
      vertex 134.825 -3.69552 -1.6362
      vertex 135.675 -3.4641 -1.23956
    endloop
  endfacet
  facet normal -0.422648 0 0.906294
    outer loop
      vertex 133.927 3.8637 -2.05498
      vertex 134.825 -3.69552 -1.6362
      vertex 134.825 3.69552 -1.6362
    endloop
  endfacet
  facet normal -0.422648 0 0.906294
    outer loop
      vertex 133.927 3.8637 -2.05498
      vertex 133.927 -3.8637 -2.05498
      vertex 134.825 -3.69552 -1.6362
    endloop
  endfacet
  facet normal -0.422312 0 0.90645
    outer loop
      vertex 132.996 3.96578 -2.48873
      vertex 133.927 -3.8637 -2.05498
      vertex 133.927 3.8637 -2.05498
    endloop
  endfacet
  facet normal -0.422312 0 0.90645
    outer loop
      vertex 132.996 3.96578 -2.48873
      vertex 132.996 -3.96578 -2.48873
      vertex 133.927 -3.8637 -2.05498
    endloop
  endfacet
  facet normal -0.422754 0 0.906244
    outer loop
      vertex 132.05 4 -2.93003
      vertex 132.996 -3.96578 -2.48873
      vertex 132.996 3.96578 -2.48873
    endloop
  endfacet
  facet normal -0.422754 0 0.906244
    outer loop
      vertex 132.05 4 -2.93003
      vertex 132.05 -4 -2.93003
      vertex 132.996 -3.96578 -2.48873
    endloop
  endfacet
  facet normal -0.422623 0 0.906306
    outer loop
      vertex 123.678 4 -6.83401
      vertex 132.05 -4 -2.93003
      vertex 132.05 4 -2.93003
    endloop
  endfacet
  facet normal -0.422623 0 0.906306
    outer loop
      vertex 132.05 -4 -2.93003
      vertex 123.678 4 -6.83401
      vertex 123.678 -4 -6.83401
    endloop
  endfacet
  facet normal -0.422718 0 0.906261
    outer loop
      vertex 224.868 4 40.3516
      vertex 226.641 0.915833 41.1786
      vertex 226.641 4 41.1786
    endloop
  endfacet
  facet normal -0.422605 7.90974e-05 0.906314
    outer loop
      vertex 224.346 3.96578 40.1082
      vertex 226.641 0.915833 41.1786
      vertex 224.868 4 40.3516
    endloop
  endfacet
  facet normal -0.422901 -0.000192391 0.906176
    outer loop
      vertex 226.641 0.915833 41.1786
      vertex 224.346 3.96578 40.1082
      vertex 226.574 0.765367 41.1473
    endloop
  endfacet
  facet normal -0.422732 -4.95005e-05 0.906255
    outer loop
      vertex 223.833 3.8637 39.8689
      vertex 226.574 0.765367 41.1473
      vertex 224.346 3.96578 40.1082
    endloop
  endfacet
  facet normal -0.422416 0.000290964 0.906402
    outer loop
      vertex 223.337 3.69552 39.6378
      vertex 226.574 0.765367 41.1473
      vertex 223.833 3.8637 39.8689
    endloop
  endfacet
  facet normal -0.422901 0.000192391 0.906176
    outer loop
      vertex 224.346 -3.96578 40.1082
      vertex 226.641 -0.915833 41.1786
      vertex 226.574 -0.765367 41.1473
    endloop
  endfacet
  facet normal -0.422758 0.00016938 0.906242
    outer loop
      vertex 223.337 -3.69552 39.6378
      vertex 226.574 -0.765367 41.1473
      vertex 226.498 -0.517637 41.1118
    endloop
  endfacet
  facet normal -0.422799 0.00048978 0.906223
    outer loop
      vertex 222.039 -2.82843 39.0327
      vertex 226.498 -0.517637 41.1118
      vertex 226.452 -0.261052 41.0902
    endloop
  endfacet
  facet normal -0.42248 -0.000895632 0.906372
    outer loop
      vertex 221.004 -1.03528 38.55
      vertex 226.452 -0.261052 41.0902
      vertex 226.436 0 41.083
    endloop
  endfacet
  facet normal -0.422758 -0.00016938 0.906242
    outer loop
      vertex 226.574 0.765367 41.1473
      vertex 223.337 3.69552 39.6378
      vertex 226.498 0.517637 41.1118
    endloop
  endfacet
  facet normal -0.422718 0 0.906261
    outer loop
      vertex 226.641 -0.915833 41.1786
      vertex 224.868 -4 40.3516
      vertex 226.641 -4 41.1786
    endloop
  endfacet
  facet normal -0.422727 -0.000130844 0.906257
    outer loop
      vertex 222.868 3.4641 39.419
      vertex 226.498 0.517637 41.1118
      vertex 223.337 3.69552 39.6378
    endloop
  endfacet
  facet normal -0.422605 -7.90974e-05 0.906314
    outer loop
      vertex 226.641 -0.915833 41.1786
      vertex 224.346 -3.96578 40.1082
      vertex 224.868 -4 40.3516
    endloop
  endfacet
  facet normal -0.422681 -6.16617e-05 0.906279
    outer loop
      vertex 222.433 3.17341 39.2161
      vertex 226.498 0.517637 41.1118
      vertex 222.868 3.4641 39.419
    endloop
  endfacet
  facet normal -0.422732 4.95005e-05 0.906255
    outer loop
      vertex 226.574 -0.765367 41.1473
      vertex 223.833 -3.8637 39.8689
      vertex 224.346 -3.96578 40.1082
    endloop
  endfacet
  facet normal -0.422372 0.0005126 0.906422
    outer loop
      vertex 222.039 2.82843 39.0327
      vertex 226.498 0.517637 41.1118
      vertex 222.433 3.17341 39.2161
    endloop
  endfacet
  facet normal -0.422416 -0.000290964 0.906402
    outer loop
      vertex 226.574 -0.765367 41.1473
      vertex 223.337 -3.69552 39.6378
      vertex 223.833 -3.8637 39.8689
    endloop
  endfacet
  facet normal -0.422799 -0.00048978 0.906223
    outer loop
      vertex 226.498 0.517637 41.1118
      vertex 222.039 2.82843 39.0327
      vertex 226.452 0.261052 41.0902
    endloop
  endfacet
  facet normal -0.422727 0.000130844 0.906257
    outer loop
      vertex 226.498 -0.517637 41.1118
      vertex 222.868 -3.4641 39.419
      vertex 223.337 -3.69552 39.6378
    endloop
  endfacet
  facet normal -0.4226 -7.40476e-05 0.906316
    outer loop
      vertex 221.694 2.43505 38.8718
      vertex 226.452 0.261052 41.0902
      vertex 222.039 2.82843 39.0327
    endloop
  endfacet
  facet normal -0.422681 6.16617e-05 0.906279
    outer loop
      vertex 226.498 -0.517637 41.1118
      vertex 222.433 -3.17341 39.2161
      vertex 222.868 -3.4641 39.419
    endloop
  endfacet
  facet normal -0.422745 -0.000460771 0.906248
    outer loop
      vertex 221.404 2 38.7363
      vertex 226.452 0.261052 41.0902
      vertex 221.694 2.43505 38.8718
    endloop
  endfacet
  facet normal -0.422372 -0.0005126 0.906422
    outer loop
      vertex 226.498 -0.517637 41.1118
      vertex 222.039 -2.82843 39.0327
      vertex 222.433 -3.17341 39.2161
    endloop
  endfacet
  facet normal -0.422483 0.000466081 0.906371
    outer loop
      vertex 221.172 1.53073 38.6284
      vertex 226.452 0.261052 41.0902
      vertex 221.404 2 38.7363
    endloop
  endfacet
  facet normal -0.4226 7.40476e-05 0.906316
    outer loop
      vertex 226.452 -0.261052 41.0902
      vertex 221.694 -2.43505 38.8718
      vertex 222.039 -2.82843 39.0327
    endloop
  endfacet
  facet normal -0.422599 -0.000118396 0.906317
    outer loop
      vertex 221.004 1.03528 38.55
      vertex 226.452 0.261052 41.0902
      vertex 221.172 1.53073 38.6284
    endloop
  endfacet
  facet normal -0.422745 0.000460771 0.906248
    outer loop
      vertex 226.452 -0.261052 41.0902
      vertex 221.404 -2 38.7363
      vertex 221.694 -2.43505 38.8718
    endloop
  endfacet
  facet normal -0.42248 0.000895632 0.906372
    outer loop
      vertex 226.452 0.261052 41.0902
      vertex 221.004 1.03528 38.55
      vertex 226.436 0 41.083
    endloop
  endfacet
  facet normal -0.422483 -0.000466081 0.906371
    outer loop
      vertex 226.452 -0.261052 41.0902
      vertex 221.172 -1.53073 38.6284
      vertex 221.404 -2 38.7363
    endloop
  endfacet
  facet normal -0.42263 -6.1774e-05 0.906302
    outer loop
      vertex 220.902 0.522104 38.5024
      vertex 226.436 0 41.083
      vertex 221.004 1.03528 38.55
    endloop
  endfacet
  facet normal -0.422599 0.000118396 0.906317
    outer loop
      vertex 226.452 -0.261052 41.0902
      vertex 221.004 -1.03528 38.55
      vertex 221.172 -1.53073 38.6284
    endloop
  endfacet
  facet normal -0.422645 -0.000250526 0.906295
    outer loop
      vertex 220.868 0 38.4864
      vertex 226.436 0 41.083
      vertex 220.902 0.522104 38.5024
    endloop
  endfacet
  facet normal -0.42263 6.1774e-05 0.906302
    outer loop
      vertex 226.436 0 41.083
      vertex 220.902 -0.522104 38.5024
      vertex 221.004 -1.03528 38.55
    endloop
  endfacet
  facet normal -0.422645 0.000250526 0.906295
    outer loop
      vertex 226.436 0 41.083
      vertex 220.868 0 38.4864
      vertex 220.902 -0.522104 38.5024
    endloop
  endfacet
  facet normal -0.753691 -0.555366 -0.351451
    outer loop
      vertex 230.356 2 45.6057
      vertex 224.363 2.43505 57.7703
      vertex 230.15 2.43505 45.36
    endloop
  endfacet
  facet normal -0.753908 -0.554996 -0.351571
    outer loop
      vertex 224.363 2.43505 57.7703
      vertex 230.356 2 45.6057
      vertex 224.626 2 57.8931
    endloop
  endfacet
  facet normal 0.598017 0.75145 0.278743
    outer loop
      vertex 110.523 -3.17341 4.68583
      vertex 111.477 -2.82843 1.7091
      vertex 110.167 -2.82843 4.51958
    endloop
  endfacet
  facet normal 0.597195 0.75217 0.278563
    outer loop
      vertex 111.477 -2.82843 1.7091
      vertex 110.523 -3.17341 4.68583
      vertex 112.122 -3.17341 1.25783
    endloop
  endfacet
  facet normal -0.50372 -0.831326 -0.234869
    outer loop
      vertex 223.3 3.4641 57.2743
      vertex 229.626 3.17341 44.7359
      vertex 223.694 3.17341 57.4582
    endloop
  endfacet
  facet normal -0.50393 -0.831167 -0.234978
    outer loop
      vertex 229.626 3.17341 44.7359
      vertex 223.3 3.4641 57.2743
      vertex 229.318 3.4641 44.3682
    endloop
  endfacet
  facet normal -0.904387 -0.0649977 -0.421734
    outer loop
      vertex 230.736 0 46.0587
      vertex 225.081 0.522104 58.1051
      vertex 230.712 0.522104 46.0297
    endloop
  endfacet
  facet normal -0.90437 -0.0654088 -0.421708
    outer loop
      vertex 225.081 0.522104 58.1051
      vertex 230.736 0 46.0587
      vertex 225.112 0 58.1196
    endloop
  endfacet
  facet normal 0.889051 -0.194235 0.414561
    outer loop
      vertex 109.614 0.522104 3.01381
      vertex 109.228 1.03528 4.08205
      vertex 109.136 0.522104 4.03891
    endloop
  endfacet
  facet normal 0.888895 -0.194647 0.414702
    outer loop
      vertex 109.228 1.03528 4.08205
      vertex 109.614 0.522104 3.01381
      vertex 109.781 1.03528 2.89672
    endloop
  endfacet
  facet normal -0.0592905 -0.997858 -0.0276497
    outer loop
      vertex 221.487 4 56.4291
      vertex 228.27 3.96578 43.119
      vertex 221.96 3.96578 56.6498
    endloop
  endfacet
  facet normal -0.0592038 -0.997864 -0.0276055
    outer loop
      vertex 228.27 3.96578 43.119
      vertex 221.487 4 56.4291
      vertex 227.899 4 42.6777
    endloop
  endfacet
  facet normal -0.176853 0.980776 -0.0824768
    outer loop
      vertex 228.634 -3.8637 43.5528
      vertex 221.96 -3.96578 56.6498
      vertex 222.425 -3.8637 56.8666
    endloop
  endfacet
  facet normal -0.176795 0.980788 -0.0824471
    outer loop
      vertex 221.96 -3.96578 56.6498
      vertex 228.634 -3.8637 43.5528
      vertex 228.27 -3.96578 43.119
    endloop
  endfacet
  facet normal 0.904355 0.0653767 0.421743
    outer loop
      vertex 109.136 -0.522104 4.03891
      vertex 109.558 0 3.05307
      vertex 109.105 0 4.02445
    endloop
  endfacet
  facet normal 0.904378 0.0652914 0.421708
    outer loop
      vertex 109.558 0 3.05307
      vertex 109.136 -0.522104 4.03891
      vertex 109.614 -0.522104 3.01381
    endloop
  endfacet
  facet normal -0.176853 -0.980776 -0.0824768
    outer loop
      vertex 221.96 3.96578 56.6498
      vertex 228.634 3.8637 43.5528
      vertex 222.425 3.8637 56.8666
    endloop
  endfacet
  facet normal -0.176795 -0.980788 -0.0824471
    outer loop
      vertex 228.634 3.8637 43.5528
      vertex 221.96 3.96578 56.6498
      vertex 228.27 3.96578 43.119
    endloop
  endfacet
  facet normal -0.904387 0.0649977 -0.421734
    outer loop
      vertex 225.081 -0.522104 58.1051
      vertex 230.736 0 46.0587
      vertex 230.712 -0.522104 46.0297
    endloop
  endfacet
  facet normal -0.90437 0.0654088 -0.421708
    outer loop
      vertex 230.736 0 46.0587
      vertex 225.081 -0.522104 58.1051
      vertex 225.112 0 58.1196
    endloop
  endfacet
  facet normal 0.681137 0.659677 0.317614
    outer loop
      vertex 110.167 -2.82843 4.51958
      vertex 110.912 -2.43505 2.10485
      vertex 109.854 -2.43505 4.37378
    endloop
  endfacet
  facet normal 0.681515 0.659263 0.317663
    outer loop
      vertex 110.912 -2.43505 2.10485
      vertex 110.167 -2.82843 4.51958
      vertex 111.477 -2.82843 1.7091
    endloop
  endfacet
  facet normal 0.0592929 0.997858 0.0276509
    outer loop
      vertex 112.73 -4 5.71492
      vertex 115.256 -3.96578 -0.936607
      vertex 112.257 -3.96578 5.49427
    endloop
  endfacet
  facet normal 0.0593124 0.997856 0.0276583
    outer loop
      vertex 115.256 -3.96578 -0.936607
      vertex 112.73 -4 5.71492
      vertex 116.111 -4 -1.53554
    endloop
  endfacet
  facet normal -0.889022 -0.194368 -0.414561
    outer loop
      vertex 230.712 0.522104 46.0297
      vertex 224.989 1.03528 58.062
      vertex 230.64 1.03528 45.9435
    endloop
  endfacet
  facet normal -0.889049 -0.194204 -0.414581
    outer loop
      vertex 224.989 1.03528 58.062
      vertex 230.712 0.522104 46.0297
      vertex 225.081 0.522104 58.1051
    endloop
  endfacet
  facet normal 0.503701 -0.831313 0.234953
    outer loop
      vertex 112.122 3.17341 1.25783
      vertex 110.917 3.4641 4.86968
      vertex 110.523 3.17341 4.68583
    endloop
  endfacet
  facet normal 0.504059 -0.831069 0.235052
    outer loop
      vertex 110.917 3.4641 4.86968
      vertex 112.122 3.17341 1.25783
      vertex 112.834 3.4641 0.758765
    endloop
  endfacet
  facet normal -0.812916 -0.442108 -0.379088
    outer loop
      vertex 230.52 1.53073 45.8013
      vertex 224.626 2 57.8931
      vertex 230.356 2 45.6057
    endloop
  endfacet
  facet normal -0.812682 -0.442655 -0.378953
    outer loop
      vertex 224.626 2 57.8931
      vertex 230.52 1.53073 45.8013
      vertex 224.836 1.53073 57.9909
    endloop
  endfacet
  facet normal 0.176848 0.980778 0.0824615
    outer loop
      vertex 112.257 -3.96578 5.49427
      vertex 114.415 -3.8637 -0.347922
      vertex 111.792 -3.8637 5.2774
    endloop
  endfacet
  facet normal 0.176744 0.9808 0.0824233
    outer loop
      vertex 114.415 -3.8637 -0.347922
      vertex 112.257 -3.96578 5.49427
      vertex 115.256 -3.96578 -0.936607
    endloop
  endfacet
  facet normal 0.889051 0.194235 0.414561
    outer loop
      vertex 109.228 -1.03528 4.08205
      vertex 109.614 -0.522104 3.01381
      vertex 109.136 -0.522104 4.03891
    endloop
  endfacet
  facet normal 0.888895 0.194647 0.414702
    outer loop
      vertex 109.614 -0.522104 3.01381
      vertex 109.228 -1.03528 4.08205
      vertex 109.781 -1.03528 2.89672
    endloop
  endfacet
  facet normal 0.503701 0.831313 0.234953
    outer loop
      vertex 110.917 -3.4641 4.86968
      vertex 112.122 -3.17341 1.25783
      vertex 110.523 -3.17341 4.68583
    endloop
  endfacet
  facet normal 0.504059 0.831069 0.235052
    outer loop
      vertex 112.122 -3.17341 1.25783
      vertex 110.917 -3.4641 4.86968
      vertex 112.834 -3.4641 0.758765
    endloop
  endfacet
  facet normal 0.681137 -0.659677 0.317614
    outer loop
      vertex 110.912 2.43505 2.10485
      vertex 110.167 2.82843 4.51958
      vertex 109.854 2.43505 4.37378
    endloop
  endfacet
  facet normal 0.681515 -0.659263 0.317663
    outer loop
      vertex 110.167 2.82843 4.51958
      vertex 110.912 2.43505 2.10485
      vertex 111.477 2.82843 1.7091
    endloop
  endfacet
  facet normal 0.400414 0.897109 0.186721
    outer loop
      vertex 111.343 -3.69552 5.06801
      vertex 112.834 -3.4641 0.758765
      vertex 110.917 -3.4641 4.86968
    endloop
  endfacet
  facet normal 0.400702 0.896961 0.186813
    outer loop
      vertex 112.834 -3.4641 0.758765
      vertex 111.343 -3.69552 5.06801
      vertex 113.603 -3.69552 0.220444
    endloop
  endfacet
  facet normal -0.0592905 0.997858 -0.0276497
    outer loop
      vertex 228.27 -3.96578 43.119
      vertex 221.487 -4 56.4291
      vertex 221.96 -3.96578 56.6498
    endloop
  endfacet
  facet normal -0.0592038 0.997864 -0.0276055
    outer loop
      vertex 221.487 -4 56.4291
      vertex 228.27 -3.96578 43.119
      vertex 227.899 -4 42.6777
    endloop
  endfacet
  facet normal -0.681144 -0.659665 -0.317623
    outer loop
      vertex 230.15 2.43505 45.36
      vertex 224.05 2.82843 57.6245
      vertex 229.905 2.82843 45.0684
    endloop
  endfacet
  facet normal -0.681135 -0.659677 -0.317617
    outer loop
      vertex 224.05 2.82843 57.6245
      vertex 230.15 2.43505 45.36
      vertex 224.363 2.43505 57.7703
    endloop
  endfacet
  facet normal 0.0592929 -0.997858 0.0276509
    outer loop
      vertex 115.256 3.96578 -0.936607
      vertex 112.73 4 5.71492
      vertex 112.257 3.96578 5.49427
    endloop
  endfacet
  facet normal 0.0593124 -0.997856 0.0276583
    outer loop
      vertex 112.73 4 5.71492
      vertex 115.256 3.96578 -0.936607
      vertex 116.111 4 -1.53554
    endloop
  endfacet
  facet normal 0.400414 -0.897109 0.186721
    outer loop
      vertex 112.834 3.4641 0.758765
      vertex 111.343 3.69552 5.06801
      vertex 110.917 3.4641 4.86968
    endloop
  endfacet
  facet normal 0.400702 -0.896961 0.186813
    outer loop
      vertex 111.343 3.69552 5.06801
      vertex 112.834 3.4641 0.758765
      vertex 113.603 3.69552 0.220444
    endloop
  endfacet
  facet normal -0.681144 0.659665 -0.317623
    outer loop
      vertex 224.05 -2.82843 57.6245
      vertex 230.15 -2.43505 45.36
      vertex 229.905 -2.82843 45.0684
    endloop
  endfacet
  facet normal -0.681135 0.659677 -0.317617
    outer loop
      vertex 230.15 -2.43505 45.36
      vertex 224.05 -2.82843 57.6245
      vertex 224.363 -2.43505 57.7703
    endloop
  endfacet
  facet normal 0.857859 -0.322334 0.400223
    outer loop
      vertex 109.781 1.03528 2.89672
      vertex 109.381 1.53073 4.15313
      vertex 109.228 1.03528 4.08205
    endloop
  endfacet
  facet normal 0.857967 -0.322112 0.40017
    outer loop
      vertex 109.381 1.53073 4.15313
      vertex 109.781 1.03528 2.89672
      vertex 110.057 1.53073 2.70378
    endloop
  endfacet
  facet normal -0.857859 -0.322587 -0.400019
    outer loop
      vertex 230.64 1.03528 45.9435
      vertex 224.836 1.53073 57.9909
      vertex 230.52 1.53073 45.8013
    endloop
  endfacet
  facet normal -0.857929 -0.322348 -0.400062
    outer loop
      vertex 224.836 1.53073 57.9909
      vertex 230.64 1.03528 45.9435
      vertex 224.989 1.03528 58.062
    endloop
  endfacet
  facet normal -0.857859 0.322587 -0.400019
    outer loop
      vertex 224.836 -1.53073 57.9909
      vertex 230.64 -1.03528 45.9435
      vertex 230.52 -1.53073 45.8013
    endloop
  endfacet
  facet normal -0.857929 0.322348 -0.400062
    outer loop
      vertex 230.64 -1.03528 45.9435
      vertex 224.836 -1.53073 57.9909
      vertex 224.989 -1.03528 58.062
    endloop
  endfacet
  facet normal 0.813268 0.441261 0.379321
    outer loop
      vertex 109.59 -2 4.25093
      vertex 110.057 -1.53073 2.70378
      vertex 109.381 -1.53073 4.15313
    endloop
  endfacet
  facet normal 0.812889 0.441891 0.379398
    outer loop
      vertex 110.057 -1.53073 2.70378
      vertex 109.59 -2 4.25093
      vertex 110.436 -2 2.43831
    endloop
  endfacet
  facet normal -0.889022 0.194368 -0.414561
    outer loop
      vertex 224.989 -1.03528 58.062
      vertex 230.712 -0.522104 46.0297
      vertex 230.64 -1.03528 45.9435
    endloop
  endfacet
  facet normal -0.889049 0.194204 -0.414581
    outer loop
      vertex 230.712 -0.522104 46.0297
      vertex 224.989 -1.03528 58.062
      vertex 225.081 -0.522104 58.1051
    endloop
  endfacet
  facet normal 0.753052 0.556221 0.35147
    outer loop
      vertex 109.854 -2.43505 4.37378
      vertex 110.436 -2 2.43831
      vertex 109.59 -2 4.25093
    endloop
  endfacet
  facet normal 0.753739 0.555291 0.351468
    outer loop
      vertex 110.436 -2 2.43831
      vertex 109.854 -2.43505 4.37378
      vertex 110.912 -2.43505 2.10485
    endloop
  endfacet
  facet normal -0.753691 0.555366 -0.351451
    outer loop
      vertex 224.363 -2.43505 57.7703
      vertex 230.356 -2 45.6057
      vertex 230.15 -2.43505 45.36
    endloop
  endfacet
  facet normal -0.753908 0.554996 -0.351571
    outer loop
      vertex 230.356 -2 45.6057
      vertex 224.363 -2.43505 57.7703
      vertex 224.626 -2 57.8931
    endloop
  endfacet
  facet normal 0.291343 0.946927 0.135828
    outer loop
      vertex 111.792 -3.8637 5.2774
      vertex 113.603 -3.69552 0.220444
      vertex 111.343 -3.69552 5.06801
    endloop
  endfacet
  facet normal 0.291171 0.946988 0.135768
    outer loop
      vertex 113.603 -3.69552 0.220444
      vertex 111.792 -3.8637 5.2774
      vertex 114.415 -3.8637 -0.347922
    endloop
  endfacet
  facet normal 0.857859 0.322334 0.400223
    outer loop
      vertex 109.381 -1.53073 4.15313
      vertex 109.781 -1.03528 2.89672
      vertex 109.228 -1.03528 4.08205
    endloop
  endfacet
  facet normal 0.857967 0.322112 0.40017
    outer loop
      vertex 109.781 -1.03528 2.89672
      vertex 109.381 -1.53073 4.15313
      vertex 110.057 -1.53073 2.70378
    endloop
  endfacet
  facet normal 0.904355 -0.0653767 0.421743
    outer loop
      vertex 109.558 0 3.05307
      vertex 109.136 0.522104 4.03891
      vertex 109.105 0 4.02445
    endloop
  endfacet
  facet normal 0.904378 -0.0652914 0.421708
    outer loop
      vertex 109.136 0.522104 4.03891
      vertex 109.558 0 3.05307
      vertex 109.614 0.522104 3.01381
    endloop
  endfacet
  facet normal -0.50372 0.831326 -0.234869
    outer loop
      vertex 229.626 -3.17341 44.7359
      vertex 223.3 -3.4641 57.2743
      vertex 223.694 -3.17341 57.4582
    endloop
  endfacet
  facet normal -0.50393 0.831167 -0.234978
    outer loop
      vertex 223.3 -3.4641 57.2743
      vertex 229.626 -3.17341 44.7359
      vertex 229.318 -3.4641 44.3682
    endloop
  endfacet
  facet normal -0.400427 0.897104 -0.186716
    outer loop
      vertex 229.318 -3.4641 44.3682
      vertex 222.874 -3.69552 57.076
      vertex 223.3 -3.4641 57.2743
    endloop
  endfacet
  facet normal -0.400748 0.896926 -0.186882
    outer loop
      vertex 222.874 -3.69552 57.076
      vertex 229.318 -3.4641 44.3682
      vertex 228.985 -3.69552 43.9716
    endloop
  endfacet
  facet normal 0.813268 -0.441261 0.379321
    outer loop
      vertex 110.057 1.53073 2.70378
      vertex 109.59 2 4.25093
      vertex 109.381 1.53073 4.15313
    endloop
  endfacet
  facet normal 0.812889 -0.441891 0.379398
    outer loop
      vertex 109.59 2 4.25093
      vertex 110.057 1.53073 2.70378
      vertex 110.436 2 2.43831
    endloop
  endfacet
  facet normal -0.291328 0.946927 -0.135855
    outer loop
      vertex 228.985 -3.69552 43.9716
      vertex 222.425 -3.8637 56.8666
      vertex 222.874 -3.69552 57.076
    endloop
  endfacet
  facet normal -0.291489 0.946866 -0.135939
    outer loop
      vertex 222.425 -3.8637 56.8666
      vertex 228.985 -3.69552 43.9716
      vertex 228.634 -3.8637 43.5528
    endloop
  endfacet
  facet normal 0.598017 -0.75145 0.278743
    outer loop
      vertex 111.477 2.82843 1.7091
      vertex 110.523 3.17341 4.68583
      vertex 110.167 2.82843 4.51958
    endloop
  endfacet
  facet normal 0.597195 -0.75217 0.278563
    outer loop
      vertex 110.523 3.17341 4.68583
      vertex 111.477 2.82843 1.7091
      vertex 112.122 3.17341 1.25783
    endloop
  endfacet
  facet normal 0.291343 -0.946927 0.135828
    outer loop
      vertex 113.603 3.69552 0.220444
      vertex 111.792 3.8637 5.2774
      vertex 111.343 3.69552 5.06801
    endloop
  endfacet
  facet normal 0.291171 -0.946988 0.135768
    outer loop
      vertex 111.792 3.8637 5.2774
      vertex 113.603 3.69552 0.220444
      vertex 114.415 3.8637 -0.347922
    endloop
  endfacet
  facet normal 0.176848 -0.980778 0.0824615
    outer loop
      vertex 114.415 3.8637 -0.347922
      vertex 112.257 3.96578 5.49427
      vertex 111.792 3.8637 5.2774
    endloop
  endfacet
  facet normal 0.176744 -0.9808 0.0824233
    outer loop
      vertex 112.257 3.96578 5.49427
      vertex 114.415 3.8637 -0.347922
      vertex 115.256 3.96578 -0.936607
    endloop
  endfacet
  facet normal -0.889075 -0.194129 -0.41456
    outer loop
      vertex 124.67 0.261052 -15.1985
      vertex 123.21 0.517637 -12.1875
      vertex 124.624 0.517637 -15.22
    endloop
  endfacet
  facet normal -0.889359 -0.192165 -0.414865
    outer loop
      vertex 123.21 0.517637 -12.1875
      vertex 124.67 0.261052 -15.1985
      vertex 123.218 0.261052 -12.0858
    endloop
  endfacet
  facet normal -0.904405 -0.0637644 -0.421883
    outer loop
      vertex 124.685 0 -15.1912
      vertex 123.218 0.261052 -12.0858
      vertex 124.67 0.261052 -15.1985
    endloop
  endfacet
  facet normal -0.90436 -0.0654799 -0.421718
    outer loop
      vertex 123.218 0.261052 -12.0858
      vertex 124.685 0 -15.1912
      vertex 123.221 0 -12.0517
    endloop
  endfacet
  facet normal -0.0593944 -0.997851 -0.0276826
    outer loop
      vertex 123.109 1.98289 -15.9261
      vertex 122.918 1.98289 -15.5163
      vertex 122.873 2 -16.0365
    endloop
  endfacet
  facet normal 0.177053 -0.98073 0.0825884
    outer loop
      vertex 122.404 1.93185 -16.2552
      vertex 122.445 1.98289 -15.737
      vertex 122.025 1.93185 -15.4427
    endloop
  endfacet
  facet normal 0.177173 -0.980709 0.0825769
    outer loop
      vertex 122.445 1.98289 -15.737
      vertex 122.404 1.93185 -16.2552
      vertex 122.636 1.98289 -16.1468
    endloop
  endfacet
  facet normal -0.503455 0.831531 -0.23471
    outer loop
      vertex 123.976 -1.58671 -15.5219
      vertex 123.047 -1.73205 -14.0441
      vertex 123.085 -1.58671 -13.6107
    endloop
  endfacet
  facet normal -0.50373 0.83131 -0.234905
    outer loop
      vertex 123.047 -1.73205 -14.0441
      vertex 123.976 -1.58671 -15.5219
      vertex 123.779 -1.73205 -15.6138
    endloop
  endfacet
  facet normal 0.813543 -0.440857 0.379201
    outer loop
      vertex 121.198 0.765367 -16.8174
      vertex 120.035 1 -14.0495
      vertex 119.846 0.765367 -13.9168
    endloop
  endfacet
  facet normal 0.812665 -0.442658 0.378985
    outer loop
      vertex 120.035 1 -14.0495
      vertex 121.198 0.765367 -16.8174
      vertex 121.303 1 -16.7685
    endloop
  endfacet
  facet normal 0.858013 -0.322124 0.400063
    outer loop
      vertex 121.122 0.517637 -16.8529
      vertex 119.846 0.765367 -13.9168
      vertex 119.708 0.517637 -13.8203
    endloop
  endfacet
  facet normal 0.858497 -0.320717 0.400154
    outer loop
      vertex 119.846 0.765367 -13.9168
      vertex 121.122 0.517637 -16.8529
      vertex 121.198 0.765367 -16.8174
    endloop
  endfacet
  facet normal 0.813543 0.440857 0.379201
    outer loop
      vertex 120.035 -1 -14.0495
      vertex 121.198 -0.765367 -16.8174
      vertex 119.846 -0.765367 -13.9168
    endloop
  endfacet
  facet normal 0.812665 0.442658 0.378985
    outer loop
      vertex 121.198 -0.765367 -16.8174
      vertex 120.035 -1 -14.0495
      vertex 121.303 -1 -16.7685
    endloop
  endfacet
  facet normal 0.291136 -0.947008 0.135705
    outer loop
      vertex 122.179 1.84776 -16.3599
      vertex 122.025 1.93185 -15.4427
      vertex 121.619 1.84776 -15.1585
    endloop
  endfacet
  facet normal 0.290836 -0.947106 0.135664
    outer loop
      vertex 122.025 1.93185 -15.4427
      vertex 122.179 1.84776 -16.3599
      vertex 122.404 1.93185 -16.2552
    endloop
  endfacet
  facet normal -0.904405 0.0637644 -0.421883
    outer loop
      vertex 123.218 -0.261052 -12.0858
      vertex 124.685 0 -15.1912
      vertex 124.67 -0.261052 -15.1985
    endloop
  endfacet
  facet normal -0.90436 0.0654799 -0.421718
    outer loop
      vertex 124.685 0 -15.1912
      vertex 123.218 -0.261052 -12.0858
      vertex 123.221 0 -12.0517
    endloop
  endfacet
  facet normal 0.858013 0.322124 0.400063
    outer loop
      vertex 119.846 -0.765367 -13.9168
      vertex 121.122 -0.517637 -16.8529
      vertex 119.708 -0.517637 -13.8203
    endloop
  endfacet
  facet normal 0.858497 0.320717 0.400154
    outer loop
      vertex 121.122 -0.517637 -16.8529
      vertex 119.846 -0.765367 -13.9168
      vertex 121.198 -0.765367 -16.8174
    endloop
  endfacet
  facet normal 0.753783 -0.555195 0.351525
    outer loop
      vertex 121.303 1 -16.7685
      vertex 120.273 1.21752 -14.2163
      vertex 120.035 1 -14.0495
    endloop
  endfacet
  facet normal 0.753051 -0.556313 0.351325
    outer loop
      vertex 120.273 1.21752 -14.2163
      vertex 121.303 1 -16.7685
      vertex 121.435 1.21752 -16.707
    endloop
  endfacet
  facet normal 0.888599 -0.196401 0.41451
    outer loop
      vertex 121.076 0.261052 -16.8745
      vertex 119.708 0.517637 -13.8203
      vertex 119.624 0.261052 -13.7618
    endloop
  endfacet
  facet normal 0.889052 -0.194284 0.414535
    outer loop
      vertex 119.708 0.517637 -13.8203
      vertex 121.076 0.261052 -16.8745
      vertex 121.122 0.517637 -16.8529
    endloop
  endfacet
  facet normal -0.857494 0.323965 -0.399687
    outer loop
      vertex 123.195 -0.765367 -12.355
      vertex 124.624 -0.517637 -15.22
      vertex 124.547 -0.765367 -15.2556
    endloop
  endfacet
  facet normal -0.857916 0.322423 -0.400031
    outer loop
      vertex 124.624 -0.517637 -15.22
      vertex 123.195 -0.765367 -12.355
      vertex 123.21 -0.517637 -12.1875
    endloop
  endfacet
  facet normal -0.597762 0.751575 -0.278956
    outer loop
      vertex 124.155 -1.41421 -15.4388
      vertex 123.085 -1.58671 -13.6107
      vertex 123.119 -1.41421 -13.2188
    endloop
  endfacet
  facet normal -0.59648 0.752917 -0.278078
    outer loop
      vertex 123.085 -1.58671 -13.6107
      vertex 124.155 -1.41421 -15.4388
      vertex 123.976 -1.58671 -15.5219
    endloop
  endfacet
  facet normal -0.291611 -0.94683 -0.135926
    outer loop
      vertex 122.963 1.93185 -15.0051
      vertex 123.566 1.84776 -15.713
      vertex 123.006 1.84776 -14.5116
    endloop
  endfacet
  facet normal -0.291798 -0.946748 -0.136096
    outer loop
      vertex 123.566 1.84776 -15.713
      vertex 122.963 1.93185 -15.0051
      vertex 123.342 1.93185 -15.8177
    endloop
  endfacet
  facet normal 0.68075 0.660085 0.317594
    outer loop
      vertex 120.556 -1.41421 -14.4141
      vertex 121.435 -1.21752 -16.707
      vertex 120.273 -1.21752 -14.2163
    endloop
  endfacet
  facet normal 0.681937 0.658698 0.31793
    outer loop
      vertex 121.435 -1.21752 -16.707
      vertex 120.556 -1.41421 -14.4141
      vertex 121.591 -1.41421 -16.6341
    endloop
  endfacet
  facet normal 0.597981 -0.751463 0.278788
    outer loop
      vertex 121.591 1.41421 -16.6341
      vertex 120.878 1.58671 -14.6398
      vertex 120.556 1.41421 -14.4141
    endloop
  endfacet
  facet normal 0.598035 -0.751414 0.278804
    outer loop
      vertex 120.878 1.58671 -14.6398
      vertex 121.591 1.41421 -16.6341
      vertex 121.769 1.58671 -16.551
    endloop
  endfacet
  facet normal 0.904368 -0.0653378 0.421722
    outer loop
      vertex 121.06 0 -16.8817
      vertex 119.624 0.261052 -13.7618
      vertex 119.596 0 -13.7422
    endloop
  endfacet
  facet normal 0.90421 -0.0670528 0.421792
    outer loop
      vertex 119.624 0.261052 -13.7618
      vertex 121.06 0 -16.8817
      vertex 121.076 0.261052 -16.8745
    endloop
  endfacet
  facet normal -0.503455 -0.831531 -0.23471
    outer loop
      vertex 123.047 1.73205 -14.0441
      vertex 123.976 1.58671 -15.5219
      vertex 123.085 1.58671 -13.6107
    endloop
  endfacet
  facet normal -0.50373 -0.83131 -0.234905
    outer loop
      vertex 123.976 1.58671 -15.5219
      vertex 123.047 1.73205 -14.0441
      vertex 123.779 1.73205 -15.6138
    endloop
  endfacet
  facet normal -0.753124 0.556202 -0.351345
    outer loop
      vertex 123.149 -1.21752 -12.8751
      vertex 124.443 -1 -15.3045
      vertex 124.311 -1.21752 -15.3659
    endloop
  endfacet
  facet normal -0.752563 0.557206 -0.350956
    outer loop
      vertex 124.443 -1 -15.3045
      vertex 123.149 -1.21752 -12.8751
      vertex 123.175 -1 -12.5855
    endloop
  endfacet
  facet normal -0.753124 -0.556202 -0.351345
    outer loop
      vertex 124.443 1 -15.3045
      vertex 123.149 1.21752 -12.8751
      vertex 124.311 1.21752 -15.3659
    endloop
  endfacet
  facet normal -0.752563 -0.557206 -0.350956
    outer loop
      vertex 123.149 1.21752 -12.8751
      vertex 124.443 1 -15.3045
      vertex 123.175 1 -12.5855
    endloop
  endfacet
  facet normal 0.68075 -0.660085 0.317594
    outer loop
      vertex 121.435 1.21752 -16.707
      vertex 120.556 1.41421 -14.4141
      vertex 120.273 1.21752 -14.2163
    endloop
  endfacet
  facet normal 0.681937 -0.658698 0.31793
    outer loop
      vertex 120.556 1.41421 -14.4141
      vertex 121.435 1.21752 -16.707
      vertex 121.591 1.41421 -16.6341
    endloop
  endfacet
  facet normal -0.291611 0.94683 -0.135926
    outer loop
      vertex 123.566 -1.84776 -15.713
      vertex 122.963 -1.93185 -15.0051
      vertex 123.006 -1.84776 -14.5116
    endloop
  endfacet
  facet normal -0.291798 0.946748 -0.136096
    outer loop
      vertex 122.963 -1.93185 -15.0051
      vertex 123.566 -1.84776 -15.713
      vertex 123.342 -1.93185 -15.8177
    endloop
  endfacet
  facet normal -0.681819 -0.658698 -0.318182
    outer loop
      vertex 124.311 1.21752 -15.3659
      vertex 123.119 1.41421 -13.2188
      vertex 124.155 1.41421 -15.4388
    endloop
  endfacet
  facet normal -0.68134 -0.65935 -0.317857
    outer loop
      vertex 123.119 1.41421 -13.2188
      vertex 124.311 1.21752 -15.3659
      vertex 123.149 1.21752 -12.8751
    endloop
  endfacet
  facet normal -0.0593944 0.997851 -0.0276826
    outer loop
      vertex 122.918 -1.98289 -15.5163
      vertex 123.109 -1.98289 -15.9261
      vertex 122.873 -2 -16.0365
    endloop
  endfacet
  facet normal -0.597762 -0.751575 -0.278956
    outer loop
      vertex 123.085 1.58671 -13.6107
      vertex 124.155 1.41421 -15.4388
      vertex 123.119 1.41421 -13.2188
    endloop
  endfacet
  facet normal -0.59648 -0.752917 -0.278078
    outer loop
      vertex 124.155 1.41421 -15.4388
      vertex 123.085 1.58671 -13.6107
      vertex 123.976 1.58671 -15.5219
    endloop
  endfacet
  facet normal 0.904368 0.0653378 0.421722
    outer loop
      vertex 119.624 -0.261052 -13.7618
      vertex 121.06 0 -16.8817
      vertex 119.596 0 -13.7422
    endloop
  endfacet
  facet normal 0.90421 0.0670528 0.421792
    outer loop
      vertex 121.06 0 -16.8817
      vertex 119.624 -0.261052 -13.7618
      vertex 121.076 -0.261052 -16.8745
    endloop
  endfacet
  facet normal 0.598035 0.751414 0.278804
    outer loop
      vertex 121.591 -1.41421 -16.6341
      vertex 120.878 -1.58671 -14.6398
      vertex 121.769 -1.58671 -16.551
    endloop
  endfacet
  facet normal 0.597981 0.751463 0.278788
    outer loop
      vertex 120.878 -1.58671 -14.6398
      vertex 121.591 -1.41421 -16.6341
      vertex 120.556 -1.41421 -14.4141
    endloop
  endfacet
  facet normal 0.502539 -0.832205 0.234283
    outer loop
      vertex 121.769 1.58671 -16.551
      vertex 121.235 1.73205 -14.8893
      vertex 120.878 1.58671 -14.6398
    endloop
  endfacet
  facet normal 0.503859 -0.83131 0.234629
    outer loop
      vertex 121.235 1.73205 -14.8893
      vertex 121.769 1.58671 -16.551
      vertex 121.966 1.73205 -16.4591
    endloop
  endfacet
  facet normal -0.813909 -0.439867 -0.379565
    outer loop
      vertex 124.547 0.765367 -15.2556
      vertex 123.175 1 -12.5855
      vertex 124.443 1 -15.3045
    endloop
  endfacet
  facet normal -0.81318 -0.44167 -0.379032
    outer loop
      vertex 123.175 1 -12.5855
      vertex 124.547 0.765367 -15.2556
      vertex 123.195 0.765367 -12.355
    endloop
  endfacet
  facet normal 0.0591989 0.997865 0.0275915
    outer loop
      vertex 122.873 -2 -16.0365
      vertex 122.636 -1.98289 -16.1468
      vertex 122.445 -1.98289 -15.737
    endloop
  endfacet
  facet normal -0.176629 0.980824 -0.0823806
    outer loop
      vertex 123.342 -1.93185 -15.8177
      vertex 122.918 -1.98289 -15.5163
      vertex 122.963 -1.93185 -15.0051
    endloop
  endfacet
  facet normal -0.176572 0.980841 -0.0822967
    outer loop
      vertex 122.918 -1.98289 -15.5163
      vertex 123.342 -1.93185 -15.8177
      vertex 123.109 -1.98289 -15.9261
    endloop
  endfacet
  facet normal -0.400703 -0.89695 -0.18686
    outer loop
      vertex 123.006 1.84776 -14.5116
      vertex 123.779 1.73205 -15.6138
      vertex 123.047 1.73205 -14.0441
    endloop
  endfacet
  facet normal -0.400424 -0.89712 -0.186647
    outer loop
      vertex 123.779 1.73205 -15.6138
      vertex 123.006 1.84776 -14.5116
      vertex 123.566 1.84776 -15.713
    endloop
  endfacet
  facet normal -0.813909 0.439867 -0.379565
    outer loop
      vertex 123.175 -1 -12.5855
      vertex 124.547 -0.765367 -15.2556
      vertex 124.443 -1 -15.3045
    endloop
  endfacet
  facet normal -0.81318 0.44167 -0.379032
    outer loop
      vertex 124.547 -0.765367 -15.2556
      vertex 123.175 -1 -12.5855
      vertex 123.195 -0.765367 -12.355
    endloop
  endfacet
  facet normal -0.889075 0.194129 -0.41456
    outer loop
      vertex 123.21 -0.517637 -12.1875
      vertex 124.67 -0.261052 -15.1985
      vertex 124.624 -0.517637 -15.22
    endloop
  endfacet
  facet normal -0.889359 0.192165 -0.414865
    outer loop
      vertex 124.67 -0.261052 -15.1985
      vertex 123.21 -0.517637 -12.1875
      vertex 123.218 -0.261052 -12.0858
    endloop
  endfacet
  facet normal 0.888599 0.196401 0.41451
    outer loop
      vertex 119.708 -0.517637 -13.8203
      vertex 121.076 -0.261052 -16.8745
      vertex 119.624 -0.261052 -13.7618
    endloop
  endfacet
  facet normal 0.889052 0.194284 0.414535
    outer loop
      vertex 121.076 -0.261052 -16.8745
      vertex 119.708 -0.517637 -13.8203
      vertex 121.122 -0.517637 -16.8529
    endloop
  endfacet
  facet normal 0.177173 0.980709 0.0825769
    outer loop
      vertex 122.404 -1.93185 -16.2552
      vertex 122.445 -1.98289 -15.737
      vertex 122.636 -1.98289 -16.1468
    endloop
  endfacet
  facet normal 0.177053 0.98073 0.0825884
    outer loop
      vertex 122.445 -1.98289 -15.737
      vertex 122.404 -1.93185 -16.2552
      vertex 122.025 -1.93185 -15.4427
    endloop
  endfacet
  facet normal -0.176629 -0.980824 -0.0823806
    outer loop
      vertex 122.918 1.98289 -15.5163
      vertex 123.342 1.93185 -15.8177
      vertex 122.963 1.93185 -15.0051
    endloop
  endfacet
  facet normal -0.176572 -0.980841 -0.0822967
    outer loop
      vertex 123.342 1.93185 -15.8177
      vertex 122.918 1.98289 -15.5163
      vertex 123.109 1.98289 -15.9261
    endloop
  endfacet
  facet normal -0.857494 -0.323965 -0.399687
    outer loop
      vertex 124.624 0.517637 -15.22
      vertex 123.195 0.765367 -12.355
      vertex 124.547 0.765367 -15.2556
    endloop
  endfacet
  facet normal -0.857916 -0.322423 -0.400031
    outer loop
      vertex 123.195 0.765367 -12.355
      vertex 124.624 0.517637 -15.22
      vertex 123.21 0.517637 -12.1875
    endloop
  endfacet
  facet normal -0.400703 0.89695 -0.18686
    outer loop
      vertex 123.779 -1.73205 -15.6138
      vertex 123.006 -1.84776 -14.5116
      vertex 123.047 -1.73205 -14.0441
    endloop
  endfacet
  facet normal -0.400424 0.89712 -0.186647
    outer loop
      vertex 123.006 -1.84776 -14.5116
      vertex 123.779 -1.73205 -15.6138
      vertex 123.566 -1.84776 -15.713
    endloop
  endfacet
  facet normal -0.681819 0.658698 -0.318182
    outer loop
      vertex 123.119 -1.41421 -13.2188
      vertex 124.311 -1.21752 -15.3659
      vertex 124.155 -1.41421 -15.4388
    endloop
  endfacet
  facet normal -0.68134 0.65935 -0.317857
    outer loop
      vertex 124.311 -1.21752 -15.3659
      vertex 123.119 -1.41421 -13.2188
      vertex 123.149 -1.21752 -12.8751
    endloop
  endfacet
  facet normal 0.753783 0.555195 0.351525
    outer loop
      vertex 120.273 -1.21752 -14.2163
      vertex 121.303 -1 -16.7685
      vertex 120.035 -1 -14.0495
    endloop
  endfacet
  facet normal 0.753051 0.556313 0.351325
    outer loop
      vertex 121.303 -1 -16.7685
      vertex 120.273 -1.21752 -14.2163
      vertex 121.435 -1.21752 -16.707
    endloop
  endfacet
  facet normal 0.0591989 -0.997865 0.0275915
    outer loop
      vertex 122.636 1.98289 -16.1468
      vertex 122.873 2 -16.0365
      vertex 122.445 1.98289 -15.737
    endloop
  endfacet
  facet normal 0.290836 0.947106 0.135664
    outer loop
      vertex 122.179 -1.84776 -16.3599
      vertex 122.025 -1.93185 -15.4427
      vertex 122.404 -1.93185 -16.2552
    endloop
  endfacet
  facet normal 0.291136 0.947008 0.135705
    outer loop
      vertex 122.025 -1.93185 -15.4427
      vertex 122.179 -1.84776 -16.3599
      vertex 121.619 -1.84776 -15.1585
    endloop
  endfacet
  facet normal 0.40118 -0.896747 0.186815
    outer loop
      vertex 121.966 1.73205 -16.4591
      vertex 121.619 1.84776 -15.1585
      vertex 121.235 1.73205 -14.8893
    endloop
  endfacet
  facet normal 0.400424 -0.89712 0.186647
    outer loop
      vertex 121.619 1.84776 -15.1585
      vertex 121.966 1.73205 -16.4591
      vertex 122.179 1.84776 -16.3599
    endloop
  endfacet
  facet normal 0.400424 0.89712 0.186647
    outer loop
      vertex 121.966 -1.73205 -16.4591
      vertex 121.619 -1.84776 -15.1585
      vertex 122.179 -1.84776 -16.3599
    endloop
  endfacet
  facet normal 0.40118 0.896747 0.186815
    outer loop
      vertex 121.619 -1.84776 -15.1585
      vertex 121.966 -1.73205 -16.4591
      vertex 121.235 -1.73205 -14.8893
    endloop
  endfacet
  facet normal 0.503859 0.83131 0.234629
    outer loop
      vertex 121.769 -1.58671 -16.551
      vertex 121.235 -1.73205 -14.8893
      vertex 121.966 -1.73205 -16.4591
    endloop
  endfacet
  facet normal 0.502539 0.832205 0.234283
    outer loop
      vertex 121.235 -1.73205 -14.8893
      vertex 121.769 -1.58671 -16.551
      vertex 120.878 -1.58671 -14.6398
    endloop
  endfacet
  facet normal -0.059479 0.997851 -0.0275016
    outer loop
      vertex 231.815 -1.98289 34.8984
      vertex 231.866 -1.98289 34.7881
      vertex 231.63 -2 34.6777
    endloop
  endfacet
  facet normal -0.888938 -0.194129 -0.414852
    outer loop
      vertex 233.427 0.261052 35.5157
      vertex 233 0.517637 36.3106
      vertex 233.381 0.517637 35.4942
    endloop
  endfacet
  facet normal -0.888924 -0.19439 -0.414761
    outer loop
      vertex 233 0.517637 36.3106
      vertex 233.427 0.261052 35.5157
      vertex 233.036 0.261052 36.3537
    endloop
  endfacet
  facet normal -0.904367 -0.0637645 -0.421966
    outer loop
      vertex 233.442 0 35.523
      vertex 233.036 0.261052 36.3537
      vertex 233.427 0.261052 35.5157
    endloop
  endfacet
  facet normal -0.904442 -0.0649937 -0.421616
    outer loop
      vertex 233.036 0.261052 36.3537
      vertex 233.442 0 35.523
      vertex 233.048 0 36.3682
    endloop
  endfacet
  facet normal -0.888938 0.194129 -0.414852
    outer loop
      vertex 233 -0.517637 36.3106
      vertex 233.427 -0.261052 35.5157
      vertex 233.381 -0.517637 35.4942
    endloop
  endfacet
  facet normal -0.888924 0.19439 -0.414761
    outer loop
      vertex 233.427 -0.261052 35.5157
      vertex 233 -0.517637 36.3106
      vertex 233.036 -0.261052 36.3537
    endloop
  endfacet
  facet normal -0.857488 0.323965 -0.3997
    outer loop
      vertex 232.94 -0.765367 36.2395
      vertex 233.381 -0.517637 35.4942
      vertex 233.304 -0.765367 35.4586
    endloop
  endfacet
  facet normal -0.857722 0.322623 -0.400284
    outer loop
      vertex 233.381 -0.517637 35.4942
      vertex 232.94 -0.765367 36.2395
      vertex 233 -0.517637 36.3106
    endloop
  endfacet
  facet normal 0.177135 0.980709 0.0826584
    outer loop
      vertex 231.161 -1.93185 34.459
      vertex 230.895 -1.98289 35.6346
      vertex 231.393 -1.98289 34.5674
    endloop
  endfacet
  facet normal 0.17729 0.980679 0.0826921
    outer loop
      vertex 230.895 -1.98289 35.6346
      vertex 231.161 -1.93185 34.459
      vertex 230.174 -1.93185 36.5751
    endloop
  endfacet
  facet normal 0.291109 -0.947011 0.135743
    outer loop
      vertex 230.936 1.84776 34.3543
      vertex 230.174 1.93185 36.5751
      vertex 229.477 1.84776 37.4832
    endloop
  endfacet
  facet normal 0.29084 -0.947106 0.135655
    outer loop
      vertex 230.174 1.93185 36.5751
      vertex 230.936 1.84776 34.3543
      vertex 231.161 1.93185 34.459
    endloop
  endfacet
  facet normal 0.503224 -0.831685 0.234662
    outer loop
      vertex 230.526 1.58671 34.1632
      vertex 228.817 1.73205 38.3432
      vertex 228.205 1.58671 39.1405
    endloop
  endfacet
  facet normal 0.503749 -0.83131 0.234864
    outer loop
      vertex 228.817 1.73205 38.3432
      vertex 230.526 1.58671 34.1632
      vertex 230.723 1.73205 34.2551
    endloop
  endfacet
  facet normal -0.813639 -0.439867 -0.380143
    outer loop
      vertex 233.304 0.765367 35.4586
      vertex 232.858 1 36.1417
      vertex 233.2 1 35.4097
    endloop
  endfacet
  facet normal -0.81299 -0.442083 -0.378958
    outer loop
      vertex 232.858 1 36.1417
      vertex 233.304 0.765367 35.4586
      vertex 232.94 0.765367 36.2395
    endloop
  endfacet
  facet normal -0.176817 0.980786 -0.0824283
    outer loop
      vertex 232.099 -1.93185 34.8965
      vertex 231.815 -1.98289 34.8984
      vertex 231.997 -1.93185 35.1153
    endloop
  endfacet
  facet normal -0.176822 0.980841 -0.0817582
    outer loop
      vertex 231.815 -1.98289 34.8984
      vertex 232.099 -1.93185 34.8965
      vertex 231.866 -1.98289 34.7881
    endloop
  endfacet
  facet normal -0.401391 0.896599 -0.187069
    outer loop
      vertex 232.536 -1.73205 35.1003
      vertex 232.173 -1.84776 35.3246
      vertex 232.339 -1.73205 35.523
    endloop
  endfacet
  facet normal -0.400835 0.897088 -0.185916
    outer loop
      vertex 232.173 -1.84776 35.3246
      vertex 232.536 -1.73205 35.1003
      vertex 232.323 -1.84776 35.0012
    endloop
  endfacet
  facet normal -0.291593 0.946933 -0.135247
    outer loop
      vertex 232.323 -1.84776 35.0012
      vertex 231.997 -1.93185 35.1153
      vertex 232.173 -1.84776 35.3246
    endloop
  endfacet
  facet normal -0.291823 0.946748 -0.136042
    outer loop
      vertex 231.997 -1.93185 35.1153
      vertex 232.323 -1.84776 35.0012
      vertex 232.099 -1.93185 34.8965
    endloop
  endfacet
  facet normal -0.503893 0.831169 -0.235052
    outer loop
      vertex 232.733 -1.58671 35.1923
      vertex 232.339 -1.73205 35.523
      vertex 232.493 -1.58671 35.7068
    endloop
  endfacet
  facet normal -0.503716 0.83136 -0.234758
    outer loop
      vertex 232.339 -1.73205 35.523
      vertex 232.733 -1.58671 35.1923
      vertex 232.536 -1.73205 35.1003
    endloop
  endfacet
  facet normal 0.400667 -0.896978 0.186804
    outer loop
      vertex 230.723 1.73205 34.2551
      vertex 229.477 1.84776 37.4832
      vertex 228.817 1.73205 38.3432
    endloop
  endfacet
  facet normal 0.400397 -0.89712 0.186704
    outer loop
      vertex 229.477 1.84776 37.4832
      vertex 230.723 1.73205 34.2551
      vertex 230.936 1.84776 34.3543
    endloop
  endfacet
  facet normal 0.681696 0.658958 0.317906
    outer loop
      vertex 227.652 -1.41421 39.8615
      vertex 230.192 -1.21752 34.0072
      vertex 227.167 -1.21752 40.4938
    endloop
  endfacet
  facet normal 0.681909 0.658698 0.31799
    outer loop
      vertex 230.192 -1.21752 34.0072
      vertex 227.652 -1.41421 39.8615
      vertex 230.348 -1.41421 34.0801
    endloop
  endfacet
  facet normal 0.904266 0.0670529 0.421671
    outer loop
      vertex 229.833 -0.261052 33.8397
      vertex 226.436 0 41.083
      vertex 226.452 -0.261052 41.0902
    endloop
  endfacet
  facet normal 0.904266 0.0670529 0.421671
    outer loop
      vertex 226.436 0 41.083
      vertex 229.833 -0.261052 33.8397
      vertex 229.817 0 33.8325
    endloop
  endfacet
  facet normal -0.753058 -0.556202 -0.351487
    outer loop
      vertex 233.2 1 35.4097
      vertex 232.755 1.21752 36.0189
      vertex 233.068 1.21752 35.3483
    endloop
  endfacet
  facet normal -0.753377 -0.555452 -0.351988
    outer loop
      vertex 232.755 1.21752 36.0189
      vertex 233.2 1 35.4097
      vertex 232.858 1 36.1417
    endloop
  endfacet
  facet normal 0.904266 -0.0670529 0.421671
    outer loop
      vertex 226.436 0 41.083
      vertex 229.833 0.261052 33.8397
      vertex 226.452 0.261052 41.0902
    endloop
  endfacet
  facet normal 0.904266 -0.0670529 0.421671
    outer loop
      vertex 229.833 0.261052 33.8397
      vertex 226.436 0 41.083
      vertex 229.817 0 33.8325
    endloop
  endfacet
  facet normal 0.503749 0.83131 0.234864
    outer loop
      vertex 230.526 -1.58671 34.1632
      vertex 228.817 -1.73205 38.3432
      vertex 230.723 -1.73205 34.2551
    endloop
  endfacet
  facet normal 0.503224 0.831685 0.234662
    outer loop
      vertex 228.817 -1.73205 38.3432
      vertex 230.526 -1.58671 34.1632
      vertex 228.205 -1.58671 39.1405
    endloop
  endfacet
  facet normal 0.889037 -0.194284 0.414569
    outer loop
      vertex 226.452 0.261052 41.0902
      vertex 229.879 0.517637 33.8613
      vertex 226.498 0.517637 41.1118
    endloop
  endfacet
  facet normal 0.889037 -0.194284 0.414569
    outer loop
      vertex 229.879 0.517637 33.8613
      vertex 226.452 0.261052 41.0902
      vertex 229.833 0.261052 33.8397
    endloop
  endfacet
  facet normal 0.681696 -0.658958 0.317906
    outer loop
      vertex 230.192 1.21752 34.0072
      vertex 227.652 1.41421 39.8615
      vertex 227.167 1.21752 40.4938
    endloop
  endfacet
  facet normal 0.681909 -0.658698 0.31799
    outer loop
      vertex 227.652 1.41421 39.8615
      vertex 230.192 1.21752 34.0072
      vertex 230.348 1.41421 34.0801
    endloop
  endfacet
  facet normal 0.85843 0.320717 0.400297
    outer loop
      vertex 229.955 -0.765367 33.8968
      vertex 226.498 -0.517637 41.1118
      vertex 226.574 -0.765367 41.1473
    endloop
  endfacet
  facet normal 0.85843 0.320717 0.400297
    outer loop
      vertex 226.498 -0.517637 41.1118
      vertex 229.955 -0.765367 33.8968
      vertex 229.879 -0.517637 33.8613
    endloop
  endfacet
  facet normal -0.904367 0.0637645 -0.421966
    outer loop
      vertex 233.036 -0.261052 36.3537
      vertex 233.442 0 35.523
      vertex 233.427 -0.261052 35.5157
    endloop
  endfacet
  facet normal -0.904442 0.0649937 -0.421616
    outer loop
      vertex 233.442 0 35.523
      vertex 233.036 -0.261052 36.3537
      vertex 233.048 0 36.3682
    endloop
  endfacet
  facet normal -0.401391 -0.896599 -0.187069
    outer loop
      vertex 232.173 1.84776 35.3246
      vertex 232.536 1.73205 35.1003
      vertex 232.339 1.73205 35.523
    endloop
  endfacet
  facet normal -0.400835 -0.897088 -0.185916
    outer loop
      vertex 232.536 1.73205 35.1003
      vertex 232.173 1.84776 35.3246
      vertex 232.323 1.84776 35.0012
    endloop
  endfacet
  facet normal -0.680667 -0.660654 -0.316589
    outer loop
      vertex 233.068 1.21752 35.3483
      vertex 232.633 1.41421 35.8731
      vertex 232.911 1.41421 35.2754
    endloop
  endfacet
  facet normal -0.681758 -0.658748 -0.318208
    outer loop
      vertex 232.633 1.41421 35.8731
      vertex 233.068 1.21752 35.3483
      vertex 232.755 1.21752 36.0189
    endloop
  endfacet
  facet normal -0.503893 -0.831169 -0.235052
    outer loop
      vertex 232.339 1.73205 35.523
      vertex 232.733 1.58671 35.1923
      vertex 232.493 1.58671 35.7068
    endloop
  endfacet
  facet normal -0.503716 -0.83136 -0.234758
    outer loop
      vertex 232.733 1.58671 35.1923
      vertex 232.339 1.73205 35.523
      vertex 232.536 1.73205 35.1003
    endloop
  endfacet
  facet normal -0.813639 0.439867 -0.380143
    outer loop
      vertex 232.858 -1 36.1417
      vertex 233.304 -0.765367 35.4586
      vertex 233.2 -1 35.4097
    endloop
  endfacet
  facet normal -0.81299 0.442083 -0.378958
    outer loop
      vertex 233.304 -0.765367 35.4586
      vertex 232.858 -1 36.1417
      vertex 232.94 -0.765367 36.2395
    endloop
  endfacet
  facet normal -0.753058 0.556202 -0.351487
    outer loop
      vertex 232.755 -1.21752 36.0189
      vertex 233.2 -1 35.4097
      vertex 233.068 -1.21752 35.3483
    endloop
  endfacet
  facet normal -0.753377 0.555452 -0.351988
    outer loop
      vertex 233.2 -1 35.4097
      vertex 232.755 -1.21752 36.0189
      vertex 232.858 -1 36.1417
    endloop
  endfacet
  facet normal 0.753247 -0.556088 0.351263
    outer loop
      vertex 230.06 1 33.9457
      vertex 227.167 1.21752 40.4938
      vertex 226.758 1 41.0265
    endloop
  endfacet
  facet normal 0.753106 -0.556313 0.351208
    outer loop
      vertex 227.167 1.21752 40.4938
      vertex 230.06 1 33.9457
      vertex 230.192 1.21752 34.0072
    endloop
  endfacet
  facet normal 0.17729 -0.980679 0.0826921
    outer loop
      vertex 231.161 1.93185 34.459
      vertex 230.895 1.98289 35.6346
      vertex 230.174 1.93185 36.5751
    endloop
  endfacet
  facet normal 0.177135 -0.980709 0.0826584
    outer loop
      vertex 230.895 1.98289 35.6346
      vertex 231.161 1.93185 34.459
      vertex 231.393 1.98289 34.5674
    endloop
  endfacet
  facet normal -0.597197 -0.752464 -0.277766
    outer loop
      vertex 232.493 1.58671 35.7068
      vertex 232.911 1.41421 35.2754
      vertex 232.633 1.41421 35.8731
    endloop
  endfacet
  facet normal -0.597973 -0.751414 -0.278938
    outer loop
      vertex 232.911 1.41421 35.2754
      vertex 232.493 1.58671 35.7068
      vertex 232.733 1.58671 35.1923
    endloop
  endfacet
  facet normal -0.680667 0.660654 -0.316589
    outer loop
      vertex 232.633 -1.41421 35.8731
      vertex 233.068 -1.21752 35.3483
      vertex 232.911 -1.41421 35.2754
    endloop
  endfacet
  facet normal -0.681758 0.658748 -0.318208
    outer loop
      vertex 233.068 -1.21752 35.3483
      vertex 232.633 -1.41421 35.8731
      vertex 232.755 -1.21752 36.0189
    endloop
  endfacet
  facet normal 0.29084 0.947106 0.135655
    outer loop
      vertex 230.936 -1.84776 34.3543
      vertex 230.174 -1.93185 36.5751
      vertex 231.161 -1.93185 34.459
    endloop
  endfacet
  facet normal 0.291109 0.947011 0.135743
    outer loop
      vertex 230.174 -1.93185 36.5751
      vertex 230.936 -1.84776 34.3543
      vertex 229.477 -1.84776 37.4832
    endloop
  endfacet
  facet normal -0.059479 -0.997851 -0.0275016
    outer loop
      vertex 231.866 1.98289 34.7881
      vertex 231.815 1.98289 34.8984
      vertex 231.63 2 34.6777
    endloop
  endfacet
  facet normal 0.753247 0.556088 0.351263
    outer loop
      vertex 227.167 -1.21752 40.4938
      vertex 230.06 -1 33.9457
      vertex 226.758 -1 41.0265
    endloop
  endfacet
  facet normal 0.753106 0.556313 0.351208
    outer loop
      vertex 230.06 -1 33.9457
      vertex 227.167 -1.21752 40.4938
      vertex 230.192 -1.21752 34.0072
    endloop
  endfacet
  facet normal 0.597961 -0.751458 0.278843
    outer loop
      vertex 230.348 1.41421 34.0801
      vertex 228.205 1.58671 39.1405
      vertex 227.652 1.41421 39.8615
    endloop
  endfacet
  facet normal 0.598008 -0.751414 0.278861
    outer loop
      vertex 228.205 1.58671 39.1405
      vertex 230.348 1.41421 34.0801
      vertex 230.526 1.58671 34.1632
    endloop
  endfacet
  facet normal 0.812842 -0.442287 0.379039
    outer loop
      vertex 229.955 0.765367 33.8968
      vertex 226.758 1 41.0265
      vertex 226.574 0.765367 41.1473
    endloop
  endfacet
  facet normal 0.81267 -0.442658 0.378974
    outer loop
      vertex 226.758 1 41.0265
      vertex 229.955 0.765367 33.8968
      vertex 230.06 1 33.9457
    endloop
  endfacet
  facet normal 0.812586 -0.441086 0.380981
    outer loop
      vertex 226.574 0.765367 41.1473
      vertex 226.758 1 41.0265
      vertex 226.641 0.915832 41.1786
    endloop
  endfacet
  facet normal -0.423256 0 0.90601
    outer loop
      vertex 226.641 0.915833 41.1786
      vertex 226.574 0.765367 41.1473
      vertex 226.641 0.915832 41.1786
    endloop
  endfacet
  facet normal 0.0591862 -0.997865 0.0276187
    outer loop
      vertex 231.393 1.98289 34.5674
      vertex 231.63 2 34.6777
      vertex 230.895 1.98289 35.6346
    endloop
  endfacet
  facet normal 0.889037 0.194284 0.414569
    outer loop
      vertex 229.879 -0.517637 33.8613
      vertex 226.452 -0.261052 41.0902
      vertex 226.498 -0.517637 41.1118
    endloop
  endfacet
  facet normal 0.889037 0.194284 0.414569
    outer loop
      vertex 226.452 -0.261052 41.0902
      vertex 229.879 -0.517637 33.8613
      vertex 229.833 -0.261052 33.8397
    endloop
  endfacet
  facet normal -0.291593 -0.946933 -0.135247
    outer loop
      vertex 231.997 1.93185 35.1153
      vertex 232.323 1.84776 35.0012
      vertex 232.173 1.84776 35.3246
    endloop
  endfacet
  facet normal -0.291823 -0.946748 -0.136042
    outer loop
      vertex 232.323 1.84776 35.0012
      vertex 231.997 1.93185 35.1153
      vertex 232.099 1.93185 34.8965
    endloop
  endfacet
  facet normal 0.85843 -0.320717 0.400297
    outer loop
      vertex 226.498 0.517637 41.1118
      vertex 229.955 0.765367 33.8968
      vertex 226.574 0.765367 41.1473
    endloop
  endfacet
  facet normal 0.85843 -0.320717 0.400297
    outer loop
      vertex 229.955 0.765367 33.8968
      vertex 226.498 0.517637 41.1118
      vertex 229.879 0.517637 33.8613
    endloop
  endfacet
  facet normal -0.857488 -0.323965 -0.3997
    outer loop
      vertex 233.381 0.517637 35.4942
      vertex 232.94 0.765367 36.2395
      vertex 233.304 0.765367 35.4586
    endloop
  endfacet
  facet normal -0.857722 -0.322623 -0.400284
    outer loop
      vertex 232.94 0.765367 36.2395
      vertex 233.381 0.517637 35.4942
      vertex 233 0.517637 36.3106
    endloop
  endfacet
  facet normal 0.400397 0.89712 0.186704
    outer loop
      vertex 230.723 -1.73205 34.2551
      vertex 229.477 -1.84776 37.4832
      vertex 230.936 -1.84776 34.3543
    endloop
  endfacet
  facet normal 0.400667 0.896978 0.186804
    outer loop
      vertex 229.477 -1.84776 37.4832
      vertex 230.723 -1.73205 34.2551
      vertex 228.817 -1.73205 38.3432
    endloop
  endfacet
  facet normal 0.598008 0.751414 0.278861
    outer loop
      vertex 230.348 -1.41421 34.0801
      vertex 228.205 -1.58671 39.1405
      vertex 230.526 -1.58671 34.1632
    endloop
  endfacet
  facet normal 0.597961 0.751458 0.278843
    outer loop
      vertex 228.205 -1.58671 39.1405
      vertex 230.348 -1.41421 34.0801
      vertex 227.652 -1.41421 39.8615
    endloop
  endfacet
  facet normal 0.0591862 0.997865 0.0276187
    outer loop
      vertex 231.63 -2 34.6777
      vertex 231.393 -1.98289 34.5674
      vertex 230.895 -1.98289 35.6346
    endloop
  endfacet
  facet normal 0.812842 0.442287 0.379039
    outer loop
      vertex 226.574 -0.765367 41.1473
      vertex 226.758 -1 41.0265
      vertex 229.955 -0.765367 33.8968
    endloop
  endfacet
  facet normal 0.81267 0.442658 0.378974
    outer loop
      vertex 229.955 -0.765367 33.8968
      vertex 226.758 -1 41.0265
      vertex 230.06 -1 33.9457
    endloop
  endfacet
  facet normal -0.423256 0 0.90601
    outer loop
      vertex 226.574 -0.765367 41.1473
      vertex 226.641 -0.915833 41.1786
      vertex 226.641 -0.915832 41.1786
    endloop
  endfacet
  facet normal 0.812586 0.441086 0.380981
    outer loop
      vertex 226.574 -0.765367 41.1473
      vertex 226.641 -0.915832 41.1786
      vertex 226.758 -1 41.0265
    endloop
  endfacet
  facet normal -0.176817 -0.980786 -0.0824283
    outer loop
      vertex 231.815 1.98289 34.8984
      vertex 232.099 1.93185 34.8965
      vertex 231.997 1.93185 35.1153
    endloop
  endfacet
  facet normal -0.176822 -0.980841 -0.0817582
    outer loop
      vertex 232.099 1.93185 34.8965
      vertex 231.815 1.98289 34.8984
      vertex 231.866 1.98289 34.7881
    endloop
  endfacet
  facet normal -0.597197 0.752464 -0.277766
    outer loop
      vertex 232.911 -1.41421 35.2754
      vertex 232.493 -1.58671 35.7068
      vertex 232.633 -1.41421 35.8731
    endloop
  endfacet
  facet normal -0.597973 0.751414 -0.278938
    outer loop
      vertex 232.493 -1.58671 35.7068
      vertex 232.911 -1.41421 35.2754
      vertex 232.733 -1.58671 35.1923
    endloop
  endfacet
  facet normal -0.357127 0.831481 -0.425557
    outer loop
      vertex 226.934 9.52024 29.0817
      vertex 225.63 10.3923 31.8799
      vertex 227.773 10.3923 30.0815
    endloop
  endfacet
  facet normal -0.357155 0.831465 -0.425566
    outer loop
      vertex 225.63 10.3923 31.8799
      vertex 226.934 9.52024 29.0817
      vertex 224.325 9.52024 31.2713
    endloop
  endfacet
  facet normal -0.357155 -0.831465 -0.425566
    outer loop
      vertex 226.934 -9.52024 29.0817
      vertex 225.63 -10.3923 31.8799
      vertex 224.325 -9.52024 31.2713
    endloop
  endfacet
  facet normal -0.357127 -0.831481 -0.425557
    outer loop
      vertex 225.63 -10.3923 31.8799
      vertex 226.934 -9.52024 29.0817
      vertex 227.773 -10.3923 30.0815
    endloop
  endfacet
  facet normal 0.125432 0.980773 0.1495
    outer loop
      vertex 291.477 11.5911 106.001
      vertex 281.295 11.8973 112.535
      vertex 282.284 11.5911 113.714
    endloop
  endfacet
  facet normal 0.125389 0.980789 0.149433
    outer loop
      vertex 281.295 11.8973 112.535
      vertex 291.477 11.5911 106.001
      vertex 290.487 11.8973 104.822
    endloop
  endfacet
  facet normal 0.0422105 -0.997842 0.0502947
    outer loop
      vertex 271.283 -11.9809 119.271
      vertex 271.096 -12 119.049
      vertex 277.224 -12 113.906
    endloop
  endfacet
  facet normal 0.0420499 -0.997858 0.0501131
    outer loop
      vertex 280.288 -12 111.335
      vertex 290.487 -11.8973 104.822
      vertex 281.295 -11.8973 112.535
    endloop
  endfacet
  facet normal 0.0420644 -0.997856 0.0501359
    outer loop
      vertex 290.487 -11.8973 104.822
      vertex 280.288 -12 111.335
      vertex 289.481 -12 103.622
    endloop
  endfacet
  facet normal -0.125443 -0.980783 -0.149427
    outer loop
      vertex 229.633 -11.5911 32.2985
      vertex 230.063 -11.8973 33.9473
      vertex 228.524 -11.5911 33.2295
    endloop
  endfacet
  facet normal -0.125288 -0.980796 -0.14947
    outer loop
      vertex 230.063 -11.8973 33.9473
      vertex 229.633 -11.5911 32.2985
      vertex 230.623 -11.8973 33.4779
    endloop
  endfacet
  facet normal -0.576338 0.442563 -0.687002
    outer loop
      vertex 224.503 4.5922 26.1849
      vertex 221.237 6 29.8317
      vertex 224.95 6 26.7168
    endloop
  endfacet
  facet normal -0.576554 0.442199 -0.687055
    outer loop
      vertex 221.237 6 29.8317
      vertex 224.503 4.5922 26.1849
      vertex 220.543 4.5922 29.508
    endloop
  endfacet
  facet normal -0.630473 0.19516 -0.751276
    outer loop
      vertex 223.982 1.56631 25.5638
      vertex 220.039 3.10583 29.2727
      vertex 224.179 3.10583 25.7984
    endloop
  endfacet
  facet normal -0.63039 0.195394 -0.751285
    outer loop
      vertex 220.039 3.10583 29.2727
      vertex 223.982 1.56631 25.5638
      vertex 219.732 1.56631 29.1299
    endloop
  endfacet
  facet normal -0.630432 0.194999 -0.751353
    outer loop
      vertex 212.971 1.56631 34.8038
      vertex 205.794 3.10583 41.2253
      vertex 213.277 3.10583 34.9466
    endloop
  endfacet
  facet normal -0.630391 0.19516 -0.751346
    outer loop
      vertex 205.794 3.10583 41.2253
      vertex 212.971 1.56631 34.8038
      vertex 205.597 1.56631 40.9907
    endloop
  endfacet
  facet normal -0.60873 0.321316 -0.725399
    outer loop
      vertex 224.179 3.10583 25.7984
      vertex 220.543 4.5922 29.508
      vertex 224.503 4.5922 26.1849
    endloop
  endfacet
  facet normal -0.608759 0.321254 -0.725402
    outer loop
      vertex 220.543 4.5922 29.508
      vertex 224.179 3.10583 25.7984
      vertex 220.039 3.10583 29.2727
    endloop
  endfacet
  facet normal -0.608757 0.321089 -0.725477
    outer loop
      vertex 213.277 3.10583 34.9466
      vertex 205.989 4 41.4578
      vertex 213.58 4 35.0881
    endloop
  endfacet
  facet normal -0.608676 0.321363 -0.725424
    outer loop
      vertex 205.989 4 41.4578
      vertex 213.277 3.10583 34.9466
      vertex 205.794 3.10583 41.2253
    endloop
  endfacet
  facet normal 0.0420499 0.997858 0.0501131
    outer loop
      vertex 290.487 11.8973 104.822
      vertex 280.288 12 111.335
      vertex 281.295 11.8973 112.535
    endloop
  endfacet
  facet normal 0.0420644 0.997856 0.0501359
    outer loop
      vertex 280.288 12 111.335
      vertex 290.487 11.8973 104.822
      vertex 289.481 12 103.622
    endloop
  endfacet
  facet normal 0.0422105 0.997842 0.0502947
    outer loop
      vertex 277.224 12 113.906
      vertex 271.096 12 119.049
      vertex 271.283 11.9809 119.271
    endloop
  endfacet
  facet normal -0.534512 -0.555399 -0.637047
    outer loop
      vertex 222.109 -7.30514 30.2384
      vertex 224.95 -6 26.7168
      vertex 225.51 -7.30514 27.3848
    endloop
  endfacet
  facet normal -0.534399 -0.555549 -0.637011
    outer loop
      vertex 224.95 -6 26.7168
      vertex 222.109 -7.30514 30.2384
      vertex 221.237 -6 29.8317
    endloop
  endfacet
  facet normal 0.630407 -0.195348 0.751283
    outer loop
      vertex 278.743 -1.56631 128.163
      vertex 296.931 -3.10583 112.501
      vertex 297.128 -1.56631 112.736
    endloop
  endfacet
  facet normal 0.630407 -0.195348 0.751283
    outer loop
      vertex 296.931 -3.10583 112.501
      vertex 278.743 -1.56631 128.163
      vertex 278.546 -3.10583 127.928
    endloop
  endfacet
  facet normal -0.483096 0.659512 -0.575901
    outer loop
      vertex 225.51 7.30514 27.3848
      vertex 223.144 8.48528 30.721
      vertex 226.176 8.48528 28.1776
    endloop
  endfacet
  facet normal -0.483254 0.659349 -0.575956
    outer loop
      vertex 223.144 8.48528 30.721
      vertex 225.51 7.30514 27.3848
      vertex 222.109 7.30514 30.2384
    endloop
  endfacet
  facet normal -0.284344 0.896863 -0.338799
    outer loop
      vertex 227.773 10.3923 30.0815
      vertex 227.038 11.0866 32.5363
      vertex 228.678 11.0866 31.1599
    endloop
  endfacet
  facet normal -0.284315 0.896874 -0.338794
    outer loop
      vertex 227.038 11.0866 32.5363
      vertex 227.773 10.3923 30.0815
      vertex 225.63 10.3923 31.8799
    endloop
  endfacet
  facet normal -0.423652 -0.751967 -0.505038
    outer loop
      vertex 226.176 -8.48528 28.1776
      vertex 224.325 -9.52024 31.2713
      vertex 223.144 -8.48528 30.721
    endloop
  endfacet
  facet normal -0.423931 -0.751748 -0.505131
    outer loop
      vertex 224.325 -9.52024 31.2713
      vertex 226.176 -8.48528 28.1776
      vertex 226.934 -9.52024 29.0817
    endloop
  endfacet
  facet normal -0.042028 -0.997858 -0.0501399
    outer loop
      vertex 231.63 -12 34.6777
      vertex 230.063 -11.8973 33.9473
      vertex 230.623 -11.8973 33.4779
    endloop
  endfacet
  facet normal 0.483282 0.659336 0.575947
    outer loop
      vertex 295.6 7.30514 110.915
      vertex 276.55 8.48528 125.549
      vertex 277.215 7.30514 126.342
    endloop
  endfacet
  facet normal 0.483282 0.659336 0.575947
    outer loop
      vertex 276.55 8.48528 125.549
      vertex 295.6 7.30514 110.915
      vertex 294.935 8.48528 110.122
    endloop
  endfacet
  facet normal 0.576485 0.442273 0.687066
    outer loop
      vertex 296.161 6 111.583
      vertex 278.222 4.5922 127.541
      vertex 296.607 4.5922 112.115
    endloop
  endfacet
  facet normal 0.576632 0.44188 0.687196
    outer loop
      vertex 278.222 4.5922 127.541
      vertex 296.161 6 111.583
      vertex 277.776 6 127.01
    endloop
  endfacet
  facet normal -0.284315 -0.896874 -0.338794
    outer loop
      vertex 227.773 -10.3923 30.0815
      vertex 227.038 -11.0866 32.5363
      vertex 225.63 -10.3923 31.8799
    endloop
  endfacet
  facet normal -0.284344 -0.896863 -0.338799
    outer loop
      vertex 227.038 -11.0866 32.5363
      vertex 227.773 -10.3923 30.0815
      vertex 228.678 -11.0866 31.1599
    endloop
  endfacet
  facet normal -0.042028 0.997858 -0.0501399
    outer loop
      vertex 230.623 11.8973 33.4779
      vertex 230.063 11.8973 33.9473
      vertex 231.63 12 34.6777
    endloop
  endfacet
  facet normal -0.766388 0 0.642377
    outer loop
      vertex 271.283 11.9809 119.271
      vertex 272.06 20 120.198
      vertex 271.283 20 119.271
    endloop
  endfacet
  facet normal -0.766388 0 0.642377
    outer loop
      vertex 272.06 20 120.198
      vertex 271.283 11.9809 119.271
      vertex 272.06 11.9017 120.198
    endloop
  endfacet
  facet normal -0.766045 -0.000137954 0.642787
    outer loop
      vertex 271.283 -8 119.271
      vertex 271.096 -4 119.049
      vertex 216.665 -4 54.1805
    endloop
  endfacet
  facet normal -0.766083 -0.000142217 0.642742
    outer loop
      vertex 275.233 -8 123.979
      vertex 271.096 -4 119.049
      vertex 271.283 -8 119.271
    endloop
  endfacet
  facet normal -0.766028 -5.52653e-06 0.642807
    outer loop
      vertex 271.096 -4 119.049
      vertex 275.233 -8 123.979
      vertex 278.222 -4.5922 127.541
    endloop
  endfacet
  facet normal -0.766199 0.000356917 0.642603
    outer loop
      vertex 278.222 -4.5922 127.541
      vertex 275.233 -8 123.979
      vertex 277.776 -6 127.01
    endloop
  endfacet
  facet normal -0.766037 0.000137014 0.642797
    outer loop
      vertex 271.096 -12 119.049
      vertex 271.283 -8 119.271
      vertex 216.665 -4 54.1805
    endloop
  endfacet
  facet normal -0.766388 0 0.642377
    outer loop
      vertex 271.283 -10 119.271
      vertex 272.06 -11.9017 120.198
      vertex 272.06 -10 120.198
    endloop
  endfacet
  facet normal -0.764822 0 0.644242
    outer loop
      vertex 271.283 -8 119.271
      vertex 271.096 -12 119.049
      vertex 271.283 -10 119.271
    endloop
  endfacet
  facet normal -0.766388 0 0.642377
    outer loop
      vertex 271.283 -10 119.271
      vertex 271.283 -11.9809 119.271
      vertex 272.06 -11.9017 120.198
    endloop
  endfacet
  facet normal -0.766045 0 0.642787
    outer loop
      vertex 271.096 -12 119.049
      vertex 216.665 -4 54.1805
      vertex 216.665 -12 54.1805
    endloop
  endfacet
  facet normal -0.764822 0 0.644242
    outer loop
      vertex 271.283 -10 119.271
      vertex 271.096 -12 119.049
      vertex 271.283 -11.9809 119.271
    endloop
  endfacet
  facet normal -0.766045 -0.000137954 0.642787
    outer loop
      vertex 271.283 8 119.271
      vertex 271.096 12 119.049
      vertex 216.665 12 54.1805
    endloop
  endfacet
  facet normal -0.764822 0 0.644242
    outer loop
      vertex 271.096 12 119.049
      vertex 271.283 10 119.271
      vertex 271.283 11.9809 119.271
    endloop
  endfacet
  facet normal -0.766388 0 0.642377
    outer loop
      vertex 271.283 11.9809 119.271
      vertex 271.283 10 119.271
      vertex 272.06 11.9017 120.198
    endloop
  endfacet
  facet normal -0.764822 0 0.644242
    outer loop
      vertex 271.096 12 119.049
      vertex 271.283 8 119.271
      vertex 271.283 10 119.271
    endloop
  endfacet
  facet normal -0.766083 0.000186441 0.642742
    outer loop
      vertex 272.079 3.69552 120.221
      vertex 275.233 8 123.979
      vertex 271.283 8 119.271
    endloop
  endfacet
  facet normal -0.766037 0.000137014 0.642797
    outer loop
      vertex 271.096 4 119.049
      vertex 271.283 8 119.271
      vertex 216.665 12 54.1805
    endloop
  endfacet
  facet normal -0.766639 0.000205061 0.642078
    outer loop
      vertex 271.431 3.96578 119.449
      vertex 271.283 8 119.271
      vertex 271.096 4 119.049
    endloop
  endfacet
  facet normal -0.765784 0.000281438 0.643098
    outer loop
      vertex 271.761 3.8637 119.842
      vertex 271.283 8 119.271
      vertex 271.431 3.96578 119.449
    endloop
  endfacet
  facet normal -0.766045 0 0.642787
    outer loop
      vertex 271.096 4 119.049
      vertex 216.665 12 54.1805
      vertex 216.665 4 54.1805
    endloop
  endfacet
  facet normal -0.766016 0.000216538 0.642822
    outer loop
      vertex 272.079 3.69552 120.221
      vertex 271.283 8 119.271
      vertex 271.761 3.8637 119.842
    endloop
  endfacet
  facet normal -0.766071 0.000165925 0.642755
    outer loop
      vertex 275.233 8 123.979
      vertex 272.079 3.69552 120.221
      vertex 272.381 3.4641 120.581
    endloop
  endfacet
  facet normal -0.765615 -0.000528344 0.643299
    outer loop
      vertex 272.661 3.17341 120.914
      vertex 275.233 8 123.979
      vertex 272.381 3.4641 120.581
    endloop
  endfacet
  facet normal -0.765724 -0.000388327 0.64317
    outer loop
      vertex 272.914 2.82843 121.215
      vertex 275.233 8 123.979
      vertex 272.661 3.17341 120.914
    endloop
  endfacet
  facet normal -0.766083 1.33684e-06 0.642742
    outer loop
      vertex 277.776 6 127.01
      vertex 275.233 8 123.979
      vertex 272.914 2.82843 121.215
    endloop
  endfacet
  facet normal -0.766241 -0.000487551 0.642553
    outer loop
      vertex 275.233 8 123.979
      vertex 277.776 6 127.01
      vertex 277.215 7.30514 126.342
    endloop
  endfacet
  facet normal -0.766593 0.00190045 0.642131
    outer loop
      vertex 273.135 2.43505 121.48
      vertex 277.776 6 127.01
      vertex 272.914 2.82843 121.215
    endloop
  endfacet
  facet normal -0.765941 -0.000158995 0.642911
    outer loop
      vertex 277.776 6 127.01
      vertex 273.135 2.43505 121.48
      vertex 278.222 4.5922 127.541
    endloop
  endfacet
  facet normal -0.765792 -0.00100599 0.643088
    outer loop
      vertex 273.322 2 121.702
      vertex 278.222 4.5922 127.541
      vertex 273.135 2.43505 121.48
    endloop
  endfacet
  facet normal -0.766089 0.000353211 0.642734
    outer loop
      vertex 278.222 4.5922 127.541
      vertex 273.322 2 121.702
      vertex 278.546 3.10583 127.928
    endloop
  endfacet
  facet normal -0.766106 0.000539969 0.642714
    outer loop
      vertex 273.471 1.53073 121.88
      vertex 278.546 3.10583 127.928
      vertex 273.322 2 121.702
    endloop
  endfacet
  facet normal -0.765926 -0.000858349 0.642928
    outer loop
      vertex 273.579 1.03528 122.008
      vertex 278.546 3.10583 127.928
      vertex 273.471 1.53073 121.88
    endloop
  endfacet
  facet normal -0.766088 8.01954e-05 0.642735
    outer loop
      vertex 278.546 3.10583 127.928
      vertex 273.579 1.03528 122.008
      vertex 278.743 1.56631 128.163
    endloop
  endfacet
  facet normal -0.766102 0.000413145 0.642719
    outer loop
      vertex 273.645 0.522104 122.087
      vertex 278.743 1.56631 128.163
      vertex 273.579 1.03528 122.008
    endloop
  endfacet
  facet normal -0.766045 -0.000269119 0.642787
    outer loop
      vertex 278.809 0 128.241
      vertex 273.645 0.522104 122.087
      vertex 273.667 0 122.113
    endloop
  endfacet
  facet normal -0.766045 -0.000269119 0.642787
    outer loop
      vertex 273.645 0.522104 122.087
      vertex 278.809 0 128.241
      vertex 278.743 1.56631 128.163
    endloop
  endfacet
  facet normal -0.766045 0.000269119 0.642787
    outer loop
      vertex 273.645 -0.522104 122.087
      vertex 278.809 0 128.241
      vertex 273.667 0 122.113
    endloop
  endfacet
  facet normal -0.766102 -0.000413145 0.642719
    outer loop
      vertex 278.743 -1.56631 128.163
      vertex 273.645 -0.522104 122.087
      vertex 273.579 -1.03528 122.008
    endloop
  endfacet
  facet normal -0.765926 0.000858349 0.642928
    outer loop
      vertex 278.546 -3.10583 127.928
      vertex 273.579 -1.03528 122.008
      vertex 273.471 -1.53073 121.88
    endloop
  endfacet
  facet normal -0.766045 0.000269119 0.642787
    outer loop
      vertex 273.645 -0.522104 122.087
      vertex 278.743 -1.56631 128.163
      vertex 278.809 0 128.241
    endloop
  endfacet
  facet normal -0.766106 -0.000539969 0.642714
    outer loop
      vertex 278.546 -3.10583 127.928
      vertex 273.471 -1.53073 121.88
      vertex 273.322 -2 121.702
    endloop
  endfacet
  facet normal -0.765792 0.00100599 0.643088
    outer loop
      vertex 278.222 -4.5922 127.541
      vertex 273.322 -2 121.702
      vertex 273.135 -2.43505 121.48
    endloop
  endfacet
  facet normal -0.766356 -0.00222291 0.642412
    outer loop
      vertex 278.222 -4.5922 127.541
      vertex 273.135 -2.43505 121.48
      vertex 272.914 -2.82843 121.215
    endloop
  endfacet
  facet normal -0.766088 -8.01954e-05 0.642735
    outer loop
      vertex 273.579 -1.03528 122.008
      vertex 278.546 -3.10583 127.928
      vertex 278.743 -1.56631 128.163
    endloop
  endfacet
  facet normal -0.765945 0.000781969 0.642905
    outer loop
      vertex 278.222 -4.5922 127.541
      vertex 272.914 -2.82843 121.215
      vertex 272.661 -3.17341 120.914
    endloop
  endfacet
  facet normal -0.765901 0.00119633 0.642957
    outer loop
      vertex 278.222 -4.5922 127.541
      vertex 272.661 -3.17341 120.914
      vertex 272.381 -3.4641 120.581
    endloop
  endfacet
  facet normal -0.766023 -0.00031905 0.642813
    outer loop
      vertex 278.222 -4.5922 127.541
      vertex 272.381 -3.4641 120.581
      vertex 272.079 -3.69552 120.221
    endloop
  endfacet
  facet normal -0.766017 -0.000213091 0.642821
    outer loop
      vertex 278.222 -4.5922 127.541
      vertex 272.079 -3.69552 120.221
      vertex 271.761 -3.8637 119.842
    endloop
  endfacet
  facet normal -0.765956 0.00106941 0.642892
    outer loop
      vertex 278.222 -4.5922 127.541
      vertex 271.761 -3.8637 119.842
      vertex 271.431 -3.96578 119.449
    endloop
  endfacet
  facet normal -0.766089 -0.000353211 0.642734
    outer loop
      vertex 273.322 -2 121.702
      vertex 278.222 -4.5922 127.541
      vertex 278.546 -3.10583 127.928
    endloop
  endfacet
  facet normal -0.766281 -0.00810624 0.642454
    outer loop
      vertex 278.222 -4.5922 127.541
      vertex 271.431 -3.96578 119.449
      vertex 271.096 -4 119.049
    endloop
  endfacet
  facet normal -0.766388 0 0.642377
    outer loop
      vertex 272.06 11.9017 120.198
      vertex 271.283 10 119.271
      vertex 272.06 10 120.198
    endloop
  endfacet
  facet normal -0.76652 0 0.64222
    outer loop
      vertex 275.233 8 123.979
      vertex 275.791 9.52024 124.645
      vertex 275.233 10.1007 123.979
    endloop
  endfacet
  facet normal -0.766077 -0.000394254 0.642748
    outer loop
      vertex 275.791 9.52024 124.645
      vertex 275.233 8 123.979
      vertex 276.55 8.48528 125.549
    endloop
  endfacet
  facet normal -0.766155 0.000113332 0.642656
    outer loop
      vertex 276.55 8.48528 125.549
      vertex 275.233 8 123.979
      vertex 277.215 7.30514 126.342
    endloop
  endfacet
  facet normal -0.766241 0.000487551 0.642553
    outer loop
      vertex 277.776 -6 127.01
      vertex 275.233 -8 123.979
      vertex 277.215 -7.30514 126.342
    endloop
  endfacet
  facet normal -0.766155 -0.000113332 0.642656
    outer loop
      vertex 275.233 -8 123.979
      vertex 276.55 -8.48528 125.549
      vertex 277.215 -7.30514 126.342
    endloop
  endfacet
  facet normal -0.766077 0.000394254 0.642748
    outer loop
      vertex 275.233 -8 123.979
      vertex 275.791 -9.52024 124.645
      vertex 276.55 -8.48528 125.549
    endloop
  endfacet
  facet normal -0.76652 0 0.64222
    outer loop
      vertex 275.791 -9.52024 124.645
      vertex 275.233 -8 123.979
      vertex 275.233 -10.1007 123.979
    endloop
  endfacet
  facet normal -0.76599 0.00944992 0.642784
    outer loop
      vertex 205.989 4 41.4578
      vertex 212.909 3.96578 49.7047
      vertex 213.245 4 50.1046
    endloop
  endfacet
  facet normal -0.76604 0.00109716 0.642791
    outer loop
      vertex 205.989 4 41.4578
      vertex 212.579 3.8637 49.3116
      vertex 212.909 3.96578 49.7047
    endloop
  endfacet
  facet normal -0.766068 -0.0022635 0.642756
    outer loop
      vertex 205.989 4 41.4578
      vertex 212.261 3.69552 48.932
      vertex 212.579 3.8637 49.3116
    endloop
  endfacet
  facet normal -0.766004 0.00100976 0.642836
    outer loop
      vertex 205.989 4 41.4578
      vertex 211.959 3.4641 48.5725
      vertex 212.261 3.69552 48.932
    endloop
  endfacet
  facet normal -0.766004 0.000992821 0.642835
    outer loop
      vertex 205.989 4 41.4578
      vertex 211.679 3.17341 48.2393
      vertex 211.959 3.4641 48.5725
    endloop
  endfacet
  facet normal -0.766066 -6.62654e-05 0.642762
    outer loop
      vertex 210.869 1.53073 47.2737
      vertex 205.989 4 41.4578
      vertex 205.794 3.10583 41.2253
    endloop
  endfacet
  facet normal -0.76617 -0.00178415 0.642635
    outer loop
      vertex 205.989 4 41.4578
      vertex 211.427 2.82843 47.9379
      vertex 211.679 3.17341 48.2393
    endloop
  endfacet
  facet normal -0.765968 0.000499075 0.642879
    outer loop
      vertex 205.989 4 41.4578
      vertex 211.205 2.43505 47.6737
      vertex 211.427 2.82843 47.9379
    endloop
  endfacet
  facet normal -0.766006 0.000193237 0.642834
    outer loop
      vertex 205.989 4 41.4578
      vertex 211.018 2 47.451
      vertex 211.205 2.43505 47.6737
    endloop
  endfacet
  facet normal -0.766041 7.20625e-05 0.642792
    outer loop
      vertex 210.761 1.03528 47.1449
      vertex 205.794 3.10583 41.2253
      vertex 205.597 1.56631 40.9907
    endloop
  endfacet
  facet normal -0.765984 0.000325329 0.642859
    outer loop
      vertex 205.989 4 41.4578
      vertex 210.869 1.53073 47.2737
      vertex 211.018 2 47.451
    endloop
  endfacet
  facet normal -0.766071 -0.000103626 0.642756
    outer loop
      vertex 205.794 3.10583 41.2253
      vertex 210.761 1.03528 47.1449
      vertex 210.869 1.53073 47.2737
    endloop
  endfacet
  facet normal -0.766082 -0.000910235 0.642742
    outer loop
      vertex 205.597 1.56631 40.9907
      vertex 210.696 0.522104 47.0667
      vertex 210.761 1.03528 47.1449
    endloop
  endfacet
  facet normal -0.766004 1.87212e-05 0.642836
    outer loop
      vertex 205.531 0 40.9121
      vertex 210.696 0.522104 47.0667
      vertex 205.597 1.56631 40.9907
    endloop
  endfacet
  facet normal -0.766004 1.87212e-05 0.642836
    outer loop
      vertex 205.531 0 40.9121
      vertex 210.674 0 47.0405
      vertex 210.696 0.522104 47.0667
    endloop
  endfacet
  facet normal -0.766004 -1.87212e-05 0.642836
    outer loop
      vertex 205.531 0 40.9121
      vertex 210.696 -0.522104 47.0667
      vertex 210.674 0 47.0405
    endloop
  endfacet
  facet normal -0.766004 -1.87212e-05 0.642836
    outer loop
      vertex 205.597 -1.56631 40.9907
      vertex 210.696 -0.522104 47.0667
      vertex 205.531 0 40.9121
    endloop
  endfacet
  facet normal -0.766082 0.000910235 0.642742
    outer loop
      vertex 210.696 -0.522104 47.0667
      vertex 205.597 -1.56631 40.9907
      vertex 210.761 -1.03528 47.1449
    endloop
  endfacet
  facet normal -0.766041 -7.20625e-05 0.642792
    outer loop
      vertex 205.794 -3.10583 41.2253
      vertex 210.761 -1.03528 47.1449
      vertex 205.597 -1.56631 40.9907
    endloop
  endfacet
  facet normal -0.766071 0.000103626 0.642756
    outer loop
      vertex 210.761 -1.03528 47.1449
      vertex 205.794 -3.10583 41.2253
      vertex 210.869 -1.53073 47.2737
    endloop
  endfacet
  facet normal -0.766066 6.62654e-05 0.642762
    outer loop
      vertex 205.989 -4 41.4578
      vertex 210.869 -1.53073 47.2737
      vertex 205.794 -3.10583 41.2253
    endloop
  endfacet
  facet normal -0.765984 -0.000325329 0.642859
    outer loop
      vertex 210.869 -1.53073 47.2737
      vertex 205.989 -4 41.4578
      vertex 211.018 -2 47.451
    endloop
  endfacet
  facet normal -0.766006 -0.000193237 0.642834
    outer loop
      vertex 211.018 -2 47.451
      vertex 205.989 -4 41.4578
      vertex 211.205 -2.43505 47.6737
    endloop
  endfacet
  facet normal -0.765968 -0.000499075 0.642879
    outer loop
      vertex 211.205 -2.43505 47.6737
      vertex 205.989 -4 41.4578
      vertex 211.427 -2.82843 47.9379
    endloop
  endfacet
  facet normal -0.76617 0.00178415 0.642635
    outer loop
      vertex 211.427 -2.82843 47.9379
      vertex 205.989 -4 41.4578
      vertex 211.679 -3.17341 48.2393
    endloop
  endfacet
  facet normal -0.766004 -0.000992821 0.642835
    outer loop
      vertex 211.679 -3.17341 48.2393
      vertex 205.989 -4 41.4578
      vertex 211.959 -3.4641 48.5725
    endloop
  endfacet
  facet normal -0.766004 -0.00100976 0.642836
    outer loop
      vertex 211.959 -3.4641 48.5725
      vertex 205.989 -4 41.4578
      vertex 212.261 -3.69552 48.932
    endloop
  endfacet
  facet normal -0.766068 0.0022635 0.642756
    outer loop
      vertex 212.261 -3.69552 48.932
      vertex 205.989 -4 41.4578
      vertex 212.579 -3.8637 49.3116
    endloop
  endfacet
  facet normal -0.76604 -0.00109716 0.642791
    outer loop
      vertex 212.579 -3.8637 49.3116
      vertex 205.989 -4 41.4578
      vertex 212.909 -3.96578 49.7047
    endloop
  endfacet
  facet normal -0.76599 -0.00944992 0.642784
    outer loop
      vertex 212.909 -3.96578 49.7047
      vertex 205.989 -4 41.4578
      vertex 213.245 -4 50.1046
    endloop
  endfacet
  facet normal -0.766388 0 0.642377
    outer loop
      vertex 272.06 -20 120.198
      vertex 271.283 -11.9809 119.271
      vertex 271.283 -20 119.271
    endloop
  endfacet
  facet normal -0.766388 0 0.642377
    outer loop
      vertex 271.283 -11.9809 119.271
      vertex 272.06 -20 120.198
      vertex 272.06 -11.9017 120.198
    endloop
  endfacet
  facet normal -0.641404 0.0653864 -0.764412
    outer loop
      vertex 223.916 0 25.4852
      vertex 219.732 1.56631 29.1299
      vertex 223.982 1.56631 25.5638
    endloop
  endfacet
  facet normal -0.641466 0.0651489 -0.76438
    outer loop
      vertex 219.732 1.56631 29.1299
      vertex 223.916 0 25.4852
      vertex 219.63 0 29.082
    endloop
  endfacet
  facet normal -0.641367 0.0655534 -0.764428
    outer loop
      vertex 212.868 0 34.7559
      vertex 205.597 1.56631 40.9907
      vertex 212.971 1.56631 34.8038
    endloop
  endfacet
  facet normal -0.641395 0.0653864 -0.764419
    outer loop
      vertex 205.597 1.56631 40.9907
      vertex 212.868 0 34.7559
      vertex 205.531 0 40.9121
    endloop
  endfacet
  facet normal -0.534512 0.555399 -0.637047
    outer loop
      vertex 224.95 6 26.7168
      vertex 222.109 7.30514 30.2384
      vertex 225.51 7.30514 27.3848
    endloop
  endfacet
  facet normal -0.534399 0.555549 -0.637011
    outer loop
      vertex 222.109 7.30514 30.2384
      vertex 224.95 6 26.7168
      vertex 221.237 6 29.8317
    endloop
  endfacet
  facet normal 0.534413 -0.555682 0.636883
    outer loop
      vertex 277.776 -6 127.01
      vertex 295.6 -7.30514 110.915
      vertex 296.161 -6 111.583
    endloop
  endfacet
  facet normal 0.534413 -0.555682 0.636883
    outer loop
      vertex 295.6 -7.30514 110.915
      vertex 277.776 -6 127.01
      vertex 277.215 -7.30514 126.342
    endloop
  endfacet
  facet normal -0.206634 -0.946934 -0.246207
    outer loop
      vertex 228.678 -11.0866 31.1599
      vertex 228.524 -11.5911 33.2295
      vertex 227.038 -11.0866 32.5363
    endloop
  endfacet
  facet normal -0.20669 -0.946922 -0.246208
    outer loop
      vertex 228.524 -11.5911 33.2295
      vertex 228.678 -11.0866 31.1599
      vertex 229.633 -11.5911 32.2985
    endloop
  endfacet
  facet normal -0.641404 -0.0653864 -0.764412
    outer loop
      vertex 219.732 -1.56631 29.1299
      vertex 223.916 0 25.4852
      vertex 223.982 -1.56631 25.5638
    endloop
  endfacet
  facet normal -0.641466 -0.0651489 -0.76438
    outer loop
      vertex 223.916 0 25.4852
      vertex 219.732 -1.56631 29.1299
      vertex 219.63 0 29.082
    endloop
  endfacet
  facet normal -0.641367 -0.0655534 -0.764428
    outer loop
      vertex 205.597 -1.56631 40.9907
      vertex 212.868 0 34.7559
      vertex 212.971 -1.56631 34.8038
    endloop
  endfacet
  facet normal -0.641395 -0.0653864 -0.764419
    outer loop
      vertex 212.868 0 34.7559
      vertex 205.597 -1.56631 40.9907
      vertex 205.531 0 40.9121
    endloop
  endfacet
  facet normal 0.206515 0.946984 0.246115
    outer loop
      vertex 292.432 11.0866 107.14
      vertex 282.284 11.5911 113.714
      vertex 283.24 11.0866 114.853
    endloop
  endfacet
  facet normal 0.206582 0.946942 0.246222
    outer loop
      vertex 282.284 11.5911 113.714
      vertex 292.432 11.0866 107.14
      vertex 291.477 11.5911 106.001
    endloop
  endfacet
  facet normal 0.125432 -0.980773 0.1495
    outer loop
      vertex 281.295 -11.8973 112.535
      vertex 291.477 -11.5911 106.001
      vertex 282.284 -11.5911 113.714
    endloop
  endfacet
  facet normal 0.125389 -0.980789 0.149433
    outer loop
      vertex 291.477 -11.5911 106.001
      vertex 281.295 -11.8973 112.535
      vertex 290.487 -11.8973 104.822
    endloop
  endfacet
  facet normal 0.608753 0.321098 0.725476
    outer loop
      vertex 296.607 4.5922 112.115
      vertex 278.546 3.10583 127.928
      vertex 296.931 3.10583 112.501
    endloop
  endfacet
  facet normal 0.608634 0.321535 0.725382
    outer loop
      vertex 278.546 3.10583 127.928
      vertex 296.607 4.5922 112.115
      vertex 278.222 4.5922 127.541
    endloop
  endfacet
  facet normal 0.28436 0.896825 0.338887
    outer loop
      vertex 293.337 10.3923 108.218
      vertex 283.24 11.0866 114.853
      vertex 284.145 10.3923 115.931
    endloop
  endfacet
  facet normal 0.28436 0.896825 0.338887
    outer loop
      vertex 283.24 11.0866 114.853
      vertex 293.337 10.3923 108.218
      vertex 292.432 11.0866 107.14
    endloop
  endfacet
  facet normal -0.483254 -0.659349 -0.575956
    outer loop
      vertex 225.51 -7.30514 27.3848
      vertex 223.144 -8.48528 30.721
      vertex 222.109 -7.30514 30.2384
    endloop
  endfacet
  facet normal -0.483096 -0.659512 -0.575901
    outer loop
      vertex 223.144 -8.48528 30.721
      vertex 225.51 -7.30514 27.3848
      vertex 226.176 -8.48528 28.1776
    endloop
  endfacet
  facet normal 0.357078 -0.831511 0.42554
    outer loop
      vertex 284.145 -10.3923 115.931
      vertex 275.791 -9.52024 124.645
      vertex 275.233 -10.1007 123.979
    endloop
  endfacet
  facet normal 0.357064 -0.831524 0.425528
    outer loop
      vertex 284.145 -10.3923 115.931
      vertex 294.176 -9.52024 109.218
      vertex 275.791 -9.52024 124.645
    endloop
  endfacet
  facet normal 0.357073 -0.831512 0.425544
    outer loop
      vertex 294.176 -9.52024 109.218
      vertex 284.145 -10.3923 115.931
      vertex 293.337 -10.3923 108.218
    endloop
  endfacet
  facet normal 0.641428 0.0650949 0.764417
    outer loop
      vertex 297.128 1.56631 112.736
      vertex 278.809 0 128.241
      vertex 297.194 0 112.814
    endloop
  endfacet
  facet normal 0.641428 0.0650949 0.764417
    outer loop
      vertex 278.809 0 128.241
      vertex 297.128 1.56631 112.736
      vertex 278.743 1.56631 128.163
    endloop
  endfacet
  facet normal 0.28436 -0.896825 0.338887
    outer loop
      vertex 283.24 -11.0866 114.853
      vertex 293.337 -10.3923 108.218
      vertex 284.145 -10.3923 115.931
    endloop
  endfacet
  facet normal 0.28436 -0.896825 0.338887
    outer loop
      vertex 293.337 -10.3923 108.218
      vertex 283.24 -11.0866 114.853
      vertex 292.432 -11.0866 107.14
    endloop
  endfacet
  facet normal 0.483282 -0.659336 0.575947
    outer loop
      vertex 276.55 -8.48528 125.549
      vertex 295.6 -7.30514 110.915
      vertex 277.215 -7.30514 126.342
    endloop
  endfacet
  facet normal 0.483282 -0.659336 0.575947
    outer loop
      vertex 295.6 -7.30514 110.915
      vertex 276.55 -8.48528 125.549
      vertex 294.935 -8.48528 110.122
    endloop
  endfacet
  facet normal 0.630407 0.195348 0.751283
    outer loop
      vertex 296.931 3.10583 112.501
      vertex 278.743 1.56631 128.163
      vertex 297.128 1.56631 112.736
    endloop
  endfacet
  facet normal 0.630407 0.195348 0.751283
    outer loop
      vertex 278.743 1.56631 128.163
      vertex 296.931 3.10583 112.501
      vertex 278.546 3.10583 127.928
    endloop
  endfacet
  facet normal -0.125288 0.980796 -0.14947
    outer loop
      vertex 229.633 11.5911 32.2985
      vertex 230.063 11.8973 33.9473
      vertex 230.623 11.8973 33.4779
    endloop
  endfacet
  facet normal -0.125443 0.980783 -0.149427
    outer loop
      vertex 230.063 11.8973 33.9473
      vertex 229.633 11.5911 32.2985
      vertex 228.524 11.5911 33.2295
    endloop
  endfacet
  facet normal -0.20669 0.946922 -0.246208
    outer loop
      vertex 228.678 11.0866 31.1599
      vertex 228.524 11.5911 33.2295
      vertex 229.633 11.5911 32.2985
    endloop
  endfacet
  facet normal -0.206634 0.946934 -0.246207
    outer loop
      vertex 228.524 11.5911 33.2295
      vertex 228.678 11.0866 31.1599
      vertex 227.038 11.0866 32.5363
    endloop
  endfacet
  facet normal -0.423931 0.751748 -0.505131
    outer loop
      vertex 226.176 8.48528 28.1776
      vertex 224.325 9.52024 31.2713
      vertex 226.934 9.52024 29.0817
    endloop
  endfacet
  facet normal -0.423652 0.751967 -0.505038
    outer loop
      vertex 224.325 9.52024 31.2713
      vertex 226.176 8.48528 28.1776
      vertex 223.144 8.48528 30.721
    endloop
  endfacet
  facet normal 0.534413 0.555682 0.636883
    outer loop
      vertex 295.6 7.30514 110.915
      vertex 277.776 6 127.01
      vertex 296.161 6 111.583
    endloop
  endfacet
  facet normal 0.534413 0.555682 0.636883
    outer loop
      vertex 277.776 6 127.01
      vertex 295.6 7.30514 110.915
      vertex 277.215 7.30514 126.342
    endloop
  endfacet
  facet normal -0.60873 -0.321316 -0.725399
    outer loop
      vertex 220.543 -4.5922 29.508
      vertex 224.179 -3.10583 25.7984
      vertex 224.503 -4.5922 26.1849
    endloop
  endfacet
  facet normal -0.608759 -0.321254 -0.725402
    outer loop
      vertex 224.179 -3.10583 25.7984
      vertex 220.543 -4.5922 29.508
      vertex 220.039 -3.10583 29.2727
    endloop
  endfacet
  facet normal -0.608757 -0.321089 -0.725477
    outer loop
      vertex 205.989 -4 41.4578
      vertex 213.277 -3.10583 34.9466
      vertex 213.58 -4 35.0881
    endloop
  endfacet
  facet normal -0.608676 -0.321363 -0.725424
    outer loop
      vertex 213.277 -3.10583 34.9466
      vertex 205.989 -4 41.4578
      vertex 205.794 -3.10583 41.2253
    endloop
  endfacet
  facet normal 0.357078 0.831511 0.42554
    outer loop
      vertex 275.791 9.52024 124.645
      vertex 284.145 10.3923 115.931
      vertex 275.233 10.1007 123.979
    endloop
  endfacet
  facet normal 0.357064 0.831524 0.425528
    outer loop
      vertex 294.176 9.52024 109.218
      vertex 284.145 10.3923 115.931
      vertex 275.791 9.52024 124.645
    endloop
  endfacet
  facet normal 0.357073 0.831512 0.425544
    outer loop
      vertex 284.145 10.3923 115.931
      vertex 294.176 9.52024 109.218
      vertex 293.337 10.3923 108.218
    endloop
  endfacet
  facet normal -0.630473 -0.19516 -0.751276
    outer loop
      vertex 220.039 -3.10583 29.2727
      vertex 223.982 -1.56631 25.5638
      vertex 224.179 -3.10583 25.7984
    endloop
  endfacet
  facet normal -0.63039 -0.195394 -0.751285
    outer loop
      vertex 223.982 -1.56631 25.5638
      vertex 220.039 -3.10583 29.2727
      vertex 219.732 -1.56631 29.1299
    endloop
  endfacet
  facet normal -0.630432 -0.194999 -0.751353
    outer loop
      vertex 205.794 -3.10583 41.2253
      vertex 212.971 -1.56631 34.8038
      vertex 213.277 -3.10583 34.9466
    endloop
  endfacet
  facet normal -0.630391 -0.19516 -0.751346
    outer loop
      vertex 212.971 -1.56631 34.8038
      vertex 205.794 -3.10583 41.2253
      vertex 205.597 -1.56631 40.9907
    endloop
  endfacet
  facet normal 0.423774 0.751905 0.505029
    outer loop
      vertex 294.935 8.48528 110.122
      vertex 275.791 9.52024 124.645
      vertex 276.55 8.48528 125.549
    endloop
  endfacet
  facet normal 0.423774 0.751905 0.505029
    outer loop
      vertex 275.791 9.52024 124.645
      vertex 294.935 8.48528 110.122
      vertex 294.176 9.52024 109.218
    endloop
  endfacet
  facet normal 0.641428 -0.0650949 0.764417
    outer loop
      vertex 278.809 0 128.241
      vertex 297.128 -1.56631 112.736
      vertex 297.194 0 112.814
    endloop
  endfacet
  facet normal 0.641428 -0.0650949 0.764417
    outer loop
      vertex 297.128 -1.56631 112.736
      vertex 278.809 0 128.241
      vertex 278.743 -1.56631 128.163
    endloop
  endfacet
  facet normal 0.206515 -0.946984 0.246115
    outer loop
      vertex 282.284 -11.5911 113.714
      vertex 292.432 -11.0866 107.14
      vertex 283.24 -11.0866 114.853
    endloop
  endfacet
  facet normal 0.206582 -0.946942 0.246222
    outer loop
      vertex 292.432 -11.0866 107.14
      vertex 282.284 -11.5911 113.714
      vertex 291.477 -11.5911 106.001
    endloop
  endfacet
  facet normal -0.576338 -0.442563 -0.687002
    outer loop
      vertex 221.237 -6 29.8317
      vertex 224.503 -4.5922 26.1849
      vertex 224.95 -6 26.7168
    endloop
  endfacet
  facet normal -0.576554 -0.442199 -0.687055
    outer loop
      vertex 224.503 -4.5922 26.1849
      vertex 221.237 -6 29.8317
      vertex 220.543 -4.5922 29.508
    endloop
  endfacet
  facet normal 0.608753 -0.321098 0.725476
    outer loop
      vertex 278.546 -3.10583 127.928
      vertex 296.607 -4.5922 112.115
      vertex 296.931 -3.10583 112.501
    endloop
  endfacet
  facet normal 0.608634 -0.321535 0.725382
    outer loop
      vertex 296.607 -4.5922 112.115
      vertex 278.546 -3.10583 127.928
      vertex 278.222 -4.5922 127.541
    endloop
  endfacet
  facet normal 0.576485 -0.442273 0.687066
    outer loop
      vertex 278.222 -4.5922 127.541
      vertex 296.161 -6 111.583
      vertex 296.607 -4.5922 112.115
    endloop
  endfacet
  facet normal 0.576632 -0.44188 0.687196
    outer loop
      vertex 296.161 -6 111.583
      vertex 278.222 -4.5922 127.541
      vertex 277.776 -6 127.01
    endloop
  endfacet
  facet normal 0.766334 0 -0.642443
    outer loop
      vertex 289.481 2 103.622
      vertex 289.481 12 103.622
      vertex 290.487 11.8973 104.822
    endloop
  endfacet
  facet normal 0.766045 0.000884818 -0.642786
    outer loop
      vertex 289.481 12 103.622
      vertex 232.741 11.8973 36.0016
      vertex 231.63 12 34.6777
    endloop
  endfacet
  facet normal 0.765836 0.000122545 -0.643036
    outer loop
      vertex 289.481 2 103.622
      vertex 290.487 11.8973 104.822
      vertex 291.477 11.5911 106.001
    endloop
  endfacet
  facet normal 0.766046 0.000210077 -0.642786
    outer loop
      vertex 289.481 12 103.622
      vertex 233.833 11.5911 37.3029
      vertex 232.741 11.8973 36.0016
    endloop
  endfacet
  facet normal 0.766256 -0.00014545 -0.642535
    outer loop
      vertex 289.648 1.98289 103.822
      vertex 291.477 11.5911 106.001
      vertex 292.432 11.0866 107.14
    endloop
  endfacet
  facet normal 0.766047 -0.000231156 -0.642785
    outer loop
      vertex 289.481 12 103.622
      vertex 234.887 11.0866 38.5592
      vertex 233.833 11.5911 37.3029
    endloop
  endfacet
  facet normal 0.76592 0.000103534 -0.642936
    outer loop
      vertex 289.648 1.98289 103.822
      vertex 292.432 11.0866 107.14
      vertex 293.337 10.3923 108.218
    endloop
  endfacet
  facet normal 0.766049 -0.000475696 -0.642782
    outer loop
      vertex 289.481 12 103.622
      vertex 235.885 10.3923 39.7491
      vertex 234.887 11.0866 38.5592
    endloop
  endfacet
  facet normal 0.766077 -1.26383e-05 -0.642749
    outer loop
      vertex 289.813 1.93185 104.018
      vertex 293.337 10.3923 108.218
      vertex 294.176 9.52024 109.218
    endloop
  endfacet
  facet normal 0.76604 0.00025588 -0.642793
    outer loop
      vertex 289.481 12 103.622
      vertex 236.811 9.52024 40.8523
      vertex 235.885 10.3923 39.7491
    endloop
  endfacet
  facet normal 0.765965 0.000194507 -0.642883
    outer loop
      vertex 289.973 1.84776 104.208
      vertex 294.176 9.52024 109.218
      vertex 294.935 8.48528 110.122
    endloop
  endfacet
  facet normal 0.766045 -9.78035e-07 -0.642787
    outer loop
      vertex 289.481 12 103.622
      vertex 237.648 8.48528 41.8498
      vertex 236.811 9.52024 40.8523
    endloop
  endfacet
  facet normal 0.766108 -0.000177335 -0.642712
    outer loop
      vertex 290.123 1.73205 104.388
      vertex 294.935 8.48528 110.122
      vertex 295.6 7.30514 110.915
    endloop
  endfacet
  facet normal 0.764278 0.000248595 -0.644887
    outer loop
      vertex 289.481 12 103.622
      vertex 288.989 1.84776 103.035
      vertex 288.838 1.73205 102.856
    endloop
  endfacet
  facet normal 0.76598 0.000215161 -0.642865
    outer loop
      vertex 290.263 1.58671 104.554
      vertex 295.6 7.30514 110.915
      vertex 296.161 6 111.583
    endloop
  endfacet
  facet normal 0.766909 -5.99797e-05 -0.641755
    outer loop
      vertex 289.481 12 103.622
      vertex 289.148 1.93185 103.225
      vertex 288.989 1.84776 103.035
    endloop
  endfacet
  facet normal 0.766116 -0.000163303 -0.642702
    outer loop
      vertex 290.39 1.41421 104.705
      vertex 296.161 6 111.583
      vertex 296.607 4.5922 112.115
    endloop
  endfacet
  facet normal 0.766629 -3.74887e-05 -0.642091
    outer loop
      vertex 289.481 12 103.622
      vertex 289.313 1.98289 103.422
      vertex 289.148 1.93185 103.225
    endloop
  endfacet
  facet normal 0.766032 4.87443e-05 -0.642803
    outer loop
      vertex 290.594 1 104.949
      vertex 296.607 4.5922 112.115
      vertex 296.931 3.10583 112.501
    endloop
  endfacet
  facet normal 0.766366 -6.73921e-05 -0.642404
    outer loop
      vertex 289.481 12 103.622
      vertex 288.838 1.73205 102.856
      vertex 288.698 1.58671 102.689
    endloop
  endfacet
  facet normal 0.765705 0 -0.643192
    outer loop
      vertex 289.481 12 103.622
      vertex 289.481 2 103.622
      vertex 289.313 1.98289 103.422
    endloop
  endfacet
  facet normal 0.76756 -0.000747215 -0.640977
    outer loop
      vertex 291.477 11.5911 106.001
      vertex 289.648 1.98289 103.822
      vertex 289.481 2 103.622
    endloop
  endfacet
  facet normal 0.765132 0.000938123 -0.643872
    outer loop
      vertex 293.337 10.3923 108.218
      vertex 289.813 1.93185 104.018
      vertex 289.648 1.98289 103.822
    endloop
  endfacet
  facet normal 0.76518 0.00123386 -0.643816
    outer loop
      vertex 294.176 9.52024 109.218
      vertex 289.973 1.84776 104.208
      vertex 289.813 1.93185 104.018
    endloop
  endfacet
  facet normal 0.767436 -0.00247499 -0.641121
    outer loop
      vertex 294.935 8.48528 110.122
      vertex 290.123 1.73205 104.388
      vertex 289.973 1.84776 104.208
    endloop
  endfacet
  facet normal 0.765242 0.00187781 -0.64374
    outer loop
      vertex 295.6 7.30514 110.915
      vertex 290.263 1.58671 104.554
      vertex 290.123 1.73205 104.388
    endloop
  endfacet
  facet normal 0.76606 -8.88786e-05 -0.642769
    outer loop
      vertex 290.668 0.765367 105.037
      vertex 296.931 3.10583 112.501
      vertex 297.128 1.56631 112.736
    endloop
  endfacet
  facet normal 0.765783 0.000849779 -0.643098
    outer loop
      vertex 296.161 6 111.583
      vertex 290.39 1.41421 104.705
      vertex 290.263 1.58671 104.554
    endloop
  endfacet
  facet normal 0.76592 0.000761445 -0.642935
    outer loop
      vertex 296.607 4.5922 112.115
      vertex 290.501 1.21752 104.837
      vertex 290.39 1.41421 104.705
    endloop
  endfacet
  facet normal 0.766718 -0.00274381 -0.641978
    outer loop
      vertex 296.607 4.5922 112.115
      vertex 290.594 1 104.949
      vertex 290.501 1.21752 104.837
    endloop
  endfacet
  facet normal 0.765974 0.000466489 -0.642871
    outer loop
      vertex 296.931 3.10583 112.501
      vertex 290.668 0.765367 105.037
      vertex 290.594 1 104.949
    endloop
  endfacet
  facet normal 0.766138 -0.00162429 -0.642674
    outer loop
      vertex 297.128 1.56631 112.736
      vertex 290.722 0.517637 105.102
      vertex 290.668 0.765367 105.037
    endloop
  endfacet
  facet normal 0.765975 0.00079981 -0.64287
    outer loop
      vertex 297.128 1.56631 112.736
      vertex 290.755 0.261052 105.141
      vertex 290.722 0.517637 105.102
    endloop
  endfacet
  facet normal 0.76602 0.000266621 -0.642817
    outer loop
      vertex 297.194 0 112.814
      vertex 290.755 0.261052 105.141
      vertex 297.128 1.56631 112.736
    endloop
  endfacet
  facet normal 0.76602 0.00026662 -0.642817
    outer loop
      vertex 297.194 0 112.814
      vertex 290.766 0 105.154
      vertex 290.755 0.261052 105.141
    endloop
  endfacet
  facet normal 0.76602 -0.00026662 -0.642817
    outer loop
      vertex 297.194 0 112.814
      vertex 290.755 -0.261052 105.141
      vertex 290.766 0 105.154
    endloop
  endfacet
  facet normal 0.76602 -0.000266621 -0.642817
    outer loop
      vertex 297.128 -1.56631 112.736
      vertex 290.755 -0.261052 105.141
      vertex 297.194 0 112.814
    endloop
  endfacet
  facet normal 0.765975 -0.00079981 -0.64287
    outer loop
      vertex 290.755 -0.261052 105.141
      vertex 297.128 -1.56631 112.736
      vertex 290.722 -0.517637 105.102
    endloop
  endfacet
  facet normal 0.766138 0.00162429 -0.642674
    outer loop
      vertex 290.722 -0.517637 105.102
      vertex 297.128 -1.56631 112.736
      vertex 290.668 -0.765367 105.037
    endloop
  endfacet
  facet normal 0.76606 8.88786e-05 -0.642769
    outer loop
      vertex 296.931 -3.10583 112.501
      vertex 290.668 -0.765367 105.037
      vertex 297.128 -1.56631 112.736
    endloop
  endfacet
  facet normal 0.765974 -0.000466489 -0.642871
    outer loop
      vertex 290.668 -0.765367 105.037
      vertex 296.931 -3.10583 112.501
      vertex 290.594 -1 104.949
    endloop
  endfacet
  facet normal 0.766032 -4.87443e-05 -0.642803
    outer loop
      vertex 296.607 -4.5922 112.115
      vertex 290.594 -1 104.949
      vertex 296.931 -3.10583 112.501
    endloop
  endfacet
  facet normal 0.766718 0.00274381 -0.641978
    outer loop
      vertex 290.594 -1 104.949
      vertex 296.607 -4.5922 112.115
      vertex 290.501 -1.21752 104.837
    endloop
  endfacet
  facet normal 0.76592 -0.000761445 -0.642935
    outer loop
      vertex 290.501 -1.21752 104.837
      vertex 296.607 -4.5922 112.115
      vertex 290.39 -1.41421 104.705
    endloop
  endfacet
  facet normal 0.766116 0.000163303 -0.642702
    outer loop
      vertex 296.161 -6 111.583
      vertex 290.39 -1.41421 104.705
      vertex 296.607 -4.5922 112.115
    endloop
  endfacet
  facet normal 0.765783 -0.000849779 -0.643098
    outer loop
      vertex 290.39 -1.41421 104.705
      vertex 296.161 -6 111.583
      vertex 290.263 -1.58671 104.554
    endloop
  endfacet
  facet normal 0.76598 -0.000215161 -0.642865
    outer loop
      vertex 295.6 -7.30514 110.915
      vertex 290.263 -1.58671 104.554
      vertex 296.161 -6 111.583
    endloop
  endfacet
  facet normal 0.765242 -0.00187781 -0.64374
    outer loop
      vertex 290.263 -1.58671 104.554
      vertex 295.6 -7.30514 110.915
      vertex 290.123 -1.73205 104.388
    endloop
  endfacet
  facet normal 0.766108 0.000177335 -0.642712
    outer loop
      vertex 294.935 -8.48528 110.122
      vertex 290.123 -1.73205 104.388
      vertex 295.6 -7.30514 110.915
    endloop
  endfacet
  facet normal 0.768011 -0.000367283 -0.640437
    outer loop
      vertex 289.481 12 103.622
      vertex 288.698 1.58671 102.689
      vertex 288.572 1.41421 102.538
    endloop
  endfacet
  facet normal 0.766045 -2.7361e-05 -0.642786
    outer loop
      vertex 289.481 12 103.622
      vertex 238.382 7.30514 42.7246
      vertex 237.648 8.48528 41.8498
    endloop
  endfacet
  facet normal 0.765203 0.000217132 -0.643789
    outer loop
      vertex 289.481 12 103.622
      vertex 288.572 1.41421 102.538
      vertex 288.461 1.21752 102.406
    endloop
  endfacet
  facet normal 0.766055 -0.000281518 -0.642775
    outer loop
      vertex 289.481 12 103.622
      vertex 239 6 43.4617
      vertex 238.382 7.30514 42.7246
    endloop
  endfacet
  facet normal 0.762268 0.000886253 -0.647261
    outer loop
      vertex 289.481 12 103.622
      vertex 288.461 1.21752 102.406
      vertex 288.367 1 102.295
    endloop
  endfacet
  facet normal 0.766025 0.00031936 -0.64281
    outer loop
      vertex 289.481 12 103.622
      vertex 239.493 4.5922 44.0485
      vertex 239 6 43.4617
    endloop
  endfacet
  facet normal 0.770344 -0.00109383 -0.637627
    outer loop
      vertex 288.293 0.765367 102.206
      vertex 289.481 12 103.622
      vertex 288.367 1 102.295
    endloop
  endfacet
  facet normal 0.766041 6.20717e-05 -0.642791
    outer loop
      vertex 289.481 12 103.622
      vertex 239.851 3.10583 44.475
      vertex 239.493 4.5922 44.0485
    endloop
  endfacet
  facet normal 0.766045 1.10976e-05 -0.642787
    outer loop
      vertex 289.481 12 103.622
      vertex 288.293 0.765367 102.206
      vertex 239.851 3.10583 44.475
    endloop
  endfacet
  facet normal 0.766026 -0.000910974 -0.642809
    outer loop
      vertex 288.239 0.517637 102.142
      vertex 239.851 3.10583 44.475
      vertex 288.293 0.765367 102.206
    endloop
  endfacet
  facet normal 0.766045 -7.89035e-05 -0.642787
    outer loop
      vertex 239.851 3.10583 44.475
      vertex 288.239 0.517637 102.142
      vertex 240.068 1.56631 44.7338
    endloop
  endfacet
  facet normal 0.766038 -0.000819487 -0.642795
    outer loop
      vertex 288.206 0.261052 102.103
      vertex 240.068 1.56631 44.7338
      vertex 288.239 0.517637 102.142
    endloop
  endfacet
  facet normal 0.766049 -0.000269593 -0.642782
    outer loop
      vertex 240.141 0 44.8206
      vertex 288.206 0.261052 102.103
      vertex 288.195 0 102.09
    endloop
  endfacet
  facet normal 0.766048 8.17156e-05 -0.642783
    outer loop
      vertex 288.206 0.261052 102.103
      vertex 240.141 0 44.8206
      vertex 240.068 1.56631 44.7338
    endloop
  endfacet
  facet normal 0.766049 0.000269593 -0.642782
    outer loop
      vertex 288.206 -0.261052 102.103
      vertex 240.141 0 44.8206
      vertex 288.195 0 102.09
    endloop
  endfacet
  facet normal 0.766038 0.000819487 -0.642795
    outer loop
      vertex 240.068 -1.56631 44.7338
      vertex 288.206 -0.261052 102.103
      vertex 288.239 -0.517637 102.142
    endloop
  endfacet
  facet normal 0.766026 0.000910974 -0.642809
    outer loop
      vertex 239.851 -3.10583 44.475
      vertex 288.239 -0.517637 102.142
      vertex 288.293 -0.765367 102.206
    endloop
  endfacet
  facet normal 0.770344 0.00109383 -0.637627
    outer loop
      vertex 289.481 -12 103.622
      vertex 288.293 -0.765367 102.206
      vertex 288.367 -1 102.295
    endloop
  endfacet
  facet normal 0.762268 -0.000886253 -0.647261
    outer loop
      vertex 289.481 -12 103.622
      vertex 288.367 -1 102.295
      vertex 288.461 -1.21752 102.406
    endloop
  endfacet
  facet normal 0.765203 -0.000217132 -0.643789
    outer loop
      vertex 289.481 -12 103.622
      vertex 288.461 -1.21752 102.406
      vertex 288.572 -1.41421 102.538
    endloop
  endfacet
  facet normal 0.766048 -8.17156e-05 -0.642783
    outer loop
      vertex 288.206 -0.261052 102.103
      vertex 240.068 -1.56631 44.7338
      vertex 240.141 0 44.8206
    endloop
  endfacet
  facet normal 0.768011 0.000367283 -0.640437
    outer loop
      vertex 289.481 -12 103.622
      vertex 288.572 -1.41421 102.538
      vertex 288.698 -1.58671 102.689
    endloop
  endfacet
  facet normal 0.766366 6.73921e-05 -0.642404
    outer loop
      vertex 289.481 -12 103.622
      vertex 288.698 -1.58671 102.689
      vertex 288.838 -1.73205 102.856
    endloop
  endfacet
  facet normal 0.764278 -0.000248595 -0.644887
    outer loop
      vertex 289.481 -12 103.622
      vertex 288.838 -1.73205 102.856
      vertex 288.989 -1.84776 103.035
    endloop
  endfacet
  facet normal 0.766909 5.99797e-05 -0.641755
    outer loop
      vertex 289.481 -12 103.622
      vertex 288.989 -1.84776 103.035
      vertex 289.148 -1.93185 103.225
    endloop
  endfacet
  facet normal 0.766629 3.74887e-05 -0.642091
    outer loop
      vertex 289.481 -12 103.622
      vertex 289.148 -1.93185 103.225
      vertex 289.313 -1.98289 103.422
    endloop
  endfacet
  facet normal 0.765705 0 -0.643192
    outer loop
      vertex 289.481 -12 103.622
      vertex 289.313 -1.98289 103.422
      vertex 289.481 -2 103.622
    endloop
  endfacet
  facet normal 0.767436 0.00247499 -0.641121
    outer loop
      vertex 290.123 -1.73205 104.388
      vertex 294.935 -8.48528 110.122
      vertex 289.973 -1.84776 104.208
    endloop
  endfacet
  facet normal 0.766045 -1.10976e-05 -0.642787
    outer loop
      vertex 288.293 -0.765367 102.206
      vertex 289.481 -12 103.622
      vertex 239.851 -3.10583 44.475
    endloop
  endfacet
  facet normal 0.765965 -0.000194507 -0.642883
    outer loop
      vertex 294.176 -9.52024 109.218
      vertex 289.973 -1.84776 104.208
      vertex 294.935 -8.48528 110.122
    endloop
  endfacet
  facet normal 0.766045 7.89035e-05 -0.642787
    outer loop
      vertex 288.239 -0.517637 102.142
      vertex 239.851 -3.10583 44.475
      vertex 240.068 -1.56631 44.7338
    endloop
  endfacet
  facet normal 0.76518 -0.00123386 -0.643816
    outer loop
      vertex 289.973 -1.84776 104.208
      vertex 294.176 -9.52024 109.218
      vertex 289.813 -1.93185 104.018
    endloop
  endfacet
  facet normal 0.766041 -6.20717e-05 -0.642791
    outer loop
      vertex 239.851 -3.10583 44.475
      vertex 289.481 -12 103.622
      vertex 239.493 -4.5922 44.0485
    endloop
  endfacet
  facet normal 0.766077 1.26383e-05 -0.642749
    outer loop
      vertex 293.337 -10.3923 108.218
      vertex 289.813 -1.93185 104.018
      vertex 294.176 -9.52024 109.218
    endloop
  endfacet
  facet normal 0.766025 -0.00031936 -0.64281
    outer loop
      vertex 239.493 -4.5922 44.0485
      vertex 289.481 -12 103.622
      vertex 239 -6 43.4617
    endloop
  endfacet
  facet normal 0.765132 -0.000938123 -0.643872
    outer loop
      vertex 289.813 -1.93185 104.018
      vertex 293.337 -10.3923 108.218
      vertex 289.648 -1.98289 103.822
    endloop
  endfacet
  facet normal 0.766055 0.000281518 -0.642775
    outer loop
      vertex 239 -6 43.4617
      vertex 289.481 -12 103.622
      vertex 238.382 -7.30514 42.7246
    endloop
  endfacet
  facet normal 0.76592 -0.000103534 -0.642936
    outer loop
      vertex 292.432 -11.0866 107.14
      vertex 289.648 -1.98289 103.822
      vertex 293.337 -10.3923 108.218
    endloop
  endfacet
  facet normal 0.766045 2.7361e-05 -0.642786
    outer loop
      vertex 238.382 -7.30514 42.7246
      vertex 289.481 -12 103.622
      vertex 237.648 -8.48528 41.8498
    endloop
  endfacet
  facet normal 0.766256 0.00014545 -0.642535
    outer loop
      vertex 291.477 -11.5911 106.001
      vertex 289.648 -1.98289 103.822
      vertex 292.432 -11.0866 107.14
    endloop
  endfacet
  facet normal 0.766045 9.78035e-07 -0.642787
    outer loop
      vertex 237.648 -8.48528 41.8498
      vertex 289.481 -12 103.622
      vertex 236.811 -9.52024 40.8523
    endloop
  endfacet
  facet normal 0.76756 0.000747215 -0.640977
    outer loop
      vertex 289.648 -1.98289 103.822
      vertex 291.477 -11.5911 106.001
      vertex 289.481 -2 103.622
    endloop
  endfacet
  facet normal 0.76604 -0.00025588 -0.642793
    outer loop
      vertex 236.811 -9.52024 40.8523
      vertex 289.481 -12 103.622
      vertex 235.885 -10.3923 39.7491
    endloop
  endfacet
  facet normal 0.765836 -0.000122545 -0.643036
    outer loop
      vertex 290.487 -11.8973 104.822
      vertex 289.481 -2 103.622
      vertex 291.477 -11.5911 106.001
    endloop
  endfacet
  facet normal 0.766049 0.000475696 -0.642782
    outer loop
      vertex 235.885 -10.3923 39.7491
      vertex 289.481 -12 103.622
      vertex 234.887 -11.0866 38.5592
    endloop
  endfacet
  facet normal 0.766334 0 -0.642443
    outer loop
      vertex 289.481 -2 103.622
      vertex 290.487 -11.8973 104.822
      vertex 289.481 -12 103.622
    endloop
  endfacet
  facet normal 0.766047 0.000231156 -0.642785
    outer loop
      vertex 234.887 -11.0866 38.5592
      vertex 289.481 -12 103.622
      vertex 233.833 -11.5911 37.3029
    endloop
  endfacet
  facet normal 0.766046 -0.000210077 -0.642786
    outer loop
      vertex 233.833 -11.5911 37.3029
      vertex 289.481 -12 103.622
      vertex 232.741 -11.8973 36.0016
    endloop
  endfacet
  facet normal 0.766045 -0.000884818 -0.642786
    outer loop
      vertex 232.741 -11.8973 36.0016
      vertex 289.481 -12 103.622
      vertex 231.63 -12 34.6777
    endloop
  endfacet
  facet normal 0.765966 0 -0.642881
    outer loop
      vertex 231.63 2 34.6777
      vertex 230.623 11.8973 33.4779
      vertex 231.63 12 34.6777
    endloop
  endfacet
  facet normal 0.765929 -9.30037e-06 -0.642926
    outer loop
      vertex 230.623 11.8973 33.4779
      vertex 231.63 2 34.6777
      vertex 229.633 11.5911 32.2985
    endloop
  endfacet
  facet normal 0.766158 8.6764e-05 -0.642653
    outer loop
      vertex 229.633 11.5911 32.2985
      vertex 231.462 1.98289 34.4777
      vertex 228.678 11.0866 31.1599
    endloop
  endfacet
  facet normal 0.766011 -2.17019e-05 -0.642827
    outer loop
      vertex 228.678 11.0866 31.1599
      vertex 231.462 1.98289 34.4777
      vertex 227.773 10.3923 30.0815
    endloop
  endfacet
  facet normal 0.765845 -0.000197701 -0.643025
    outer loop
      vertex 231.297 1.93185 34.2812
      vertex 227.773 10.3923 30.0815
      vertex 231.462 1.98289 34.4777
    endloop
  endfacet
  facet normal 0.766026 -1.59953e-05 -0.64281
    outer loop
      vertex 227.773 10.3923 30.0815
      vertex 231.297 1.93185 34.2812
      vertex 226.934 9.52024 29.0817
    endloop
  endfacet
  facet normal 0.766183 0.000220206 -0.642622
    outer loop
      vertex 226.934 9.52024 29.0817
      vertex 231.138 1.84776 34.0914
      vertex 226.176 8.48528 28.1776
    endloop
  endfacet
  facet normal 0.765765 -0.00053541 -0.64312
    outer loop
      vertex 230.987 1.73205 33.9117
      vertex 226.176 8.48528 28.1776
      vertex 231.138 1.84776 34.0914
    endloop
  endfacet
  facet normal 0.7659 -0.000305968 -0.64296
    outer loop
      vertex 230.847 1.58671 33.745
      vertex 225.51 7.30514 27.3848
      vertex 230.987 1.73205 33.9117
    endloop
  endfacet
  facet normal 0.76571 -0.000119454 -0.643186
    outer loop
      vertex 229.633 11.5911 32.2985
      vertex 231.63 2 34.6777
      vertex 231.462 1.98289 34.4777
    endloop
  endfacet
  facet normal 0.766441 0.000562083 -0.642315
    outer loop
      vertex 231.138 1.84776 34.0914
      vertex 226.934 9.52024 29.0817
      vertex 231.297 1.93185 34.2812
    endloop
  endfacet
  facet normal 0.765902 -0.00030013 -0.642957
    outer loop
      vertex 226.176 8.48528 28.1776
      vertex 230.987 1.73205 33.9117
      vertex 225.51 7.30514 27.3848
    endloop
  endfacet
  facet normal 0.76613 0.000215159 -0.642685
    outer loop
      vertex 225.51 7.30514 27.3848
      vertex 230.847 1.58671 33.745
      vertex 224.95 6 26.7168
    endloop
  endfacet
  facet normal 0.766383 0.00103504 -0.642383
    outer loop
      vertex 230.721 1.41421 33.5944
      vertex 224.95 6 26.7168
      vertex 230.847 1.58671 33.745
    endloop
  endfacet
  facet normal 0.765947 -0.000296503 -0.642904
    outer loop
      vertex 224.95 6 26.7168
      vertex 230.721 1.41421 33.5944
      vertex 224.503 4.5922 26.1849
    endloop
  endfacet
  facet normal 0.765972 -0.000177428 -0.642874
    outer loop
      vertex 230.61 1.21752 33.4622
      vertex 224.503 4.5922 26.1849
      vertex 230.721 1.41421 33.5944
    endloop
  endfacet
  facet normal 0.765622 -0.00170324 -0.643288
    outer loop
      vertex 230.516 1 33.3509
      vertex 224.503 4.5922 26.1849
      vertex 230.61 1.21752 33.4622
    endloop
  endfacet
  facet normal 0.766079 0.000142562 -0.642746
    outer loop
      vertex 224.503 4.5922 26.1849
      vertex 230.516 1 33.3509
      vertex 224.179 3.10583 25.7984
    endloop
  endfacet
  facet normal 0.766197 0.0010066 -0.642605
    outer loop
      vertex 230.442 0.765367 33.2623
      vertex 224.179 3.10583 25.7984
      vertex 230.516 1 33.3509
    endloop
  endfacet
  facet normal 0.766032 -6.92552e-05 -0.642803
    outer loop
      vertex 224.179 3.10583 25.7984
      vertex 230.442 0.765367 33.2623
      vertex 223.982 1.56631 25.5638
    endloop
  endfacet
  facet normal 0.766054 0.000371918 -0.642776
    outer loop
      vertex 230.388 0.517637 33.1978
      vertex 223.982 1.56631 25.5638
      vertex 230.442 0.765367 33.2623
    endloop
  endfacet
  facet normal 0.765991 -0.000554411 -0.642851
    outer loop
      vertex 230.355 0.261052 33.1587
      vertex 223.982 1.56631 25.5638
      vertex 230.388 0.517637 33.1978
    endloop
  endfacet
  facet normal 0.766037 -2.20645e-05 -0.642797
    outer loop
      vertex 223.916 0 25.4852
      vertex 230.355 0.261052 33.1587
      vertex 230.344 0 33.1456
    endloop
  endfacet
  facet normal 0.766037 -2.20645e-05 -0.642797
    outer loop
      vertex 230.355 0.261052 33.1587
      vertex 223.916 0 25.4852
      vertex 223.982 1.56631 25.5638
    endloop
  endfacet
  facet normal 0.766037 2.20645e-05 -0.642797
    outer loop
      vertex 230.355 -0.261052 33.1587
      vertex 223.916 0 25.4852
      vertex 230.344 0 33.1456
    endloop
  endfacet
  facet normal 0.765991 0.000554411 -0.642851
    outer loop
      vertex 223.982 -1.56631 25.5638
      vertex 230.355 -0.261052 33.1587
      vertex 230.388 -0.517637 33.1978
    endloop
  endfacet
  facet normal 0.766054 -0.000371918 -0.642776
    outer loop
      vertex 223.982 -1.56631 25.5638
      vertex 230.388 -0.517637 33.1978
      vertex 230.442 -0.765367 33.2623
    endloop
  endfacet
  facet normal 0.766197 -0.0010066 -0.642605
    outer loop
      vertex 224.179 -3.10583 25.7984
      vertex 230.442 -0.765367 33.2623
      vertex 230.516 -1 33.3509
    endloop
  endfacet
  facet normal 0.765622 0.00170324 -0.643288
    outer loop
      vertex 224.503 -4.5922 26.1849
      vertex 230.516 -1 33.3509
      vertex 230.61 -1.21752 33.4622
    endloop
  endfacet
  facet normal 0.765972 0.000177428 -0.642874
    outer loop
      vertex 224.503 -4.5922 26.1849
      vertex 230.61 -1.21752 33.4622
      vertex 230.721 -1.41421 33.5944
    endloop
  endfacet
  facet normal 0.766037 2.20645e-05 -0.642797
    outer loop
      vertex 230.355 -0.261052 33.1587
      vertex 223.982 -1.56631 25.5638
      vertex 223.916 0 25.4852
    endloop
  endfacet
  facet normal 0.766383 -0.00103504 -0.642383
    outer loop
      vertex 224.95 -6 26.7168
      vertex 230.721 -1.41421 33.5944
      vertex 230.847 -1.58671 33.745
    endloop
  endfacet
  facet normal 0.7659 0.000305968 -0.64296
    outer loop
      vertex 225.51 -7.30514 27.3848
      vertex 230.847 -1.58671 33.745
      vertex 230.987 -1.73205 33.9117
    endloop
  endfacet
  facet normal 0.765765 0.00053541 -0.64312
    outer loop
      vertex 226.176 -8.48528 28.1776
      vertex 230.987 -1.73205 33.9117
      vertex 231.138 -1.84776 34.0914
    endloop
  endfacet
  facet normal 0.766441 -0.000562083 -0.642315
    outer loop
      vertex 226.934 -9.52024 29.0817
      vertex 231.138 -1.84776 34.0914
      vertex 231.297 -1.93185 34.2812
    endloop
  endfacet
  facet normal 0.765845 0.000197701 -0.643025
    outer loop
      vertex 227.773 -10.3923 30.0815
      vertex 231.297 -1.93185 34.2812
      vertex 231.462 -1.98289 34.4777
    endloop
  endfacet
  facet normal 0.76571 0.000119454 -0.643186
    outer loop
      vertex 229.633 -11.5911 32.2985
      vertex 231.462 -1.98289 34.4777
      vertex 231.63 -2 34.6777
    endloop
  endfacet
  facet normal 0.766032 6.92552e-05 -0.642803
    outer loop
      vertex 230.442 -0.765367 33.2623
      vertex 224.179 -3.10583 25.7984
      vertex 223.982 -1.56631 25.5638
    endloop
  endfacet
  facet normal 0.766079 -0.000142562 -0.642746
    outer loop
      vertex 230.516 -1 33.3509
      vertex 224.503 -4.5922 26.1849
      vertex 224.179 -3.10583 25.7984
    endloop
  endfacet
  facet normal 0.765947 0.000296503 -0.642904
    outer loop
      vertex 230.721 -1.41421 33.5944
      vertex 224.95 -6 26.7168
      vertex 224.503 -4.5922 26.1849
    endloop
  endfacet
  facet normal 0.76613 -0.000215159 -0.642685
    outer loop
      vertex 230.847 -1.58671 33.745
      vertex 225.51 -7.30514 27.3848
      vertex 224.95 -6 26.7168
    endloop
  endfacet
  facet normal 0.765902 0.00030013 -0.642957
    outer loop
      vertex 230.987 -1.73205 33.9117
      vertex 226.176 -8.48528 28.1776
      vertex 225.51 -7.30514 27.3848
    endloop
  endfacet
  facet normal 0.766183 -0.000220206 -0.642622
    outer loop
      vertex 231.138 -1.84776 34.0914
      vertex 226.934 -9.52024 29.0817
      vertex 226.176 -8.48528 28.1776
    endloop
  endfacet
  facet normal 0.766026 1.59953e-05 -0.64281
    outer loop
      vertex 231.297 -1.93185 34.2812
      vertex 227.773 -10.3923 30.0815
      vertex 226.934 -9.52024 29.0817
    endloop
  endfacet
  facet normal 0.766011 2.17019e-05 -0.642827
    outer loop
      vertex 231.462 -1.98289 34.4777
      vertex 228.678 -11.0866 31.1599
      vertex 227.773 -10.3923 30.0815
    endloop
  endfacet
  facet normal 0.766158 -8.6764e-05 -0.642653
    outer loop
      vertex 231.462 -1.98289 34.4777
      vertex 229.633 -11.5911 32.2985
      vertex 228.678 -11.0866 31.1599
    endloop
  endfacet
  facet normal 0.765929 9.30037e-06 -0.642926
    outer loop
      vertex 231.63 -2 34.6777
      vertex 230.623 -11.8973 33.4779
      vertex 229.633 -11.5911 32.2985
    endloop
  endfacet
  facet normal 0.765966 0 -0.642881
    outer loop
      vertex 230.623 -11.8973 33.4779
      vertex 231.63 -2 34.6777
      vertex 231.63 -12 34.6777
    endloop
  endfacet
  facet normal 0.761947 0.166942 -0.625753
    outer loop
      vertex 231.815 1.98289 34.8984
      vertex 231.798 1.98289 34.8777
      vertex 231.63 2 34.6777
    endloop
  endfacet
  facet normal 0.759723 -0.0470144 -0.648544
    outer loop
      vertex 231.962 1.93185 35.0743
      vertex 231.815 1.98289 34.8984
      vertex 231.997 1.93185 35.1153
    endloop
  endfacet
  facet normal 0.77222 0.0384455 -0.634191
    outer loop
      vertex 231.815 1.98289 34.8984
      vertex 231.962 1.93185 35.0743
      vertex 231.798 1.98289 34.8777
    endloop
  endfacet
  facet normal 0.765107 -0.00130624 -0.643902
    outer loop
      vertex 232.122 1.84776 35.264
      vertex 231.997 1.93185 35.1153
      vertex 232.173 1.84776 35.3246
    endloop
  endfacet
  facet normal 0.760448 -0.0175351 -0.649163
    outer loop
      vertex 231.997 1.93185 35.1153
      vertex 232.122 1.84776 35.264
      vertex 231.962 1.93185 35.0743
    endloop
  endfacet
  facet normal 0.768214 0.00442609 -0.640178
    outer loop
      vertex 232.273 1.73205 35.4438
      vertex 232.173 1.84776 35.3246
      vertex 232.339 1.73205 35.523
    endloop
  endfacet
  facet normal 0.765106 -0.00209498 -0.643901
    outer loop
      vertex 232.173 1.84776 35.3246
      vertex 232.273 1.73205 35.4438
      vertex 232.122 1.84776 35.264
    endloop
  endfacet
  facet normal 0.765609 -0.00230599 -0.643302
    outer loop
      vertex 232.412 1.58671 35.6104
      vertex 232.339 1.73205 35.523
      vertex 232.493 1.58671 35.7068
    endloop
  endfacet
  facet normal 0.768221 0.000880947 -0.640184
    outer loop
      vertex 232.339 1.73205 35.523
      vertex 232.412 1.58671 35.6104
      vertex 232.273 1.73205 35.4438
    endloop
  endfacet
  facet normal 0.765973 0.00189511 -0.64287
    outer loop
      vertex 232.539 1.41421 35.7611
      vertex 232.493 1.58671 35.7068
      vertex 232.633 1.41421 35.8731
    endloop
  endfacet
  facet normal 0.76561 0.00166207 -0.643303
    outer loop
      vertex 232.493 1.58671 35.7068
      vertex 232.539 1.41421 35.7611
      vertex 232.412 1.58671 35.6104
    endloop
  endfacet
  facet normal 0.76747 0.000819498 -0.641085
    outer loop
      vertex 232.65 1.21752 35.8932
      vertex 232.633 1.41421 35.8731
      vertex 232.755 1.21752 36.0189
    endloop
  endfacet
  facet normal 0.765974 0.000507653 -0.642871
    outer loop
      vertex 232.633 1.41421 35.8731
      vertex 232.65 1.21752 35.8932
      vertex 232.539 1.41421 35.7611
    endloop
  endfacet
  facet normal 0.766156 -1.79837e-05 -0.642655
    outer loop
      vertex 232.743 1 36.0046
      vertex 232.755 1.21752 36.0189
      vertex 232.858 1 36.1417
    endloop
  endfacet
  facet normal 0.76747 -0.000193676 -0.641085
    outer loop
      vertex 232.755 1.21752 36.0189
      vertex 232.743 1 36.0046
      vertex 232.65 1.21752 35.8932
    endloop
  endfacet
  facet normal 0.765426 -0.000731381 -0.643523
    outer loop
      vertex 232.817 0.765367 36.0932
      vertex 232.858 1 36.1417
      vertex 232.94 0.765367 36.2395
    endloop
  endfacet
  facet normal 0.766156 -0.00103843 -0.642654
    outer loop
      vertex 232.858 1 36.1417
      vertex 232.817 0.765367 36.0932
      vertex 232.743 1 36.0046
    endloop
  endfacet
  facet normal 0.766986 0.00160266 -0.641662
    outer loop
      vertex 232.872 0.517637 36.1576
      vertex 232.94 0.765367 36.2395
      vertex 233 0.517637 36.3106
    endloop
  endfacet
  facet normal 0.765424 0.00264625 -0.643521
    outer loop
      vertex 232.94 0.765367 36.2395
      vertex 232.872 0.517637 36.1576
      vertex 232.817 0.765367 36.0932
    endloop
  endfacet
  facet normal 0.765416 -0.000706822 -0.643535
    outer loop
      vertex 232.904 0.261052 36.1967
      vertex 233 0.517637 36.3106
      vertex 233.036 0.261052 36.3537
    endloop
  endfacet
  facet normal 0.766985 -0.00212566 -0.641661
    outer loop
      vertex 233 0.517637 36.3106
      vertex 232.904 0.261052 36.1967
      vertex 232.872 0.517637 36.1576
    endloop
  endfacet
  facet normal 0.765838 -0.00051302 -0.643033
    outer loop
      vertex 232.915 0 36.2098
      vertex 233.036 0.261052 36.3537
      vertex 233.048 0 36.3682
    endloop
  endfacet
  facet normal 0.765417 -4.1086e-05 -0.643535
    outer loop
      vertex 233.036 0.261052 36.3537
      vertex 232.915 0 36.2098
      vertex 232.904 0.261052 36.1967
    endloop
  endfacet
  facet normal 0.765838 0.00051302 -0.643033
    outer loop
      vertex 233.036 -0.261052 36.3537
      vertex 232.915 0 36.2098
      vertex 233.048 0 36.3682
    endloop
  endfacet
  facet normal 0.765417 4.1086e-05 -0.643535
    outer loop
      vertex 233.036 -0.261052 36.3537
      vertex 232.904 -0.261052 36.1967
      vertex 232.915 0 36.2098
    endloop
  endfacet
  facet normal 0.765416 0.000706822 -0.643535
    outer loop
      vertex 233 -0.517637 36.3106
      vertex 232.904 -0.261052 36.1967
      vertex 233.036 -0.261052 36.3537
    endloop
  endfacet
  facet normal 0.766985 0.00212566 -0.641661
    outer loop
      vertex 233 -0.517637 36.3106
      vertex 232.872 -0.517637 36.1576
      vertex 232.904 -0.261052 36.1967
    endloop
  endfacet
  facet normal 0.766986 -0.00160266 -0.641662
    outer loop
      vertex 232.94 -0.765367 36.2395
      vertex 232.872 -0.517637 36.1576
      vertex 233 -0.517637 36.3106
    endloop
  endfacet
  facet normal 0.765424 -0.00264625 -0.643521
    outer loop
      vertex 232.94 -0.765367 36.2395
      vertex 232.817 -0.765367 36.0932
      vertex 232.872 -0.517637 36.1576
    endloop
  endfacet
  facet normal 0.765426 0.000731381 -0.643523
    outer loop
      vertex 232.858 -1 36.1417
      vertex 232.817 -0.765367 36.0932
      vertex 232.94 -0.765367 36.2395
    endloop
  endfacet
  facet normal 0.766156 0.00103843 -0.642654
    outer loop
      vertex 232.858 -1 36.1417
      vertex 232.743 -1 36.0046
      vertex 232.817 -0.765367 36.0932
    endloop
  endfacet
  facet normal 0.766156 1.79837e-05 -0.642655
    outer loop
      vertex 232.755 -1.21752 36.0189
      vertex 232.743 -1 36.0046
      vertex 232.858 -1 36.1417
    endloop
  endfacet
  facet normal 0.76747 0.000193676 -0.641085
    outer loop
      vertex 232.755 -1.21752 36.0189
      vertex 232.65 -1.21752 35.8932
      vertex 232.743 -1 36.0046
    endloop
  endfacet
  facet normal 0.76747 -0.000819498 -0.641085
    outer loop
      vertex 232.633 -1.41421 35.8731
      vertex 232.65 -1.21752 35.8932
      vertex 232.755 -1.21752 36.0189
    endloop
  endfacet
  facet normal 0.765974 -0.000507653 -0.642871
    outer loop
      vertex 232.633 -1.41421 35.8731
      vertex 232.539 -1.41421 35.7611
      vertex 232.65 -1.21752 35.8932
    endloop
  endfacet
  facet normal 0.765973 -0.00189511 -0.64287
    outer loop
      vertex 232.493 -1.58671 35.7068
      vertex 232.539 -1.41421 35.7611
      vertex 232.633 -1.41421 35.8731
    endloop
  endfacet
  facet normal 0.76561 -0.00166207 -0.643303
    outer loop
      vertex 232.493 -1.58671 35.7068
      vertex 232.412 -1.58671 35.6104
      vertex 232.539 -1.41421 35.7611
    endloop
  endfacet
  facet normal 0.765609 0.00230599 -0.643302
    outer loop
      vertex 232.339 -1.73205 35.523
      vertex 232.412 -1.58671 35.6104
      vertex 232.493 -1.58671 35.7068
    endloop
  endfacet
  facet normal 0.768221 -0.000880947 -0.640184
    outer loop
      vertex 232.339 -1.73205 35.523
      vertex 232.273 -1.73205 35.4438
      vertex 232.412 -1.58671 35.6104
    endloop
  endfacet
  facet normal 0.768214 -0.00442609 -0.640178
    outer loop
      vertex 232.173 -1.84776 35.3246
      vertex 232.273 -1.73205 35.4438
      vertex 232.339 -1.73205 35.523
    endloop
  endfacet
  facet normal 0.765106 0.00209498 -0.643901
    outer loop
      vertex 232.173 -1.84776 35.3246
      vertex 232.122 -1.84776 35.264
      vertex 232.273 -1.73205 35.4438
    endloop
  endfacet
  facet normal 0.765107 0.00130624 -0.643902
    outer loop
      vertex 231.997 -1.93185 35.1153
      vertex 232.122 -1.84776 35.264
      vertex 232.173 -1.84776 35.3246
    endloop
  endfacet
  facet normal 0.760448 0.0175351 -0.649163
    outer loop
      vertex 231.997 -1.93185 35.1153
      vertex 231.962 -1.93185 35.0743
      vertex 232.122 -1.84776 35.264
    endloop
  endfacet
  facet normal 0.759723 0.0470144 -0.648544
    outer loop
      vertex 231.815 -1.98289 34.8984
      vertex 231.962 -1.93185 35.0743
      vertex 231.997 -1.93185 35.1153
    endloop
  endfacet
  facet normal 0.77222 -0.0384455 -0.634191
    outer loop
      vertex 231.815 -1.98289 34.8984
      vertex 231.798 -1.98289 34.8777
      vertex 231.962 -1.93185 35.0743
    endloop
  endfacet
  facet normal 0.761947 -0.166942 -0.625753
    outer loop
      vertex 231.798 -1.98289 34.8777
      vertex 231.815 -1.98289 34.8984
      vertex 231.63 -2 34.6777
    endloop
  endfacet
  facet normal 0.423774 -0.751905 0.505029
    outer loop
      vertex 275.791 -9.52024 124.645
      vertex 294.935 -8.48528 110.122
      vertex 276.55 -8.48528 125.549
    endloop
  endfacet
  facet normal 0.423774 -0.751905 0.505029
    outer loop
      vertex 294.935 -8.48528 110.122
      vertex 275.791 -9.52024 124.645
      vertex 294.176 -9.52024 109.218
    endloop
  endfacet
  facet normal 0.630448 -0.195 0.751339
    outer loop
      vertex 210.761 1.03528 47.1449
      vertex 220.902 0.522104 38.5024
      vertex 221.004 1.03528 38.55
    endloop
  endfacet
  facet normal 0.630548 -0.194371 0.751418
    outer loop
      vertex 220.902 0.522104 38.5024
      vertex 210.761 1.03528 47.1449
      vertex 210.696 0.522104 47.0667
    endloop
  endfacet
  facet normal -0.35712 0.831484 -0.425558
    outer loop
      vertex 284.917 -3.17341 110.629
      vertex 272.381 -3.4641 120.581
      vertex 272.661 -3.17341 120.914
    endloop
  endfacet
  facet normal -0.357468 0.831105 -0.426007
    outer loop
      vertex 272.381 -3.4641 120.581
      vertex 284.917 -3.17341 110.629
      vertex 284.638 -3.4641 110.296
    endloop
  endfacet
  facet normal -0.6306 0.194089 -0.751447
    outer loop
      vertex 285.836 -1.03528 111.724
      vertex 273.645 -0.522104 122.087
      vertex 285.901 -0.522104 111.802
    endloop
  endfacet
  facet normal -0.630202 0.196679 -0.751108
    outer loop
      vertex 273.645 -0.522104 122.087
      vertex 285.836 -1.03528 111.724
      vertex 273.579 -1.03528 122.008
    endloop
  endfacet
  facet normal -0.206871 -0.946791 -0.24656
    outer loop
      vertex 271.761 3.8637 119.842
      vertex 284.336 3.69552 109.937
      vertex 272.079 3.69552 120.221
    endloop
  endfacet
  facet normal -0.206596 -0.946942 -0.246208
    outer loop
      vertex 284.336 3.69552 109.937
      vertex 271.761 3.8637 119.842
      vertex 284.018 3.8637 109.557
    endloop
  endfacet
  facet normal 0.48323 -0.659457 0.575852
    outer loop
      vertex 221.694 2.43505 38.8718
      vertex 211.427 2.82843 47.9379
      vertex 211.205 2.43505 47.6737
    endloop
  endfacet
  facet normal 0.483271 -0.659388 0.575896
    outer loop
      vertex 211.427 2.82843 47.9379
      vertex 221.694 2.43505 38.8718
      vertex 222.039 2.82843 39.0327
    endloop
  endfacet
  facet normal -0.283996 -0.897106 -0.338448
    outer loop
      vertex 272.079 3.69552 120.221
      vertex 284.638 3.4641 110.296
      vertex 272.381 3.4641 120.581
    endloop
  endfacet
  facet normal -0.284353 -0.89682 -0.338907
    outer loop
      vertex 284.638 3.4641 110.296
      vertex 272.079 3.69552 120.221
      vertex 284.336 3.69552 109.937
    endloop
  endfacet
  facet normal -0.534241 0.556017 -0.636736
    outer loop
      vertex 285.392 -2.43505 111.195
      vertex 273.322 -2 121.702
      vertex 285.579 -2 111.418
    endloop
  endfacet
  facet normal -0.534706 0.555004 -0.637228
    outer loop
      vertex 273.322 -2 121.702
      vertex 285.392 -2.43505 111.195
      vertex 273.135 -2.43505 121.48
    endloop
  endfacet
  facet normal -0.423923 -0.751699 -0.505211
    outer loop
      vertex 272.661 3.17341 120.914
      vertex 285.17 2.82843 110.931
      vertex 272.914 2.82843 121.215
    endloop
  endfacet
  facet normal -0.42348 -0.752335 -0.504635
    outer loop
      vertex 285.17 2.82843 110.931
      vertex 272.661 3.17341 120.914
      vertex 284.917 3.17341 110.629
    endloop
  endfacet
  facet normal -0.641461 -0.0650948 -0.764389
    outer loop
      vertex 273.667 0 122.113
      vertex 285.901 0.522104 111.802
      vertex 285.923 0 111.828
    endloop
  endfacet
  facet normal -0.641461 -0.0650948 -0.764389
    outer loop
      vertex 285.901 0.522104 111.802
      vertex 273.667 0 122.113
      vertex 273.645 0.522104 122.087
    endloop
  endfacet
  facet normal -0.608624 0.321539 -0.725389
    outer loop
      vertex 285.728 -1.53073 111.595
      vertex 273.579 -1.03528 122.008
      vertex 285.836 -1.03528 111.724
    endloop
  endfacet
  facet normal -0.608945 0.320226 -0.725701
    outer loop
      vertex 273.579 -1.03528 122.008
      vertex 285.728 -1.53073 111.595
      vertex 273.471 -1.53073 121.88
    endloop
  endfacet
  facet normal 0.357113 0.831465 0.425601
    outer loop
      vertex 222.433 -3.17341 39.2161
      vertex 211.959 -3.4641 48.5725
      vertex 222.868 -3.4641 39.419
    endloop
  endfacet
  facet normal 0.357001 0.831575 0.42548
    outer loop
      vertex 211.959 -3.4641 48.5725
      vertex 222.433 -3.17341 39.2161
      vertex 211.679 -3.17341 48.2393
    endloop
  endfacet
  facet normal 0.0420218 -0.997861 0.0500812
    outer loop
      vertex 224.346 3.96578 40.1082
      vertex 213.245 4 50.1046
      vertex 212.909 3.96578 49.7047
    endloop
  endfacet
  facet normal 0.042049 -0.997858 0.0501114
    outer loop
      vertex 213.245 4 50.1046
      vertex 224.346 3.96578 40.1082
      vertex 224.868 4 40.3516
    endloop
  endfacet
  facet normal -0.206871 0.946791 -0.24656
    outer loop
      vertex 284.336 -3.69552 109.937
      vertex 271.761 -3.8637 119.842
      vertex 272.079 -3.69552 120.221
    endloop
  endfacet
  facet normal -0.206596 0.946942 -0.246208
    outer loop
      vertex 271.761 -3.8637 119.842
      vertex 284.336 -3.69552 109.937
      vertex 284.018 -3.8637 109.557
    endloop
  endfacet
  facet normal 0.608728 -0.321206 0.725449
    outer loop
      vertex 210.869 1.53073 47.2737
      vertex 221.004 1.03528 38.55
      vertex 221.172 1.53073 38.6284
    endloop
  endfacet
  facet normal 0.608711 -0.321277 0.725433
    outer loop
      vertex 221.004 1.03528 38.55
      vertex 210.869 1.53073 47.2737
      vertex 210.761 1.03528 47.1449
    endloop
  endfacet
  facet normal 0.125383 -0.98079 0.149434
    outer loop
      vertex 223.833 3.8637 39.8689
      vertex 212.909 3.96578 49.7047
      vertex 212.579 3.8637 49.3116
    endloop
  endfacet
  facet normal 0.12543 -0.980776 0.149486
    outer loop
      vertex 212.909 3.96578 49.7047
      vertex 223.833 3.8637 39.8689
      vertex 224.346 3.96578 40.1082
    endloop
  endfacet
  facet normal 0.424147 -0.751419 0.50544
    outer loop
      vertex 222.039 2.82843 39.0327
      vertex 211.679 3.17341 48.2393
      vertex 211.427 2.82843 47.9379
    endloop
  endfacet
  facet normal 0.42358 -0.752148 0.504829
    outer loop
      vertex 211.679 3.17341 48.2393
      vertex 222.039 2.82843 39.0327
      vertex 222.433 3.17341 39.2161
    endloop
  endfacet
  facet normal -0.534241 -0.556017 -0.636736
    outer loop
      vertex 273.322 2 121.702
      vertex 285.392 2.43505 111.195
      vertex 285.579 2 111.418
    endloop
  endfacet
  facet normal -0.534706 -0.555004 -0.637228
    outer loop
      vertex 285.392 2.43505 111.195
      vertex 273.322 2 121.702
      vertex 273.135 2.43505 121.48
    endloop
  endfacet
  facet normal -0.0420683 0.997856 -0.0501343
    outer loop
      vertex 283.688 -3.96578 109.164
      vertex 271.096 -4 119.049
      vertex 271.431 -3.96578 119.449
    endloop
  endfacet
  facet normal -0.0420188 0.997861 -0.0500712
    outer loop
      vertex 271.096 -4 119.049
      vertex 283.688 -3.96578 109.164
      vertex 283.352 -4 108.764
    endloop
  endfacet
  facet normal -0.35712 -0.831484 -0.425558
    outer loop
      vertex 272.381 3.4641 120.581
      vertex 284.917 3.17341 110.629
      vertex 272.661 3.17341 120.914
    endloop
  endfacet
  facet normal -0.357468 -0.831105 -0.426007
    outer loop
      vertex 284.917 3.17341 110.629
      vertex 272.381 3.4641 120.581
      vertex 284.638 3.4641 110.296
    endloop
  endfacet
  facet normal 0.206459 0.94701 0.246061
    outer loop
      vertex 223.337 -3.69552 39.6378
      vertex 212.579 -3.8637 49.3116
      vertex 223.833 -3.8637 39.8689
    endloop
  endfacet
  facet normal 0.206713 0.946882 0.246343
    outer loop
      vertex 212.579 -3.8637 49.3116
      vertex 223.337 -3.69552 39.6378
      vertex 212.261 -3.69552 48.932
    endloop
  endfacet
  facet normal -0.125406 -0.980784 -0.149451
    outer loop
      vertex 271.431 3.96578 119.449
      vertex 284.018 3.8637 109.557
      vertex 271.761 3.8637 119.842
    endloop
  endfacet
  facet normal -0.125406 -0.980784 -0.149451
    outer loop
      vertex 284.018 3.8637 109.557
      vertex 271.431 3.96578 119.449
      vertex 283.688 3.96578 109.164
    endloop
  endfacet
  facet normal -0.641461 0.0650948 -0.764389
    outer loop
      vertex 285.901 -0.522104 111.802
      vertex 273.667 0 122.113
      vertex 285.923 0 111.828
    endloop
  endfacet
  facet normal -0.641461 0.0650948 -0.764389
    outer loop
      vertex 273.667 0 122.113
      vertex 285.901 -0.522104 111.802
      vertex 273.645 -0.522104 122.087
    endloop
  endfacet
  facet normal -0.0420683 -0.997856 -0.0501343
    outer loop
      vertex 271.096 4 119.049
      vertex 283.688 3.96578 109.164
      vertex 271.431 3.96578 119.449
    endloop
  endfacet
  facet normal -0.0420188 -0.997861 -0.0500712
    outer loop
      vertex 283.688 3.96578 109.164
      vertex 271.096 4 119.049
      vertex 283.352 4 108.764
    endloop
  endfacet
  facet normal 0.206713 -0.946882 0.246343
    outer loop
      vertex 223.337 3.69552 39.6378
      vertex 212.579 3.8637 49.3116
      vertex 212.261 3.69552 48.932
    endloop
  endfacet
  facet normal 0.206459 -0.94701 0.246061
    outer loop
      vertex 212.579 3.8637 49.3116
      vertex 223.337 3.69552 39.6378
      vertex 223.833 3.8637 39.8689
    endloop
  endfacet
  facet normal 0.534751 0.554936 0.637249
    outer loop
      vertex 221.404 -2 38.7363
      vertex 211.205 -2.43505 47.6737
      vertex 221.694 -2.43505 38.8718
    endloop
  endfacet
  facet normal 0.53439 0.555713 0.636875
    outer loop
      vertex 211.205 -2.43505 47.6737
      vertex 221.404 -2 38.7363
      vertex 211.018 -2 47.451
    endloop
  endfacet
  facet normal -0.423923 0.751699 -0.505211
    outer loop
      vertex 285.17 -2.82843 110.931
      vertex 272.661 -3.17341 120.914
      vertex 272.914 -2.82843 121.215
    endloop
  endfacet
  facet normal -0.42348 0.752335 -0.504635
    outer loop
      vertex 272.661 -3.17341 120.914
      vertex 285.17 -2.82843 110.931
      vertex 284.917 -3.17341 110.629
    endloop
  endfacet
  facet normal -0.6306 -0.194089 -0.751447
    outer loop
      vertex 273.645 0.522104 122.087
      vertex 285.836 1.03528 111.724
      vertex 285.901 0.522104 111.802
    endloop
  endfacet
  facet normal -0.630202 -0.196679 -0.751108
    outer loop
      vertex 285.836 1.03528 111.724
      vertex 273.645 0.522104 122.087
      vertex 273.579 1.03528 122.008
    endloop
  endfacet
  facet normal 0.483271 0.659388 0.575896
    outer loop
      vertex 221.694 -2.43505 38.8718
      vertex 211.427 -2.82843 47.9379
      vertex 222.039 -2.82843 39.0327
    endloop
  endfacet
  facet normal 0.48323 0.659457 0.575852
    outer loop
      vertex 211.427 -2.82843 47.9379
      vertex 221.694 -2.43505 38.8718
      vertex 211.205 -2.43505 47.6737
    endloop
  endfacet
  facet normal 0.042049 0.997858 0.0501114
    outer loop
      vertex 224.346 -3.96578 40.1082
      vertex 213.245 -4 50.1046
      vertex 224.868 -4 40.3516
    endloop
  endfacet
  facet normal 0.0420218 0.997861 0.0500812
    outer loop
      vertex 213.245 -4 50.1046
      vertex 224.346 -3.96578 40.1082
      vertex 212.909 -3.96578 49.7047
    endloop
  endfacet
  facet normal 0.357001 -0.831575 0.42548
    outer loop
      vertex 222.433 3.17341 39.2161
      vertex 211.959 3.4641 48.5725
      vertex 211.679 3.17341 48.2393
    endloop
  endfacet
  facet normal 0.357113 -0.831465 0.425601
    outer loop
      vertex 211.959 3.4641 48.5725
      vertex 222.433 3.17341 39.2161
      vertex 222.868 3.4641 39.419
    endloop
  endfacet
  facet normal 0.576314 -0.442847 0.686839
    outer loop
      vertex 211.018 2 47.451
      vertex 221.172 1.53073 38.6284
      vertex 221.404 2 38.7363
    endloop
  endfacet
  facet normal 0.576415 -0.44256 0.68694
    outer loop
      vertex 221.172 1.53073 38.6284
      vertex 211.018 2 47.451
      vertex 210.869 1.53073 47.2737
    endloop
  endfacet
  facet normal 0.284397 0.896801 0.338919
    outer loop
      vertex 222.868 -3.4641 39.419
      vertex 212.261 -3.69552 48.932
      vertex 223.337 -3.69552 39.6378
    endloop
  endfacet
  facet normal 0.284176 0.896963 0.338676
    outer loop
      vertex 212.261 -3.69552 48.932
      vertex 222.868 -3.4641 39.419
      vertex 211.959 -3.4641 48.5725
    endloop
  endfacet
  facet normal -0.283996 0.897106 -0.338448
    outer loop
      vertex 284.638 -3.4641 110.296
      vertex 272.079 -3.69552 120.221
      vertex 272.381 -3.4641 120.581
    endloop
  endfacet
  facet normal -0.284353 0.89682 -0.338907
    outer loop
      vertex 272.079 -3.69552 120.221
      vertex 284.638 -3.4641 110.296
      vertex 284.336 -3.69552 109.937
    endloop
  endfacet
  facet normal -0.608624 -0.321539 -0.725389
    outer loop
      vertex 273.579 1.03528 122.008
      vertex 285.728 1.53073 111.595
      vertex 285.836 1.03528 111.724
    endloop
  endfacet
  facet normal -0.608945 -0.320226 -0.725701
    outer loop
      vertex 285.728 1.53073 111.595
      vertex 273.579 1.03528 122.008
      vertex 273.471 1.53073 121.88
    endloop
  endfacet
  facet normal -0.57653 -0.442207 -0.687071
    outer loop
      vertex 273.471 1.53073 121.88
      vertex 285.579 2 111.418
      vertex 285.728 1.53073 111.595
    endloop
  endfacet
  facet normal -0.576123 -0.443384 -0.686653
    outer loop
      vertex 285.579 2 111.418
      vertex 273.471 1.53073 121.88
      vertex 273.322 2 121.702
    endloop
  endfacet
  facet normal -0.57653 0.442207 -0.687071
    outer loop
      vertex 285.579 -2 111.418
      vertex 273.471 -1.53073 121.88
      vertex 285.728 -1.53073 111.595
    endloop
  endfacet
  facet normal -0.576123 0.443384 -0.686653
    outer loop
      vertex 273.471 -1.53073 121.88
      vertex 285.579 -2 111.418
      vertex 273.322 -2 121.702
    endloop
  endfacet
  facet normal -0.483233 -0.659424 -0.575886
    outer loop
      vertex 272.914 2.82843 121.215
      vertex 285.392 2.43505 111.195
      vertex 273.135 2.43505 121.48
    endloop
  endfacet
  facet normal -0.483304 -0.659291 -0.575979
    outer loop
      vertex 285.392 2.43505 111.195
      vertex 272.914 2.82843 121.215
      vertex 285.17 2.82843 110.931
    endloop
  endfacet
  facet normal -0.125406 0.980784 -0.149451
    outer loop
      vertex 284.018 -3.8637 109.557
      vertex 271.431 -3.96578 119.449
      vertex 271.761 -3.8637 119.842
    endloop
  endfacet
  facet normal -0.125406 0.980784 -0.149451
    outer loop
      vertex 271.431 -3.96578 119.449
      vertex 284.018 -3.8637 109.557
      vertex 283.688 -3.96578 109.164
    endloop
  endfacet
  facet normal 0.64144 0.0651964 0.764398
    outer loop
      vertex 220.868 0 38.4864
      vertex 210.696 -0.522104 47.0667
      vertex 220.902 -0.522104 38.5024
    endloop
  endfacet
  facet normal 0.641426 0.0653864 0.764393
    outer loop
      vertex 210.696 -0.522104 47.0667
      vertex 220.868 0 38.4864
      vertex 210.674 0 47.0405
    endloop
  endfacet
  facet normal 0.42358 0.752148 0.504829
    outer loop
      vertex 222.039 -2.82843 39.0327
      vertex 211.679 -3.17341 48.2393
      vertex 222.433 -3.17341 39.2161
    endloop
  endfacet
  facet normal 0.424147 0.751419 0.50544
    outer loop
      vertex 211.679 -3.17341 48.2393
      vertex 222.039 -2.82843 39.0327
      vertex 211.427 -2.82843 47.9379
    endloop
  endfacet
  facet normal 0.64144 -0.0651964 0.764398
    outer loop
      vertex 210.696 0.522104 47.0667
      vertex 220.868 0 38.4864
      vertex 220.902 0.522104 38.5024
    endloop
  endfacet
  facet normal 0.641426 -0.0653864 0.764393
    outer loop
      vertex 220.868 0 38.4864
      vertex 210.696 0.522104 47.0667
      vertex 210.674 0 47.0405
    endloop
  endfacet
  facet normal -0.483233 0.659424 -0.575886
    outer loop
      vertex 285.392 -2.43505 111.195
      vertex 272.914 -2.82843 121.215
      vertex 273.135 -2.43505 121.48
    endloop
  endfacet
  facet normal -0.483304 0.659291 -0.575979
    outer loop
      vertex 272.914 -2.82843 121.215
      vertex 285.392 -2.43505 111.195
      vertex 285.17 -2.82843 110.931
    endloop
  endfacet
  facet normal 0.608728 0.321206 0.725449
    outer loop
      vertex 221.004 -1.03528 38.55
      vertex 210.869 -1.53073 47.2737
      vertex 221.172 -1.53073 38.6284
    endloop
  endfacet
  facet normal 0.608711 0.321277 0.725433
    outer loop
      vertex 210.869 -1.53073 47.2737
      vertex 221.004 -1.03528 38.55
      vertex 210.761 -1.03528 47.1449
    endloop
  endfacet
  facet normal 0.12543 0.980776 0.149486
    outer loop
      vertex 223.833 -3.8637 39.8689
      vertex 212.909 -3.96578 49.7047
      vertex 224.346 -3.96578 40.1082
    endloop
  endfacet
  facet normal 0.125383 0.98079 0.149434
    outer loop
      vertex 212.909 -3.96578 49.7047
      vertex 223.833 -3.8637 39.8689
      vertex 212.579 -3.8637 49.3116
    endloop
  endfacet
  facet normal 0.284176 -0.896963 0.338676
    outer loop
      vertex 222.868 3.4641 39.419
      vertex 212.261 3.69552 48.932
      vertex 211.959 3.4641 48.5725
    endloop
  endfacet
  facet normal 0.284397 -0.896801 0.338919
    outer loop
      vertex 212.261 3.69552 48.932
      vertex 222.868 3.4641 39.419
      vertex 223.337 3.69552 39.6378
    endloop
  endfacet
  facet normal 0.576314 0.442847 0.686839
    outer loop
      vertex 221.172 -1.53073 38.6284
      vertex 211.018 -2 47.451
      vertex 221.404 -2 38.7363
    endloop
  endfacet
  facet normal 0.576415 0.44256 0.68694
    outer loop
      vertex 211.018 -2 47.451
      vertex 221.172 -1.53073 38.6284
      vertex 210.869 -1.53073 47.2737
    endloop
  endfacet
  facet normal 0.534751 -0.554936 0.637249
    outer loop
      vertex 211.205 2.43505 47.6737
      vertex 221.404 2 38.7363
      vertex 221.694 2.43505 38.8718
    endloop
  endfacet
  facet normal 0.53439 -0.555713 0.636875
    outer loop
      vertex 221.404 2 38.7363
      vertex 211.205 2.43505 47.6737
      vertex 211.018 2 47.451
    endloop
  endfacet
  facet normal -0.766047 0.000138309 0.642784
    outer loop
      vertex 282.332 1.21752 107.549
      vertex 283.352 4 108.764
      vertex 235.905 4 52.2184
    endloop
  endfacet
  facet normal -0.764377 -0.00134039 0.644769
    outer loop
      vertex 282.443 1.41421 107.681
      vertex 283.352 4 108.764
      vertex 282.332 1.21752 107.549
    endloop
  endfacet
  facet normal -0.769712 0.00261063 0.638386
    outer loop
      vertex 282.709 1.73205 107.998
      vertex 283.352 4 108.764
      vertex 282.57 1.58671 107.831
    endloop
  endfacet
  facet normal -0.76287 -0.00164739 0.646549
    outer loop
      vertex 283.02 1.93185 108.367
      vertex 283.352 4 108.764
      vertex 282.86 1.84776 108.178
    endloop
  endfacet
  facet normal -0.765705 0 0.643192
    outer loop
      vertex 283.352 2 108.764
      vertex 283.352 4 108.764
      vertex 283.184 1.98289 108.564
    endloop
  endfacet
  facet normal -0.766036 0.000272741 0.642797
    outer loop
      vertex 282.239 1 107.437
      vertex 235.905 4 52.2184
      vertex 236.12 3.10583 52.475
    endloop
  endfacet
  facet normal -0.765705 0 0.643192
    outer loop
      vertex 283.52 1.98289 108.964
      vertex 283.688 3.96578 109.164
      vertex 283.352 2 108.764
    endloop
  endfacet
  facet normal -0.76656 0.000499199 0.642172
    outer loop
      vertex 283.685 1.93185 109.161
      vertex 284.018 3.8637 109.557
      vertex 283.52 1.98289 108.964
    endloop
  endfacet
  facet normal -0.765435 -0.000605575 0.643513
    outer loop
      vertex 284.336 3.69552 109.937
      vertex 283.685 1.93185 109.161
      vertex 284.638 3.4641 110.296
    endloop
  endfacet
  facet normal -0.765378 -0.000691755 0.643581
    outer loop
      vertex 283.844 1.84776 109.35
      vertex 284.638 3.4641 110.296
      vertex 283.685 1.93185 109.161
    endloop
  endfacet
  facet normal -0.766768 0.000586063 0.641924
    outer loop
      vertex 284.018 3.8637 109.557
      vertex 283.685 1.93185 109.161
      vertex 284.336 3.69552 109.937
    endloop
  endfacet
  facet normal -0.765817 2.29834e-05 0.643058
    outer loop
      vertex 283.688 3.96578 109.164
      vertex 283.52 1.98289 108.964
      vertex 284.018 3.8637 109.557
    endloop
  endfacet
  facet normal -0.765705 0 0.643192
    outer loop
      vertex 283.352 4 108.764
      vertex 283.352 2 108.764
      vertex 283.688 3.96578 109.164
    endloop
  endfacet
  facet normal -0.768616 0.000587635 0.639711
    outer loop
      vertex 283.184 1.98289 108.564
      vertex 283.352 4 108.764
      vertex 283.02 1.93185 108.367
    endloop
  endfacet
  facet normal -0.766037 8.16078e-05 0.642796
    outer loop
      vertex 282.111 0.517637 107.284
      vertex 236.12 3.10583 52.475
      vertex 236.337 1.56631 52.7338
    endloop
  endfacet
  facet normal -0.76618 0.000177402 0.642626
    outer loop
      vertex 282.86 1.84776 108.178
      vertex 283.352 4 108.764
      vertex 282.709 1.73205 107.998
    endloop
  endfacet
  facet normal -0.760624 -0.00450584 0.649177
    outer loop
      vertex 282.57 1.58671 107.831
      vertex 283.352 4 108.764
      vertex 282.443 1.41421 107.681
    endloop
  endfacet
  facet normal -0.766129 -0.0033555 0.642678
    outer loop
      vertex 235.905 4 52.2184
      vertex 282.239 1 107.437
      vertex 282.332 1.21752 107.549
    endloop
  endfacet
  facet normal -0.766032 0.000510406 0.642802
    outer loop
      vertex 236.12 3.10583 52.475
      vertex 282.165 0.765367 107.349
      vertex 282.239 1 107.437
    endloop
  endfacet
  facet normal -0.766076 -0.00165681 0.642747
    outer loop
      vertex 236.12 3.10583 52.475
      vertex 282.111 0.517637 107.284
      vertex 282.165 0.765367 107.349
    endloop
  endfacet
  facet normal -0.76603 0.00081694 0.642804
    outer loop
      vertex 236.337 1.56631 52.7338
      vertex 282.078 0.261052 107.245
      vertex 282.111 0.517637 107.284
    endloop
  endfacet
  facet normal -0.766041 -8.08443e-05 0.642792
    outer loop
      vertex 236.41 0 52.8206
      vertex 282.078 0.261052 107.245
      vertex 236.337 1.56631 52.7338
    endloop
  endfacet
  facet normal -0.766042 0.000268812 0.642791
    outer loop
      vertex 236.41 0 52.8206
      vertex 282.067 0 107.232
      vertex 282.078 0.261052 107.245
    endloop
  endfacet
  facet normal -0.766042 -0.000268812 0.642791
    outer loop
      vertex 236.41 0 52.8206
      vertex 282.078 -0.261052 107.245
      vertex 282.067 0 107.232
    endloop
  endfacet
  facet normal -0.766041 8.08443e-05 0.642792
    outer loop
      vertex 236.337 -1.56631 52.7338
      vertex 282.078 -0.261052 107.245
      vertex 236.41 0 52.8206
    endloop
  endfacet
  facet normal -0.76603 -0.00081694 0.642804
    outer loop
      vertex 282.078 -0.261052 107.245
      vertex 236.337 -1.56631 52.7338
      vertex 282.111 -0.517637 107.284
    endloop
  endfacet
  facet normal -0.766037 -8.16078e-05 0.642796
    outer loop
      vertex 236.12 -3.10583 52.475
      vertex 282.111 -0.517637 107.284
      vertex 236.337 -1.56631 52.7338
    endloop
  endfacet
  facet normal -0.766076 0.00165681 0.642747
    outer loop
      vertex 282.111 -0.517637 107.284
      vertex 236.12 -3.10583 52.475
      vertex 282.165 -0.765367 107.349
    endloop
  endfacet
  facet normal -0.766032 -0.000510406 0.642802
    outer loop
      vertex 282.165 -0.765367 107.349
      vertex 236.12 -3.10583 52.475
      vertex 282.239 -1 107.437
    endloop
  endfacet
  facet normal -0.766036 -0.000272741 0.642797
    outer loop
      vertex 235.905 -4 52.2184
      vertex 282.239 -1 107.437
      vertex 236.12 -3.10583 52.475
    endloop
  endfacet
  facet normal -0.766129 0.0033555 0.642678
    outer loop
      vertex 282.239 -1 107.437
      vertex 235.905 -4 52.2184
      vertex 282.332 -1.21752 107.549
    endloop
  endfacet
  facet normal -0.766047 -0.000138309 0.642784
    outer loop
      vertex 283.352 -4 108.764
      vertex 282.332 -1.21752 107.549
      vertex 235.905 -4 52.2184
    endloop
  endfacet
  facet normal -0.764377 0.00134039 0.644769
    outer loop
      vertex 282.332 -1.21752 107.549
      vertex 283.352 -4 108.764
      vertex 282.443 -1.41421 107.681
    endloop
  endfacet
  facet normal -0.760624 0.00450584 0.649177
    outer loop
      vertex 282.443 -1.41421 107.681
      vertex 283.352 -4 108.764
      vertex 282.57 -1.58671 107.831
    endloop
  endfacet
  facet normal -0.76618 -0.000177402 0.642626
    outer loop
      vertex 282.709 -1.73205 107.998
      vertex 283.352 -4 108.764
      vertex 282.86 -1.84776 108.178
    endloop
  endfacet
  facet normal -0.768616 -0.000587635 0.639711
    outer loop
      vertex 283.02 -1.93185 108.367
      vertex 283.352 -4 108.764
      vertex 283.184 -1.98289 108.564
    endloop
  endfacet
  facet normal -0.766122 -0.000128927 0.642695
    outer loop
      vertex 284.261 -1.41421 109.847
      vertex 285.392 -2.43505 111.195
      vertex 285.579 -2 111.418
    endloop
  endfacet
  facet normal -0.765705 0 0.643192
    outer loop
      vertex 283.184 -1.98289 108.564
      vertex 283.352 -4 108.764
      vertex 283.352 -2 108.764
    endloop
  endfacet
  facet normal -0.765705 0 0.643192
    outer loop
      vertex 283.688 -3.96578 109.164
      vertex 283.352 -2 108.764
      vertex 283.352 -4 108.764
    endloop
  endfacet
  facet normal -0.76287 0.00164739 0.646549
    outer loop
      vertex 282.86 -1.84776 108.178
      vertex 283.352 -4 108.764
      vertex 283.02 -1.93185 108.367
    endloop
  endfacet
  facet normal -0.765967 0.000825123 0.642879
    outer loop
      vertex 283.52 -1.98289 108.964
      vertex 285.17 -2.82843 110.931
      vertex 285.392 -2.43505 111.195
    endloop
  endfacet
  facet normal -0.766255 -0.000532481 0.642537
    outer loop
      vertex 283.52 -1.98289 108.964
      vertex 284.917 -3.17341 110.629
      vertex 285.17 -2.82843 110.931
    endloop
  endfacet
  facet normal -0.766271 -0.000579637 0.642517
    outer loop
      vertex 283.52 -1.98289 108.964
      vertex 284.638 -3.4641 110.296
      vertex 284.917 -3.17341 110.629
    endloop
  endfacet
  facet normal -0.765503 0.000821999 0.643431
    outer loop
      vertex 283.52 -1.98289 108.964
      vertex 284.336 -3.69552 109.937
      vertex 284.638 -3.4641 110.296
    endloop
  endfacet
  facet normal -0.76676 -0.000627011 0.641934
    outer loop
      vertex 283.52 -1.98289 108.964
      vertex 284.018 -3.8637 109.557
      vertex 284.336 -3.69552 109.937
    endloop
  endfacet
  facet normal -0.769712 -0.00261063 0.638386
    outer loop
      vertex 282.57 -1.58671 107.831
      vertex 283.352 -4 108.764
      vertex 282.709 -1.73205 107.998
    endloop
  endfacet
  facet normal -0.765817 -2.29834e-05 0.643058
    outer loop
      vertex 283.52 -1.98289 108.964
      vertex 283.688 -3.96578 109.164
      vertex 284.018 -3.8637 109.557
    endloop
  endfacet
  facet normal -0.766331 0.000441008 0.642446
    outer loop
      vertex 284.638 3.4641 110.296
      vertex 283.844 1.84776 109.35
      vertex 284.917 3.17341 110.629
    endloop
  endfacet
  facet normal -0.766117 2.17979e-05 0.642701
    outer loop
      vertex 283.995 1.73205 109.53
      vertex 284.917 3.17341 110.629
      vertex 283.844 1.84776 109.35
    endloop
  endfacet
  facet normal -0.766344 0.000373563 0.64243
    outer loop
      vertex 284.917 3.17341 110.629
      vertex 283.995 1.73205 109.53
      vertex 285.17 2.82843 110.931
    endloop
  endfacet
  facet normal -0.766265 0.000168424 0.642525
    outer loop
      vertex 284.135 1.58671 109.697
      vertex 285.17 2.82843 110.931
      vertex 283.995 1.73205 109.53
    endloop
  endfacet
  facet normal -0.765851 -0.000666739 0.643018
    outer loop
      vertex 285.17 2.82843 110.931
      vertex 284.135 1.58671 109.697
      vertex 285.392 2.43505 111.195
    endloop
  endfacet
  facet normal -0.765927 -0.000393236 0.642927
    outer loop
      vertex 284.261 1.41421 109.847
      vertex 285.392 2.43505 111.195
      vertex 284.135 1.58671 109.697
    endloop
  endfacet
  facet normal -0.766122 0.000128927 0.642695
    outer loop
      vertex 285.392 2.43505 111.195
      vertex 284.261 1.41421 109.847
      vertex 285.579 2 111.418
    endloop
  endfacet
  facet normal -0.766429 0.00180856 0.642326
    outer loop
      vertex 284.372 1.21752 109.98
      vertex 285.579 2 111.418
      vertex 284.261 1.41421 109.847
    endloop
  endfacet
  facet normal -0.765789 -0.000586599 0.643092
    outer loop
      vertex 285.579 2 111.418
      vertex 284.372 1.21752 109.98
      vertex 285.728 1.53073 111.595
    endloop
  endfacet
  facet normal -0.765597 -0.00256613 0.643315
    outer loop
      vertex 284.466 1 110.091
      vertex 285.728 1.53073 111.595
      vertex 284.372 1.21752 109.98
    endloop
  endfacet
  facet normal -0.765966 -0.000460048 0.642881
    outer loop
      vertex 284.54 0.765367 110.179
      vertex 285.728 1.53073 111.595
      vertex 284.466 1 110.091
    endloop
  endfacet
  facet normal -0.766171 0.000310187 0.642637
    outer loop
      vertex 285.728 1.53073 111.595
      vertex 284.54 0.765367 110.179
      vertex 285.836 1.03528 111.724
    endloop
  endfacet
  facet normal -0.766277 0.0015506 0.642509
    outer loop
      vertex 284.594 0.517637 110.244
      vertex 285.836 1.03528 111.724
      vertex 284.54 0.765367 110.179
    endloop
  endfacet
  facet normal -0.766122 0.000647473 0.642695
    outer loop
      vertex 285.836 1.03528 111.724
      vertex 284.594 0.517637 110.244
      vertex 285.901 0.522104 111.802
    endloop
  endfacet
  facet normal -0.76612 -0.000844787 0.642697
    outer loop
      vertex 284.627 0.261052 110.283
      vertex 285.901 0.522104 111.802
      vertex 284.594 0.517637 110.244
    endloop
  endfacet
  facet normal -0.766168 -0.000281615 0.642641
    outer loop
      vertex 285.923 0 111.828
      vertex 284.627 0.261052 110.283
      vertex 284.638 0 110.296
    endloop
  endfacet
  facet normal -0.766168 -0.000281615 0.642641
    outer loop
      vertex 284.627 0.261052 110.283
      vertex 285.923 0 111.828
      vertex 285.901 0.522104 111.802
    endloop
  endfacet
  facet normal -0.766168 0.000281615 0.642641
    outer loop
      vertex 284.627 -0.261052 110.283
      vertex 285.923 0 111.828
      vertex 284.638 0 110.296
    endloop
  endfacet
  facet normal -0.76612 0.000844787 0.642697
    outer loop
      vertex 285.901 -0.522104 111.802
      vertex 284.627 -0.261052 110.283
      vertex 284.594 -0.517637 110.244
    endloop
  endfacet
  facet normal -0.766168 0.000281615 0.642641
    outer loop
      vertex 284.627 -0.261052 110.283
      vertex 285.901 -0.522104 111.802
      vertex 285.923 0 111.828
    endloop
  endfacet
  facet normal -0.766277 -0.0015506 0.642509
    outer loop
      vertex 285.836 -1.03528 111.724
      vertex 284.594 -0.517637 110.244
      vertex 284.54 -0.765367 110.179
    endloop
  endfacet
  facet normal -0.765966 0.000460048 0.642881
    outer loop
      vertex 285.728 -1.53073 111.595
      vertex 284.54 -0.765367 110.179
      vertex 284.466 -1 110.091
    endloop
  endfacet
  facet normal -0.766122 -0.000647473 0.642695
    outer loop
      vertex 284.594 -0.517637 110.244
      vertex 285.836 -1.03528 111.724
      vertex 285.901 -0.522104 111.802
    endloop
  endfacet
  facet normal -0.765597 0.00256613 0.643315
    outer loop
      vertex 285.728 -1.53073 111.595
      vertex 284.466 -1 110.091
      vertex 284.372 -1.21752 109.98
    endloop
  endfacet
  facet normal -0.766429 -0.00180856 0.642326
    outer loop
      vertex 285.579 -2 111.418
      vertex 284.372 -1.21752 109.98
      vertex 284.261 -1.41421 109.847
    endloop
  endfacet
  facet normal -0.766171 -0.000310187 0.642637
    outer loop
      vertex 284.54 -0.765367 110.179
      vertex 285.728 -1.53073 111.595
      vertex 285.836 -1.03528 111.724
    endloop
  endfacet
  facet normal -0.765927 0.000393236 0.642927
    outer loop
      vertex 285.392 -2.43505 111.195
      vertex 284.261 -1.41421 109.847
      vertex 284.135 -1.58671 109.697
    endloop
  endfacet
  facet normal -0.766155 -0.00042423 0.642655
    outer loop
      vertex 285.392 -2.43505 111.195
      vertex 284.135 -1.58671 109.697
      vertex 283.995 -1.73205 109.53
    endloop
  endfacet
  facet normal -0.76609 -0.000108002 0.642734
    outer loop
      vertex 285.392 -2.43505 111.195
      vertex 283.995 -1.73205 109.53
      vertex 283.844 -1.84776 109.35
    endloop
  endfacet
  facet normal -0.765718 0.00225276 0.643173
    outer loop
      vertex 285.392 -2.43505 111.195
      vertex 283.844 -1.84776 109.35
      vertex 283.685 -1.93185 109.161
    endloop
  endfacet
  facet normal -0.766299 -0.00252607 0.642479
    outer loop
      vertex 285.392 -2.43505 111.195
      vertex 283.685 -1.93185 109.161
      vertex 283.52 -1.98289 108.964
    endloop
  endfacet
  facet normal -0.765789 0.000586599 0.643092
    outer loop
      vertex 284.372 -1.21752 109.98
      vertex 285.579 -2 111.418
      vertex 285.728 -1.53073 111.595
    endloop
  endfacet
  facet normal -0.765705 0 0.643192
    outer loop
      vertex 283.688 -3.96578 109.164
      vertex 283.52 -1.98289 108.964
      vertex 283.352 -2 108.764
    endloop
  endfacet
  facet normal -0.766018 0 0.642819
    outer loop
      vertex 226.641 0.915833 41.1786
      vertex 227.899 4 42.6777
      vertex 226.641 4 41.1786
    endloop
  endfacet
  facet normal -0.765463 -0.00054778 0.64348
    outer loop
      vertex 227.899 4 42.6777
      vertex 226.641 0.915833 41.1786
      vertex 228.27 3.96578 43.119
    endloop
  endfacet
  facet normal -0.766025 0.000178571 0.642811
    outer loop
      vertex 228.27 3.96578 43.119
      vertex 226.641 0.915833 41.1786
      vertex 228.634 3.8637 43.5528
    endloop
  endfacet
  facet normal -0.766295 0.000621062 0.642488
    outer loop
      vertex 228.634 3.8637 43.5528
      vertex 226.641 0.915833 41.1786
      vertex 228.985 3.69552 43.9716
    endloop
  endfacet
  facet normal -0.765897 -0.00019209 0.642963
    outer loop
      vertex 228.985 3.69552 43.9716
      vertex 226.641 0.915833 41.1786
      vertex 229.318 3.4641 44.3682
    endloop
  endfacet
  facet normal -0.766285 0.000795847 0.6425
    outer loop
      vertex 229.318 3.4641 44.3682
      vertex 226.641 0.915833 41.1786
      vertex 229.626 3.17341 44.7359
    endloop
  endfacet
  facet normal -0.765711 -0.00104282 0.643184
    outer loop
      vertex 226.689 0.765367 41.2355
      vertex 229.626 3.17341 44.7359
      vertex 226.641 0.915833 41.1786
    endloop
  endfacet
  facet normal -0.766057 -2.25441e-05 0.642773
    outer loop
      vertex 229.626 3.17341 44.7359
      vertex 226.689 0.765367 41.2355
      vertex 229.905 2.82843 45.0684
    endloop
  endfacet
  facet normal -0.76594 -0.000462932 0.642912
    outer loop
      vertex 229.905 2.82843 45.0684
      vertex 226.689 0.765367 41.2355
      vertex 230.15 2.43505 45.36
    endloop
  endfacet
  facet normal -0.766055 0.000112199 0.642776
    outer loop
      vertex 226.743 0.517637 41.2999
      vertex 230.15 2.43505 45.36
      vertex 226.689 0.765367 41.2355
    endloop
  endfacet
  facet normal -0.766086 0.000246282 0.642738
    outer loop
      vertex 230.15 2.43505 45.36
      vertex 226.743 0.517637 41.2999
      vertex 230.356 2 45.6057
    endloop
  endfacet
  facet normal -0.764354 0 0.644797
    outer loop
      vertex 226.689 0.765367 41.2355
      vertex 226.641 0.915833 41.1786
      vertex 226.641 0.915832 41.1786
    endloop
  endfacet
  facet normal -0.766075 0.000182887 0.642751
    outer loop
      vertex 230.356 2 45.6057
      vertex 226.743 0.517637 41.2999
      vertex 230.52 1.53073 45.8013
    endloop
  endfacet
  facet normal -0.765993 -0.000554968 0.642849
    outer loop
      vertex 226.776 0.261052 41.339
      vertex 230.52 1.53073 45.8013
      vertex 226.743 0.517637 41.2999
    endloop
  endfacet
  facet normal -0.765932 -0.000986227 0.64292
    outer loop
      vertex 230.52 1.53073 45.8013
      vertex 226.776 0.261052 41.339
      vertex 230.64 1.03528 45.9435
    endloop
  endfacet
  facet normal -0.766055 0.000489588 0.642775
    outer loop
      vertex 230.64 1.03528 45.9435
      vertex 226.776 0.261052 41.339
      vertex 230.712 0.522104 46.0297
    endloop
  endfacet
  facet normal -0.766041 -2.25208e-05 0.642792
    outer loop
      vertex 226.787 0 41.3521
      vertex 230.712 0.522104 46.0297
      vertex 226.776 0.261052 41.339
    endloop
  endfacet
  facet normal -0.766069 0.000487137 0.642758
    outer loop
      vertex 226.787 0 41.3521
      vertex 230.736 0 46.0587
      vertex 230.712 0.522104 46.0297
    endloop
  endfacet
  facet normal -0.766041 2.25208e-05 0.642792
    outer loop
      vertex 230.712 -0.522104 46.0297
      vertex 226.787 0 41.3521
      vertex 226.776 -0.261052 41.339
    endloop
  endfacet
  facet normal -0.765993 0.000554968 0.642849
    outer loop
      vertex 230.52 -1.53073 45.8013
      vertex 226.776 -0.261052 41.339
      vertex 226.743 -0.517637 41.2999
    endloop
  endfacet
  facet normal -0.766069 -0.000487137 0.642758
    outer loop
      vertex 226.787 0 41.3521
      vertex 230.712 -0.522104 46.0297
      vertex 230.736 0 46.0587
    endloop
  endfacet
  facet normal -0.766055 -0.000112199 0.642776
    outer loop
      vertex 230.15 -2.43505 45.36
      vertex 226.743 -0.517637 41.2999
      vertex 226.689 -0.765367 41.2355
    endloop
  endfacet
  facet normal -0.764354 0 0.644797
    outer loop
      vertex 226.641 -0.915833 41.1786
      vertex 226.689 -0.765367 41.2355
      vertex 226.641 -0.915832 41.1786
    endloop
  endfacet
  facet normal -0.765711 0.00104282 0.643184
    outer loop
      vertex 229.626 -3.17341 44.7359
      vertex 226.689 -0.765367 41.2355
      vertex 226.641 -0.915833 41.1786
    endloop
  endfacet
  facet normal -0.766055 -0.000489588 0.642775
    outer loop
      vertex 226.776 -0.261052 41.339
      vertex 230.64 -1.03528 45.9435
      vertex 230.712 -0.522104 46.0297
    endloop
  endfacet
  facet normal -0.765932 0.000986227 0.64292
    outer loop
      vertex 226.776 -0.261052 41.339
      vertex 230.52 -1.53073 45.8013
      vertex 230.64 -1.03528 45.9435
    endloop
  endfacet
  facet normal -0.766075 -0.000182887 0.642751
    outer loop
      vertex 226.743 -0.517637 41.2999
      vertex 230.356 -2 45.6057
      vertex 230.52 -1.53073 45.8013
    endloop
  endfacet
  facet normal -0.766086 -0.000246282 0.642738
    outer loop
      vertex 226.743 -0.517637 41.2999
      vertex 230.15 -2.43505 45.36
      vertex 230.356 -2 45.6057
    endloop
  endfacet
  facet normal -0.76594 0.000462932 0.642912
    outer loop
      vertex 226.689 -0.765367 41.2355
      vertex 229.905 -2.82843 45.0684
      vertex 230.15 -2.43505 45.36
    endloop
  endfacet
  facet normal -0.766057 2.25441e-05 0.642773
    outer loop
      vertex 226.689 -0.765367 41.2355
      vertex 229.626 -3.17341 44.7359
      vertex 229.905 -2.82843 45.0684
    endloop
  endfacet
  facet normal -0.766285 -0.000795847 0.6425
    outer loop
      vertex 226.641 -0.915833 41.1786
      vertex 229.318 -3.4641 44.3682
      vertex 229.626 -3.17341 44.7359
    endloop
  endfacet
  facet normal -0.765897 0.00019209 0.642963
    outer loop
      vertex 226.641 -0.915833 41.1786
      vertex 228.985 -3.69552 43.9716
      vertex 229.318 -3.4641 44.3682
    endloop
  endfacet
  facet normal -0.766295 -0.000621062 0.642488
    outer loop
      vertex 226.641 -0.915833 41.1786
      vertex 228.634 -3.8637 43.5528
      vertex 228.985 -3.69552 43.9716
    endloop
  endfacet
  facet normal -0.766025 -0.000178571 0.642811
    outer loop
      vertex 226.641 -0.915833 41.1786
      vertex 228.27 -3.96578 43.119
      vertex 228.634 -3.8637 43.5528
    endloop
  endfacet
  facet normal -0.766018 0 0.642819
    outer loop
      vertex 227.899 -4 42.6777
      vertex 226.641 -0.915833 41.1786
      vertex 226.641 -4 41.1786
    endloop
  endfacet
  facet normal -0.765463 0.00054778 0.64348
    outer loop
      vertex 226.641 -0.915833 41.1786
      vertex 227.899 -4 42.6777
      vertex 228.27 -3.96578 43.119
    endloop
  endfacet
  facet normal 0.630448 0.195 0.751339
    outer loop
      vertex 220.902 -0.522104 38.5024
      vertex 210.761 -1.03528 47.1449
      vertex 221.004 -1.03528 38.55
    endloop
  endfacet
  facet normal 0.630548 0.194371 0.751418
    outer loop
      vertex 210.761 -1.03528 47.1449
      vertex 220.902 -0.522104 38.5024
      vertex 210.696 -0.522104 47.0667
    endloop
  endfacet
  facet normal -0.6307 -0.19319 -0.751595
    outer loop
      vertex 226.776 0.261052 41.339
      vertex 232.872 0.517637 36.1576
      vertex 232.904 0.261052 36.1967
    endloop
  endfacet
  facet normal -0.630338 -0.195555 -0.751287
    outer loop
      vertex 232.872 0.517637 36.1576
      vertex 226.776 0.261052 41.339
      vertex 226.743 0.517637 41.2999
    endloop
  endfacet
  facet normal -0.641434 -0.0653864 -0.764387
    outer loop
      vertex 226.787 0 41.3521
      vertex 232.904 0.261052 36.1967
      vertex 232.915 0 36.2098
    endloop
  endfacet
  facet normal -0.641434 -0.0653864 -0.764387
    outer loop
      vertex 232.904 0.261052 36.1967
      vertex 226.787 0 41.3521
      vertex 226.776 0.261052 41.339
    endloop
  endfacet
  facet normal -0.0419902 -0.997861 -0.0500953
    outer loop
      vertex 231.63 2 34.6777
      vertex 231.798 1.98289 34.8777
      vertex 230.895 1.98289 35.6346
    endloop
  endfacet
  facet normal 0.125223 -0.980821 0.149363
    outer loop
      vertex 231.297 1.93185 34.2812
      vertex 231.369 1.98289 34.556
      vertex 231.112 1.93185 34.4363
    endloop
  endfacet
  facet normal 0.125654 -0.980784 0.149244
    outer loop
      vertex 231.369 1.98289 34.556
      vertex 231.297 1.93185 34.2812
      vertex 231.462 1.98289 34.4777
    endloop
  endfacet
  facet normal -0.357269 0.831308 -0.425776
    outer loop
      vertex 232.412 -1.58671 35.6104
      vertex 228.817 -1.73205 38.3432
      vertex 228.205 -1.58671 39.1405
    endloop
  endfacet
  facet normal -0.357696 0.830824 -0.426363
    outer loop
      vertex 228.817 -1.73205 38.3432
      vertex 232.412 -1.58671 35.6104
      vertex 232.273 -1.73205 35.4438
    endloop
  endfacet
  facet normal 0.577177 -0.441456 0.68701
    outer loop
      vertex 229.898 1 33.8701
      vertex 230.442 0.765367 33.2623
      vertex 230.516 1 33.3509
    endloop
  endfacet
  facet normal 0.576279 -0.442969 0.68679
    outer loop
      vertex 230.442 0.765367 33.2623
      vertex 229.898 1 33.8701
      vertex 229.782 0.765367 33.8161
    endloop
  endfacet
  facet normal 0.608651 -0.321533 0.725369
    outer loop
      vertex 229.782 0.765367 33.8161
      vertex 230.388 0.517637 33.1978
      vertex 230.442 0.765367 33.2623
    endloop
  endfacet
  facet normal 0.608799 -0.321214 0.725386
    outer loop
      vertex 230.388 0.517637 33.1978
      vertex 229.782 0.765367 33.8161
      vertex 229.698 0.517637 33.7769
    endloop
  endfacet
  facet normal 0.206316 -0.946946 0.246428
    outer loop
      vertex 231.138 1.84776 34.0914
      vertex 231.112 1.93185 34.4363
      vertex 230.864 1.84776 34.3208
    endloop
  endfacet
  facet normal 0.206605 -0.946882 0.246434
    outer loop
      vertex 231.112 1.93185 34.4363
      vertex 231.138 1.84776 34.0914
      vertex 231.297 1.93185 34.2812
    endloop
  endfacet
  facet normal -0.641434 0.0653864 -0.764387
    outer loop
      vertex 232.904 -0.261052 36.1967
      vertex 226.787 0 41.3521
      vertex 232.915 0 36.2098
    endloop
  endfacet
  facet normal -0.641434 0.0653864 -0.764387
    outer loop
      vertex 226.787 0 41.3521
      vertex 232.904 -0.261052 36.1967
      vertex 226.776 -0.261052 41.339
    endloop
  endfacet
  facet normal 0.608651 0.321533 0.725369
    outer loop
      vertex 230.388 -0.517637 33.1978
      vertex 229.782 -0.765367 33.8161
      vertex 230.442 -0.765367 33.2623
    endloop
  endfacet
  facet normal 0.608799 0.321214 0.725386
    outer loop
      vertex 229.782 -0.765367 33.8161
      vertex 230.388 -0.517637 33.1978
      vertex 229.698 -0.517637 33.7769
    endloop
  endfacet
  facet normal 0.53396 -0.556469 0.636576
    outer loop
      vertex 230.043 1.21752 33.9378
      vertex 230.516 1 33.3509
      vertex 230.61 1.21752 33.4622
    endloop
  endfacet
  facet normal 0.535111 -0.554946 0.636939
    outer loop
      vertex 230.516 1 33.3509
      vertex 230.043 1.21752 33.9378
      vertex 229.898 1 33.8701
    endloop
  endfacet
  facet normal 0.630455 -0.195555 0.751189
    outer loop
      vertex 229.698 0.517637 33.7769
      vertex 230.355 0.261052 33.1587
      vertex 230.388 0.517637 33.1978
    endloop
  endfacet
  facet normal 0.630643 -0.195025 0.751169
    outer loop
      vertex 230.355 0.261052 33.1587
      vertex 229.698 0.517637 33.7769
      vertex 229.647 0.261052 33.7531
    endloop
  endfacet
  facet normal -0.608192 0.323472 -0.724892
    outer loop
      vertex 232.817 -0.765367 36.0932
      vertex 226.743 -0.517637 41.2999
      vertex 232.872 -0.517637 36.1576
    endloop
  endfacet
  facet normal -0.608732 0.321271 -0.725417
    outer loop
      vertex 226.743 -0.517637 41.2999
      vertex 232.817 -0.765367 36.0932
      vertex 226.689 -0.765367 41.2355
    endloop
  endfacet
  facet normal -0.423574 0.752152 -0.50483
    outer loop
      vertex 232.539 -1.41421 35.7611
      vertex 228.205 -1.58671 39.1405
      vertex 227.652 -1.41421 39.8615
    endloop
  endfacet
  facet normal -0.423359 0.752468 -0.504539
    outer loop
      vertex 228.205 -1.58671 39.1405
      vertex 232.539 -1.41421 35.7611
      vertex 232.412 -1.58671 35.6104
    endloop
  endfacet
  facet normal -0.206639 -0.946912 -0.246287
    outer loop
      vertex 230.174 1.93185 36.5751
      vertex 232.122 1.84776 35.264
      vertex 229.477 1.84776 37.4832
    endloop
  endfacet
  facet normal -0.206326 -0.947105 -0.245809
    outer loop
      vertex 232.122 1.84776 35.264
      vertex 230.174 1.93185 36.5751
      vertex 231.962 1.93185 35.0743
    endloop
  endfacet
  facet normal 0.483221 0.659622 0.57567
    outer loop
      vertex 230.61 -1.21752 33.4622
      vertex 230.216 -1.41421 34.0183
      vertex 230.721 -1.41421 33.5944
    endloop
  endfacet
  facet normal 0.482731 0.660127 0.575502
    outer loop
      vertex 230.216 -1.41421 34.0183
      vertex 230.61 -1.21752 33.4622
      vertex 230.043 -1.21752 33.9378
    endloop
  endfacet
  facet normal 0.424458 -0.751091 0.505665
    outer loop
      vertex 230.721 1.41421 33.5944
      vertex 230.412 1.58671 34.11
      vertex 230.216 1.41421 34.0183
    endloop
  endfacet
  facet normal 0.424229 -0.751272 0.505588
    outer loop
      vertex 230.412 1.58671 34.11
      vertex 230.721 1.41421 33.5944
      vertex 230.847 1.58671 33.745
    endloop
  endfacet
  facet normal 0.641613 -0.0653864 0.764236
    outer loop
      vertex 229.647 0.261052 33.7531
      vertex 230.344 0 33.1456
      vertex 230.355 0.261052 33.1587
    endloop
  endfacet
  facet normal 0.64166 -0.0652051 0.764212
    outer loop
      vertex 230.344 0 33.1456
      vertex 229.647 0.261052 33.7531
      vertex 229.63 0 33.7451
    endloop
  endfacet
  facet normal -0.357269 -0.831308 -0.425776
    outer loop
      vertex 228.817 1.73205 38.3432
      vertex 232.412 1.58671 35.6104
      vertex 228.205 1.58671 39.1405
    endloop
  endfacet
  facet normal -0.357696 -0.830824 -0.426363
    outer loop
      vertex 232.412 1.58671 35.6104
      vertex 228.817 1.73205 38.3432
      vertex 232.273 1.73205 35.4438
    endloop
  endfacet
  facet normal -0.534702 0.554974 -0.637258
    outer loop
      vertex 227.167 -1.21752 40.4938
      vertex 232.743 -1 36.0046
      vertex 232.65 -1.21752 35.8932
    endloop
  endfacet
  facet normal -0.534637 0.555138 -0.637169
    outer loop
      vertex 232.743 -1 36.0046
      vertex 227.167 -1.21752 40.4938
      vertex 226.758 -1 41.0265
    endloop
  endfacet
  facet normal -0.534702 -0.554974 -0.637258
    outer loop
      vertex 232.743 1 36.0046
      vertex 227.167 1.21752 40.4938
      vertex 232.65 1.21752 35.8932
    endloop
  endfacet
  facet normal -0.534637 -0.555138 -0.637169
    outer loop
      vertex 227.167 1.21752 40.4938
      vertex 232.743 1 36.0046
      vertex 226.758 1 41.0265
    endloop
  endfacet
  facet normal 0.482731 -0.660127 0.575502
    outer loop
      vertex 230.61 1.21752 33.4622
      vertex 230.216 1.41421 34.0183
      vertex 230.043 1.21752 33.9378
    endloop
  endfacet
  facet normal 0.483221 -0.659622 0.57567
    outer loop
      vertex 230.216 1.41421 34.0183
      vertex 230.61 1.21752 33.4622
      vertex 230.721 1.41421 33.5944
    endloop
  endfacet
  facet normal -0.206639 0.946912 -0.246287
    outer loop
      vertex 232.122 -1.84776 35.264
      vertex 230.174 -1.93185 36.5751
      vertex 229.477 -1.84776 37.4832
    endloop
  endfacet
  facet normal -0.206326 0.947105 -0.245809
    outer loop
      vertex 230.174 -1.93185 36.5751
      vertex 232.122 -1.84776 35.264
      vertex 231.962 -1.93185 35.0743
    endloop
  endfacet
  facet normal -0.483091 -0.65965 -0.575748
    outer loop
      vertex 227.652 1.41421 39.8615
      vertex 232.65 1.21752 35.8932
      vertex 227.167 1.21752 40.4938
    endloop
  endfacet
  facet normal -0.483191 -0.659457 -0.575884
    outer loop
      vertex 232.65 1.21752 35.8932
      vertex 227.652 1.41421 39.8615
      vertex 232.539 1.41421 35.7611
    endloop
  endfacet
  facet normal -0.0419902 0.997861 -0.0500953
    outer loop
      vertex 231.798 -1.98289 34.8777
      vertex 231.63 -2 34.6777
      vertex 230.895 -1.98289 35.6346
    endloop
  endfacet
  facet normal -0.423574 -0.752152 -0.50483
    outer loop
      vertex 228.205 1.58671 39.1405
      vertex 232.539 1.41421 35.7611
      vertex 227.652 1.41421 39.8615
    endloop
  endfacet
  facet normal -0.423359 -0.752468 -0.504539
    outer loop
      vertex 232.539 1.41421 35.7611
      vertex 228.205 1.58671 39.1405
      vertex 232.412 1.58671 35.6104
    endloop
  endfacet
  facet normal 0.641613 0.0653864 0.764236
    outer loop
      vertex 230.344 0 33.1456
      vertex 229.647 -0.261052 33.7531
      vertex 230.355 -0.261052 33.1587
    endloop
  endfacet
  facet normal 0.64166 0.0652051 0.764212
    outer loop
      vertex 229.647 -0.261052 33.7531
      vertex 230.344 0 33.1456
      vertex 229.63 0 33.7451
    endloop
  endfacet
  facet normal 0.424229 0.751272 0.505588
    outer loop
      vertex 230.721 -1.41421 33.5944
      vertex 230.412 -1.58671 34.11
      vertex 230.847 -1.58671 33.745
    endloop
  endfacet
  facet normal 0.424458 0.751091 0.505665
    outer loop
      vertex 230.412 -1.58671 34.11
      vertex 230.721 -1.41421 33.5944
      vertex 230.216 -1.41421 34.0183
    endloop
  endfacet
  facet normal 0.356784 -0.831808 0.425208
    outer loop
      vertex 230.847 1.58671 33.745
      vertex 230.63 1.73205 34.2114
      vertex 230.412 1.58671 34.11
    endloop
  endfacet
  facet normal 0.357016 -0.831674 0.425274
    outer loop
      vertex 230.63 1.73205 34.2114
      vertex 230.847 1.58671 33.745
      vertex 230.987 1.73205 33.9117
    endloop
  endfacet
  facet normal -0.576782 -0.441457 -0.687342
    outer loop
      vertex 226.689 0.765367 41.2355
      vertex 232.743 1 36.0046
      vertex 232.817 0.765367 36.0932
    endloop
  endfacet
  facet normal -0.576448 -0.442426 -0.686999
    outer loop
      vertex 232.743 1 36.0046
      vertex 226.689 0.765367 41.2355
      vertex 226.758 1 41.0265
    endloop
  endfacet
  facet normal -0.574915 -0.443439 -0.68763
    outer loop
      vertex 226.758 1 41.0265
      vertex 226.689 0.765367 41.2355
      vertex 226.641 0.915832 41.1786
    endloop
  endfacet
  facet normal 0.0420996 0.997861 0.0500034
    outer loop
      vertex 231.63 -2 34.6777
      vertex 231.462 -1.98289 34.4777
      vertex 231.369 -1.98289 34.556
    endloop
  endfacet
  facet normal -0.125316 0.980819 -0.149297
    outer loop
      vertex 231.962 -1.93185 35.0743
      vertex 230.895 -1.98289 35.6346
      vertex 230.174 -1.93185 36.5751
    endloop
  endfacet
  facet normal -0.125593 0.980702 -0.149836
    outer loop
      vertex 230.895 -1.98289 35.6346
      vertex 231.962 -1.93185 35.0743
      vertex 231.798 -1.98289 34.8777
    endloop
  endfacet
  facet normal -0.284251 -0.896885 -0.338819
    outer loop
      vertex 229.477 1.84776 37.4832
      vertex 232.273 1.73205 35.4438
      vertex 228.817 1.73205 38.3432
    endloop
  endfacet
  facet normal -0.284126 -0.896992 -0.338642
    outer loop
      vertex 232.273 1.73205 35.4438
      vertex 229.477 1.84776 37.4832
      vertex 232.122 1.84776 35.264
    endloop
  endfacet
  facet normal -0.576448 0.442426 -0.686999
    outer loop
      vertex 226.689 -0.765367 41.2355
      vertex 232.743 -1 36.0046
      vertex 226.758 -1 41.0265
    endloop
  endfacet
  facet normal -0.576782 0.441457 -0.687342
    outer loop
      vertex 232.743 -1 36.0046
      vertex 226.689 -0.765367 41.2355
      vertex 232.817 -0.765367 36.0932
    endloop
  endfacet
  facet normal -0.574915 0.443439 -0.68763
    outer loop
      vertex 226.689 -0.765367 41.2355
      vertex 226.758 -1 41.0265
      vertex 226.641 -0.915832 41.1786
    endloop
  endfacet
  facet normal -0.6307 0.19319 -0.751595
    outer loop
      vertex 232.872 -0.517637 36.1576
      vertex 226.776 -0.261052 41.339
      vertex 232.904 -0.261052 36.1967
    endloop
  endfacet
  facet normal -0.630338 0.195555 -0.751287
    outer loop
      vertex 226.776 -0.261052 41.339
      vertex 232.872 -0.517637 36.1576
      vertex 226.743 -0.517637 41.2999
    endloop
  endfacet
  facet normal 0.630455 0.195555 0.751189
    outer loop
      vertex 230.355 -0.261052 33.1587
      vertex 229.698 -0.517637 33.7769
      vertex 230.388 -0.517637 33.1978
    endloop
  endfacet
  facet normal 0.630643 0.195025 0.751169
    outer loop
      vertex 229.698 -0.517637 33.7769
      vertex 230.355 -0.261052 33.1587
      vertex 229.647 -0.261052 33.7531
    endloop
  endfacet
  facet normal 0.125654 0.980784 0.149244
    outer loop
      vertex 231.297 -1.93185 34.2812
      vertex 231.369 -1.98289 34.556
      vertex 231.462 -1.98289 34.4777
    endloop
  endfacet
  facet normal 0.125223 0.980821 0.149363
    outer loop
      vertex 231.369 -1.98289 34.556
      vertex 231.297 -1.93185 34.2812
      vertex 231.112 -1.93185 34.4363
    endloop
  endfacet
  facet normal -0.125316 -0.980819 -0.149297
    outer loop
      vertex 230.895 1.98289 35.6346
      vertex 231.962 1.93185 35.0743
      vertex 230.174 1.93185 36.5751
    endloop
  endfacet
  facet normal -0.125593 -0.980702 -0.149836
    outer loop
      vertex 231.962 1.93185 35.0743
      vertex 230.895 1.98289 35.6346
      vertex 231.798 1.98289 34.8777
    endloop
  endfacet
  facet normal -0.608192 -0.323472 -0.724892
    outer loop
      vertex 226.743 0.517637 41.2999
      vertex 232.817 0.765367 36.0932
      vertex 232.872 0.517637 36.1576
    endloop
  endfacet
  facet normal -0.608732 -0.321271 -0.725417
    outer loop
      vertex 232.817 0.765367 36.0932
      vertex 226.743 0.517637 41.2999
      vertex 226.689 0.765367 41.2355
    endloop
  endfacet
  facet normal -0.284251 0.896885 -0.338819
    outer loop
      vertex 232.273 -1.73205 35.4438
      vertex 229.477 -1.84776 37.4832
      vertex 228.817 -1.73205 38.3432
    endloop
  endfacet
  facet normal -0.284126 0.896992 -0.338642
    outer loop
      vertex 229.477 -1.84776 37.4832
      vertex 232.273 -1.73205 35.4438
      vertex 232.122 -1.84776 35.264
    endloop
  endfacet
  facet normal -0.483091 0.65965 -0.575748
    outer loop
      vertex 232.65 -1.21752 35.8932
      vertex 227.652 -1.41421 39.8615
      vertex 227.167 -1.21752 40.4938
    endloop
  endfacet
  facet normal -0.483191 0.659457 -0.575884
    outer loop
      vertex 227.652 -1.41421 39.8615
      vertex 232.65 -1.21752 35.8932
      vertex 232.539 -1.41421 35.7611
    endloop
  endfacet
  facet normal 0.53396 0.556469 0.636576
    outer loop
      vertex 230.516 -1 33.3509
      vertex 230.043 -1.21752 33.9378
      vertex 230.61 -1.21752 33.4622
    endloop
  endfacet
  facet normal 0.535111 0.554946 0.636939
    outer loop
      vertex 230.043 -1.21752 33.9378
      vertex 230.516 -1 33.3509
      vertex 229.898 -1 33.8701
    endloop
  endfacet
  facet normal 0.0420996 -0.997861 0.0500034
    outer loop
      vertex 231.462 1.98289 34.4777
      vertex 231.63 2 34.6777
      vertex 231.369 1.98289 34.556
    endloop
  endfacet
  facet normal 0.206605 0.946882 0.246434
    outer loop
      vertex 231.138 -1.84776 34.0914
      vertex 231.112 -1.93185 34.4363
      vertex 231.297 -1.93185 34.2812
    endloop
  endfacet
  facet normal 0.206316 0.946946 0.246428
    outer loop
      vertex 231.112 -1.93185 34.4363
      vertex 231.138 -1.84776 34.0914
      vertex 230.864 -1.84776 34.3208
    endloop
  endfacet
  facet normal 0.284761 -0.896578 0.339205
    outer loop
      vertex 230.987 1.73205 33.9117
      vertex 230.864 1.84776 34.3208
      vertex 230.63 1.73205 34.2114
    endloop
  endfacet
  facet normal 0.283845 -0.896934 0.33903
    outer loop
      vertex 230.864 1.84776 34.3208
      vertex 230.987 1.73205 33.9117
      vertex 231.138 1.84776 34.0914
    endloop
  endfacet
  facet normal 0.283845 0.896934 0.33903
    outer loop
      vertex 230.987 -1.73205 33.9117
      vertex 230.864 -1.84776 34.3208
      vertex 231.138 -1.84776 34.0914
    endloop
  endfacet
  facet normal 0.284761 0.896578 0.339205
    outer loop
      vertex 230.864 -1.84776 34.3208
      vertex 230.987 -1.73205 33.9117
      vertex 230.63 -1.73205 34.2114
    endloop
  endfacet
  facet normal 0.577177 0.441456 0.68701
    outer loop
      vertex 230.442 -0.765367 33.2623
      vertex 229.898 -1 33.8701
      vertex 230.516 -1 33.3509
    endloop
  endfacet
  facet normal 0.576279 0.442969 0.68679
    outer loop
      vertex 229.898 -1 33.8701
      vertex 230.442 -0.765367 33.2623
      vertex 229.782 -0.765367 33.8161
    endloop
  endfacet
  facet normal 0.357016 0.831674 0.425274
    outer loop
      vertex 230.847 -1.58671 33.745
      vertex 230.63 -1.73205 34.2114
      vertex 230.987 -1.73205 33.9117
    endloop
  endfacet
  facet normal 0.356784 0.831808 0.425208
    outer loop
      vertex 230.63 -1.73205 34.2114
      vertex 230.847 -1.58671 33.745
      vertex 230.412 -1.58671 34.11
    endloop
  endfacet
  facet normal -0.0420164 0.997861 -0.0500732
    outer loop
      vertex 289.648 -1.98289 103.822
      vertex 283.352 -2 108.764
      vertex 283.52 -1.98289 108.964
    endloop
  endfacet
  facet normal -0.0421156 0.997851 -0.0501996
    outer loop
      vertex 283.352 -2 108.764
      vertex 289.648 -1.98289 103.822
      vertex 289.481 -2 103.622
    endloop
  endfacet
  facet normal -0.630413 -0.195273 -0.751297
    outer loop
      vertex 284.627 0.261052 110.283
      vertex 290.722 0.517637 105.102
      vertex 290.755 0.261052 105.141
    endloop
  endfacet
  facet normal -0.630413 -0.195273 -0.751297
    outer loop
      vertex 290.722 0.517637 105.102
      vertex 284.627 0.261052 110.283
      vertex 284.594 0.517637 110.244
    endloop
  endfacet
  facet normal -0.641424 -0.0650948 -0.76442
    outer loop
      vertex 284.638 0 110.296
      vertex 290.755 0.261052 105.141
      vertex 290.766 0 105.154
    endloop
  endfacet
  facet normal -0.641424 -0.0650948 -0.76442
    outer loop
      vertex 290.755 0.261052 105.141
      vertex 284.638 0 110.296
      vertex 284.627 0.261052 110.283
    endloop
  endfacet
  facet normal -0.630413 0.195273 -0.751297
    outer loop
      vertex 290.722 -0.517637 105.102
      vertex 284.627 -0.261052 110.283
      vertex 290.755 -0.261052 105.141
    endloop
  endfacet
  facet normal -0.630413 0.195273 -0.751297
    outer loop
      vertex 284.627 -0.261052 110.283
      vertex 290.722 -0.517637 105.102
      vertex 284.594 -0.517637 110.244
    endloop
  endfacet
  facet normal -0.608367 0.322845 -0.725024
    outer loop
      vertex 290.668 -0.765367 105.037
      vertex 284.594 -0.517637 110.244
      vertex 290.722 -0.517637 105.102
    endloop
  endfacet
  facet normal -0.608367 0.322845 -0.725024
    outer loop
      vertex 284.594 -0.517637 110.244
      vertex 290.668 -0.765367 105.037
      vertex 284.54 -0.765367 110.179
    endloop
  endfacet
  facet normal 0.424012 0.751577 0.505317
    outer loop
      vertex 288.698 -1.58671 102.689
      vertex 282.443 -1.41421 107.681
      vertex 282.57 -1.58671 107.831
    endloop
  endfacet
  facet normal 0.423869 0.751782 0.505132
    outer loop
      vertex 282.443 -1.41421 107.681
      vertex 288.698 -1.58671 102.689
      vertex 288.572 -1.41421 102.538
    endloop
  endfacet
  facet normal 0.125515 0.980746 0.149608
    outer loop
      vertex 289.313 -1.98289 103.422
      vertex 283.02 -1.93185 108.367
      vertex 283.184 -1.98289 108.564
    endloop
  endfacet
  facet normal 0.125225 0.98084 0.149238
    outer loop
      vertex 283.02 -1.93185 108.367
      vertex 289.313 -1.98289 103.422
      vertex 289.148 -1.93185 103.225
    endloop
  endfacet
  facet normal 0.206687 -0.946893 0.24632
    outer loop
      vertex 282.86 1.84776 108.178
      vertex 289.148 1.93185 103.225
      vertex 283.02 1.93185 108.367
    endloop
  endfacet
  facet normal 0.206598 -0.946942 0.246207
    outer loop
      vertex 289.148 1.93185 103.225
      vertex 282.86 1.84776 108.178
      vertex 288.989 1.84776 103.035
    endloop
  endfacet
  facet normal 0.357352 -0.831186 0.425945
    outer loop
      vertex 282.57 1.58671 107.831
      vertex 288.838 1.73205 102.856
      vertex 282.709 1.73205 107.998
    endloop
  endfacet
  facet normal 0.356657 -0.831944 0.425047
    outer loop
      vertex 288.838 1.73205 102.856
      vertex 282.57 1.58671 107.831
      vertex 288.698 1.58671 102.689
    endloop
  endfacet
  facet normal -0.577209 -0.44004 -0.687891
    outer loop
      vertex 284.54 0.765367 110.179
      vertex 290.594 1 104.949
      vertex 290.668 0.765367 105.037
    endloop
  endfacet
  facet normal -0.577209 -0.44004 -0.687891
    outer loop
      vertex 290.594 1 104.949
      vertex 284.54 0.765367 110.179
      vertex 284.466 1 110.091
    endloop
  endfacet
  facet normal -0.12524 0.98084 -0.149226
    outer loop
      vertex 289.813 -1.93185 104.018
      vertex 283.52 -1.98289 108.964
      vertex 283.685 -1.93185 109.161
    endloop
  endfacet
  facet normal -0.125586 0.980728 -0.149667
    outer loop
      vertex 283.52 -1.98289 108.964
      vertex 289.813 -1.93185 104.018
      vertex 289.648 -1.98289 103.822
    endloop
  endfacet
  facet normal -0.283994 0.897106 -0.338451
    outer loop
      vertex 290.123 -1.73205 104.388
      vertex 283.844 -1.84776 109.35
      vertex 283.995 -1.73205 109.53
    endloop
  endfacet
  facet normal -0.284593 0.896625 -0.33922
    outer loop
      vertex 283.844 -1.84776 109.35
      vertex 290.123 -1.73205 104.388
      vertex 289.973 -1.84776 104.208
    endloop
  endfacet
  facet normal -0.207149 0.946638 -0.246911
    outer loop
      vertex 289.973 -1.84776 104.208
      vertex 283.685 -1.93185 109.161
      vertex 283.844 -1.84776 109.35
    endloop
  endfacet
  facet normal -0.206138 0.947195 -0.245618
    outer loop
      vertex 283.685 -1.93185 109.161
      vertex 289.973 -1.84776 104.208
      vertex 289.813 -1.93185 104.018
    endloop
  endfacet
  facet normal -0.356697 0.831944 -0.425013
    outer loop
      vertex 290.263 -1.58671 104.554
      vertex 283.995 -1.73205 109.53
      vertex 284.135 -1.58671 109.697
    endloop
  endfacet
  facet normal -0.357526 0.831041 -0.426083
    outer loop
      vertex 283.995 -1.73205 109.53
      vertex 290.263 -1.58671 104.554
      vertex 290.123 -1.73205 104.388
    endloop
  endfacet
  facet normal 0.283999 -0.897106 0.338446
    outer loop
      vertex 282.709 1.73205 107.998
      vertex 288.989 1.84776 103.035
      vertex 282.86 1.84776 108.178
    endloop
  endfacet
  facet normal 0.284713 -0.896533 0.339364
    outer loop
      vertex 288.989 1.84776 103.035
      vertex 282.709 1.73205 107.998
      vertex 288.838 1.73205 102.856
    endloop
  endfacet
  facet normal 0.483313 0.659291 0.575972
    outer loop
      vertex 288.572 -1.41421 102.538
      vertex 282.332 -1.21752 107.549
      vertex 282.443 -1.41421 107.681
    endloop
  endfacet
  facet normal 0.483313 0.659291 0.575972
    outer loop
      vertex 282.332 -1.21752 107.549
      vertex 288.572 -1.41421 102.538
      vertex 288.461 -1.21752 102.406
    endloop
  endfacet
  facet normal 0.641424 0.0650948 0.76442
    outer loop
      vertex 288.195 0 102.09
      vertex 282.078 -0.261052 107.245
      vertex 288.206 -0.261052 102.103
    endloop
  endfacet
  facet normal 0.641424 0.0650948 0.76442
    outer loop
      vertex 282.078 -0.261052 107.245
      vertex 288.195 0 102.09
      vertex 282.067 0 107.232
    endloop
  endfacet
  facet normal -0.534193 -0.556188 -0.636626
    outer loop
      vertex 284.466 1 110.091
      vertex 290.501 1.21752 104.837
      vertex 290.594 1 104.949
    endloop
  endfacet
  facet normal -0.534342 -0.555863 -0.636785
    outer loop
      vertex 290.501 1.21752 104.837
      vertex 284.466 1 110.091
      vertex 284.372 1.21752 109.98
    endloop
  endfacet
  facet normal 0.641424 -0.0650948 0.76442
    outer loop
      vertex 282.078 0.261052 107.245
      vertex 288.195 0 102.09
      vertex 288.206 0.261052 102.103
    endloop
  endfacet
  facet normal 0.641424 -0.0650948 0.76442
    outer loop
      vertex 288.195 0 102.09
      vertex 282.078 0.261052 107.245
      vertex 282.067 0 107.232
    endloop
  endfacet
  facet normal 0.357352 0.831186 0.425945
    outer loop
      vertex 288.838 -1.73205 102.856
      vertex 282.57 -1.58671 107.831
      vertex 282.709 -1.73205 107.998
    endloop
  endfacet
  facet normal 0.356657 0.831944 0.425047
    outer loop
      vertex 282.57 -1.58671 107.831
      vertex 288.838 -1.73205 102.856
      vertex 288.698 -1.58671 102.689
    endloop
  endfacet
  facet normal 0.630413 -0.195273 0.751297
    outer loop
      vertex 282.111 0.517637 107.284
      vertex 288.206 0.261052 102.103
      vertex 288.239 0.517637 102.142
    endloop
  endfacet
  facet normal 0.630413 -0.195273 0.751297
    outer loop
      vertex 288.206 0.261052 102.103
      vertex 282.111 0.517637 107.284
      vertex 282.078 0.261052 107.245
    endloop
  endfacet
  facet normal 0.483313 -0.659291 0.575972
    outer loop
      vertex 282.332 1.21752 107.549
      vertex 288.572 1.41421 102.538
      vertex 282.443 1.41421 107.681
    endloop
  endfacet
  facet normal 0.483313 -0.659291 0.575972
    outer loop
      vertex 288.572 1.41421 102.538
      vertex 282.332 1.21752 107.549
      vertex 288.461 1.21752 102.406
    endloop
  endfacet
  facet normal 0.60901 0.32022 0.725649
    outer loop
      vertex 288.239 -0.517637 102.142
      vertex 282.165 -0.765367 107.349
      vertex 288.293 -0.765367 102.206
    endloop
  endfacet
  facet normal 0.608367 0.322845 0.725024
    outer loop
      vertex 282.165 -0.765367 107.349
      vertex 288.239 -0.517637 102.142
      vertex 282.111 -0.517637 107.284
    endloop
  endfacet
  facet normal -0.641424 0.0650948 -0.76442
    outer loop
      vertex 290.755 -0.261052 105.141
      vertex 284.638 0 110.296
      vertex 290.766 0 105.154
    endloop
  endfacet
  facet normal -0.641424 0.0650948 -0.76442
    outer loop
      vertex 284.638 0 110.296
      vertex 290.755 -0.261052 105.141
      vertex 284.627 -0.261052 110.283
    endloop
  endfacet
  facet normal -0.283994 -0.897106 -0.338451
    outer loop
      vertex 283.844 1.84776 109.35
      vertex 290.123 1.73205 104.388
      vertex 283.995 1.73205 109.53
    endloop
  endfacet
  facet normal -0.284593 -0.896625 -0.33922
    outer loop
      vertex 290.123 1.73205 104.388
      vertex 283.844 1.84776 109.35
      vertex 289.973 1.84776 104.208
    endloop
  endfacet
  facet normal -0.48238 -0.660942 -0.574861
    outer loop
      vertex 284.261 1.41421 109.847
      vertex 290.501 1.21752 104.837
      vertex 284.372 1.21752 109.98
    endloop
  endfacet
  facet normal -0.483258 -0.659291 -0.576018
    outer loop
      vertex 290.501 1.21752 104.837
      vertex 284.261 1.41421 109.847
      vertex 290.39 1.41421 104.705
    endloop
  endfacet
  facet normal -0.356697 -0.831944 -0.425013
    outer loop
      vertex 283.995 1.73205 109.53
      vertex 290.263 1.58671 104.554
      vertex 284.135 1.58671 109.697
    endloop
  endfacet
  facet normal -0.357526 -0.831041 -0.426083
    outer loop
      vertex 290.263 1.58671 104.554
      vertex 283.995 1.73205 109.53
      vertex 290.123 1.73205 104.388
    endloop
  endfacet
  facet normal -0.577209 0.44004 -0.687891
    outer loop
      vertex 290.594 -1 104.949
      vertex 284.54 -0.765367 110.179
      vertex 290.668 -0.765367 105.037
    endloop
  endfacet
  facet normal -0.577209 0.44004 -0.687891
    outer loop
      vertex 284.54 -0.765367 110.179
      vertex 290.594 -1 104.949
      vertex 284.466 -1 110.091
    endloop
  endfacet
  facet normal -0.534193 0.556188 -0.636626
    outer loop
      vertex 290.501 -1.21752 104.837
      vertex 284.466 -1 110.091
      vertex 290.594 -1 104.949
    endloop
  endfacet
  facet normal -0.534342 0.555863 -0.636785
    outer loop
      vertex 284.466 -1 110.091
      vertex 290.501 -1.21752 104.837
      vertex 284.372 -1.21752 109.98
    endloop
  endfacet
  facet normal 0.534342 -0.555863 0.636785
    outer loop
      vertex 282.332 1.21752 107.549
      vertex 288.367 1 102.295
      vertex 288.461 1.21752 102.406
    endloop
  endfacet
  facet normal 0.534193 -0.556188 0.636626
    outer loop
      vertex 288.367 1 102.295
      vertex 282.332 1.21752 107.549
      vertex 282.239 1 107.437
    endloop
  endfacet
  facet normal 0.125515 -0.980746 0.149608
    outer loop
      vertex 283.02 1.93185 108.367
      vertex 289.313 1.98289 103.422
      vertex 283.184 1.98289 108.564
    endloop
  endfacet
  facet normal 0.125225 -0.98084 0.149238
    outer loop
      vertex 289.313 1.98289 103.422
      vertex 283.02 1.93185 108.367
      vertex 289.148 1.93185 103.225
    endloop
  endfacet
  facet normal -0.424755 -0.750505 -0.506286
    outer loop
      vertex 284.135 1.58671 109.697
      vertex 290.39 1.41421 104.705
      vertex 284.261 1.41421 109.847
    endloop
  endfacet
  facet normal -0.423128 -0.752848 -0.504166
    outer loop
      vertex 290.39 1.41421 104.705
      vertex 284.135 1.58671 109.697
      vertex 290.263 1.58671 104.554
    endloop
  endfacet
  facet normal -0.48238 0.660942 -0.574861
    outer loop
      vertex 290.501 -1.21752 104.837
      vertex 284.261 -1.41421 109.847
      vertex 284.372 -1.21752 109.98
    endloop
  endfacet
  facet normal -0.483258 0.659291 -0.576018
    outer loop
      vertex 284.261 -1.41421 109.847
      vertex 290.501 -1.21752 104.837
      vertex 290.39 -1.41421 104.705
    endloop
  endfacet
  facet normal 0.206687 0.946893 0.24632
    outer loop
      vertex 289.148 -1.93185 103.225
      vertex 282.86 -1.84776 108.178
      vertex 283.02 -1.93185 108.367
    endloop
  endfacet
  facet normal 0.206598 0.946942 0.246207
    outer loop
      vertex 282.86 -1.84776 108.178
      vertex 289.148 -1.93185 103.225
      vertex 288.989 -1.84776 103.035
    endloop
  endfacet
  facet normal -0.0420164 -0.997861 -0.0500732
    outer loop
      vertex 283.352 2 108.764
      vertex 289.648 1.98289 103.822
      vertex 283.52 1.98289 108.964
    endloop
  endfacet
  facet normal -0.0421156 -0.997851 -0.0501996
    outer loop
      vertex 289.648 1.98289 103.822
      vertex 283.352 2 108.764
      vertex 289.481 2 103.622
    endloop
  endfacet
  facet normal 0.534342 0.555863 0.636785
    outer loop
      vertex 288.367 -1 102.295
      vertex 282.332 -1.21752 107.549
      vertex 288.461 -1.21752 102.406
    endloop
  endfacet
  facet normal 0.534193 0.556188 0.636626
    outer loop
      vertex 282.332 -1.21752 107.549
      vertex 288.367 -1 102.295
      vertex 282.239 -1 107.437
    endloop
  endfacet
  facet normal 0.424012 -0.751577 0.505317
    outer loop
      vertex 282.443 1.41421 107.681
      vertex 288.698 1.58671 102.689
      vertex 282.57 1.58671 107.831
    endloop
  endfacet
  facet normal 0.423869 -0.751782 0.505132
    outer loop
      vertex 288.698 1.58671 102.689
      vertex 282.443 1.41421 107.681
      vertex 288.572 1.41421 102.538
    endloop
  endfacet
  facet normal 0.576463 -0.4424 0.687003
    outer loop
      vertex 282.239 1 107.437
      vertex 288.293 0.765367 102.206
      vertex 288.367 1 102.295
    endloop
  endfacet
  facet normal 0.577275 -0.44004 0.687836
    outer loop
      vertex 288.293 0.765367 102.206
      vertex 282.239 1 107.437
      vertex 282.165 0.765367 107.349
    endloop
  endfacet
  facet normal 0.0420124 -0.997861 0.0500766
    outer loop
      vertex 283.184 1.98289 108.564
      vertex 289.481 2 103.622
      vertex 283.352 2 108.764
    endloop
  endfacet
  facet normal 0.0420124 -0.997861 0.0500766
    outer loop
      vertex 289.481 2 103.622
      vertex 283.184 1.98289 108.564
      vertex 289.313 1.98289 103.422
    endloop
  endfacet
  facet normal 0.630413 0.195273 0.751297
    outer loop
      vertex 288.206 -0.261052 102.103
      vertex 282.111 -0.517637 107.284
      vertex 288.239 -0.517637 102.142
    endloop
  endfacet
  facet normal 0.630413 0.195273 0.751297
    outer loop
      vertex 282.111 -0.517637 107.284
      vertex 288.206 -0.261052 102.103
      vertex 282.078 -0.261052 107.245
    endloop
  endfacet
  facet normal -0.207149 -0.946638 -0.246911
    outer loop
      vertex 283.685 1.93185 109.161
      vertex 289.973 1.84776 104.208
      vertex 283.844 1.84776 109.35
    endloop
  endfacet
  facet normal -0.206138 -0.947195 -0.245618
    outer loop
      vertex 289.973 1.84776 104.208
      vertex 283.685 1.93185 109.161
      vertex 289.813 1.93185 104.018
    endloop
  endfacet
  facet normal 0.60901 -0.32022 0.725649
    outer loop
      vertex 282.165 0.765367 107.349
      vertex 288.239 0.517637 102.142
      vertex 288.293 0.765367 102.206
    endloop
  endfacet
  facet normal 0.608367 -0.322845 0.725024
    outer loop
      vertex 288.239 0.517637 102.142
      vertex 282.165 0.765367 107.349
      vertex 282.111 0.517637 107.284
    endloop
  endfacet
  facet normal -0.608367 -0.322845 -0.725024
    outer loop
      vertex 284.594 0.517637 110.244
      vertex 290.668 0.765367 105.037
      vertex 290.722 0.517637 105.102
    endloop
  endfacet
  facet normal -0.608367 -0.322845 -0.725024
    outer loop
      vertex 290.668 0.765367 105.037
      vertex 284.594 0.517637 110.244
      vertex 284.54 0.765367 110.179
    endloop
  endfacet
  facet normal 0.283999 0.897106 0.338446
    outer loop
      vertex 288.989 -1.84776 103.035
      vertex 282.709 -1.73205 107.998
      vertex 282.86 -1.84776 108.178
    endloop
  endfacet
  facet normal 0.284713 0.896533 0.339364
    outer loop
      vertex 282.709 -1.73205 107.998
      vertex 288.989 -1.84776 103.035
      vertex 288.838 -1.73205 102.856
    endloop
  endfacet
  facet normal 0.0420124 0.997861 0.0500766
    outer loop
      vertex 289.481 -2 103.622
      vertex 283.184 -1.98289 108.564
      vertex 283.352 -2 108.764
    endloop
  endfacet
  facet normal 0.0420124 0.997861 0.0500766
    outer loop
      vertex 283.184 -1.98289 108.564
      vertex 289.481 -2 103.622
      vertex 289.313 -1.98289 103.422
    endloop
  endfacet
  facet normal 0.576463 0.4424 0.687003
    outer loop
      vertex 288.293 -0.765367 102.206
      vertex 282.239 -1 107.437
      vertex 288.367 -1 102.295
    endloop
  endfacet
  facet normal 0.577275 0.44004 0.687836
    outer loop
      vertex 282.239 -1 107.437
      vertex 288.293 -0.765367 102.206
      vertex 282.165 -0.765367 107.349
    endloop
  endfacet
  facet normal -0.12524 -0.98084 -0.149226
    outer loop
      vertex 283.52 1.98289 108.964
      vertex 289.813 1.93185 104.018
      vertex 283.685 1.93185 109.161
    endloop
  endfacet
  facet normal -0.125586 -0.980728 -0.149667
    outer loop
      vertex 289.813 1.93185 104.018
      vertex 283.52 1.98289 108.964
      vertex 289.648 1.98289 103.822
    endloop
  endfacet
  facet normal -0.424755 0.750505 -0.506286
    outer loop
      vertex 290.39 -1.41421 104.705
      vertex 284.135 -1.58671 109.697
      vertex 284.261 -1.41421 109.847
    endloop
  endfacet
  facet normal -0.423128 0.752848 -0.504166
    outer loop
      vertex 284.135 -1.58671 109.697
      vertex 290.39 -1.41421 104.705
      vertex 290.263 -1.58671 104.554
    endloop
  endfacet
  facet normal -0.642739 0 -0.766086
    outer loop
      vertex 269.762 10 122.126
      vertex 272.06 11.9017 120.198
      vertex 272.06 10 120.198
    endloop
  endfacet
  facet normal -0.642739 -0 -0.766086
    outer loop
      vertex 269.762 20 122.126
      vertex 272.06 11.9017 120.198
      vertex 269.762 10 122.126
    endloop
  endfacet
  facet normal -0.642739 0 -0.766086
    outer loop
      vertex 272.06 11.9017 120.198
      vertex 269.762 20 122.126
      vertex 272.06 20 120.198
    endloop
  endfacet
  facet normal 0.766206 0 -0.642595
    outer loop
      vertex 269.762 10 122.126
      vertex 269.055 20 121.283
      vertex 269.762 20 122.126
    endloop
  endfacet
  facet normal 0.766206 0 -0.642595
    outer loop
      vertex 269.055 20 121.283
      vertex 269.762 10 122.126
      vertex 269.055 10 121.283
    endloop
  endfacet
  facet normal 0 -1 0
    outer loop
      vertex 269.055 20 121.283
      vertex 272.06 20 120.198
      vertex 269.762 20 122.126
    endloop
  endfacet
  facet normal -0 -1 0
    outer loop
      vertex 272.06 20 120.198
      vertex 269.055 20 121.283
      vertex 271.283 20 119.271
    endloop
  endfacet
  facet normal 0 1 0
    outer loop
      vertex 272.06 10 120.198
      vertex 269.055 10 121.283
      vertex 269.762 10 122.126
    endloop
  endfacet
  facet normal 0 1 0
    outer loop
      vertex 269.055 10 121.283
      vertex 272.06 10 120.198
      vertex 271.283 10 119.271
    endloop
  endfacet
  facet normal -0.642739 0 -0.766086
    outer loop
      vertex 262.101 10 128.554
      vertex 264.399 20 126.626
      vertex 264.399 10 126.626
    endloop
  endfacet
  facet normal -0.642739 0 -0.766086
    outer loop
      vertex 264.399 20 126.626
      vertex 262.101 10 128.554
      vertex 262.101 20 128.554
    endloop
  endfacet
  facet normal 0.766213 0 -0.642587
    outer loop
      vertex 262.101 10 128.554
      vertex 261.628 20 127.99
      vertex 262.101 20 128.554
    endloop
  endfacet
  facet normal 0.766213 0 -0.642587
    outer loop
      vertex 261.628 20 127.99
      vertex 262.101 10 128.554
      vertex 261.628 10 127.99
    endloop
  endfacet
  facet normal -0.766473 0 0.642276
    outer loop
      vertex 263.856 10 125.978
      vertex 264.399 20 126.626
      vertex 263.856 20 125.978
    endloop
  endfacet
  facet normal -0.766473 0 0.642276
    outer loop
      vertex 264.399 20 126.626
      vertex 263.856 10 125.978
      vertex 264.399 10 126.626
    endloop
  endfacet
  facet normal 0 -1 0
    outer loop
      vertex 261.628 20 127.99
      vertex 264.399 20 126.626
      vertex 262.101 20 128.554
    endloop
  endfacet
  facet normal -0 -1 0
    outer loop
      vertex 264.399 20 126.626
      vertex 261.628 20 127.99
      vertex 263.856 20 125.978
    endloop
  endfacet
  facet normal 0 1 0
    outer loop
      vertex 264.399 10 126.626
      vertex 261.628 10 127.99
      vertex 262.101 10 128.554
    endloop
  endfacet
  facet normal 0 1 0
    outer loop
      vertex 261.628 10 127.99
      vertex 264.399 10 126.626
      vertex 263.856 10 125.978
    endloop
  endfacet
  facet normal -0.642934 0 -0.765921
    outer loop
      vertex 254.441 10 134.982
      vertex 256.739 20 133.053
      vertex 256.739 10 133.053
    endloop
  endfacet
  facet normal -0.642934 0 -0.765921
    outer loop
      vertex 256.739 20 133.053
      vertex 254.441 10 134.982
      vertex 254.441 20 134.982
    endloop
  endfacet
  facet normal 0.766021 0 -0.642815
    outer loop
      vertex 254.441 10 134.982
      vertex 254.201 20 134.696
      vertex 254.441 20 134.982
    endloop
  endfacet
  facet normal 0.766021 0 -0.642815
    outer loop
      vertex 254.201 20 134.696
      vertex 254.441 10 134.982
      vertex 254.201 10 134.696
    endloop
  endfacet
  facet normal -0.765664 0 0.643241
    outer loop
      vertex 256.429 10 132.684
      vertex 256.739 20 133.053
      vertex 256.429 20 132.684
    endloop
  endfacet
  facet normal -0.765664 0 0.643241
    outer loop
      vertex 256.739 20 133.053
      vertex 256.429 10 132.684
      vertex 256.739 10 133.053
    endloop
  endfacet
  facet normal 0 -1 0
    outer loop
      vertex 254.201 20 134.696
      vertex 256.739 20 133.053
      vertex 254.441 20 134.982
    endloop
  endfacet
  facet normal -0 -1 0
    outer loop
      vertex 256.739 20 133.053
      vertex 254.201 20 134.696
      vertex 256.429 20 132.684
    endloop
  endfacet
  facet normal 0 1 0
    outer loop
      vertex 256.739 10 133.053
      vertex 254.201 10 134.696
      vertex 254.441 10 134.982
    endloop
  endfacet
  facet normal 0 1 0
    outer loop
      vertex 254.201 10 134.696
      vertex 256.739 10 133.053
      vertex 256.429 10 132.684
    endloop
  endfacet
  facet normal -0.642934 0 -0.765921
    outer loop
      vertex 246.78 10 141.41
      vertex 249.078 20 139.481
      vertex 249.078 10 139.481
    endloop
  endfacet
  facet normal -0.642934 0 -0.765921
    outer loop
      vertex 249.078 20 139.481
      vertex 246.78 10 141.41
      vertex 246.78 20 141.41
    endloop
  endfacet
  facet normal 0.759257 0 -0.650791
    outer loop
      vertex 246.78 10 141.41
      vertex 246.774 20 141.403
      vertex 246.78 20 141.41
    endloop
  endfacet
  facet normal 0.759257 0 -0.650791
    outer loop
      vertex 246.774 20 141.403
      vertex 246.78 10 141.41
      vertex 246.774 10 141.403
    endloop
  endfacet
  facet normal -0.76403 0 0.645181
    outer loop
      vertex 249.002 10 139.391
      vertex 249.078 20 139.481
      vertex 249.002 20 139.391
    endloop
  endfacet
  facet normal -0.76403 0 0.645181
    outer loop
      vertex 249.078 20 139.481
      vertex 249.002 10 139.391
      vertex 249.078 10 139.481
    endloop
  endfacet
  facet normal 0 -1 0
    outer loop
      vertex 246.774 20 141.403
      vertex 249.078 20 139.481
      vertex 246.78 20 141.41
    endloop
  endfacet
  facet normal -0 -1 0
    outer loop
      vertex 249.078 20 139.481
      vertex 246.774 20 141.403
      vertex 249.002 20 139.391
    endloop
  endfacet
  facet normal 0 1 0
    outer loop
      vertex 249.078 10 139.481
      vertex 246.774 10 141.403
      vertex 246.78 10 141.41
    endloop
  endfacet
  facet normal 0 1 0
    outer loop
      vertex 246.774 10 141.403
      vertex 249.078 10 139.481
      vertex 249.002 10 139.391
    endloop
  endfacet
  facet normal -0.670215 0 -0.742167
    outer loop
      vertex 271.283 8 119.271
      vertex 269.055 10 121.283
      vertex 271.283 10 119.271
    endloop
  endfacet
  facet normal -0.670218 0 -0.742164
    outer loop
      vertex 269.055 10 121.283
      vertex 263.856 10 125.978
      vertex 269.055 20 121.283
    endloop
  endfacet
  facet normal -0.670218 -5.13905e-06 -0.742164
    outer loop
      vertex 271.283 8 119.271
      vertex 263.856 10 125.978
      vertex 269.055 10 121.283
    endloop
  endfacet
  facet normal -0.670215 1.19919e-05 -0.742167
    outer loop
      vertex 271.283 8 119.271
      vertex 261.628 10 127.99
      vertex 263.856 10 125.978
    endloop
  endfacet
  facet normal -0.670139 0 -0.742235
    outer loop
      vertex 261.628 10 127.99
      vertex 256.429 10 132.684
      vertex 261.628 20 127.99
    endloop
  endfacet
  facet normal -0.670139 0.000678919 -0.742235
    outer loop
      vertex 271.283 8 119.271
      vertex 256.429 10 132.684
      vertex 261.628 10 127.99
    endloop
  endfacet
  facet normal -0.670215 -0.0003471 -0.742167
    outer loop
      vertex 271.283 8 119.271
      vertex 254.201 10 134.696
      vertex 256.429 10 132.684
    endloop
  endfacet
  facet normal -0.670218 0 -0.742164
    outer loop
      vertex 254.201 10 134.696
      vertex 249.002 10 139.391
      vertex 254.201 20 134.696
    endloop
  endfacet
  facet normal -0.670204 -0.000177241 -0.742177
    outer loop
      vertex 236.377 8 150.792
      vertex 254.201 10 134.696
      vertex 271.283 8 119.271
    endloop
  endfacet
  facet normal -0.670218 4.11124e-05 -0.742164
    outer loop
      vertex 254.201 10 134.696
      vertex 236.377 8 150.792
      vertex 249.002 10 139.391
    endloop
  endfacet
  facet normal -0.670214 0 -0.742168
    outer loop
      vertex 246.774 10 141.403
      vertex 236.377 8 150.792
      vertex 246.774 20 141.403
    endloop
  endfacet
  facet normal -0.670215 1.19919e-05 -0.742167
    outer loop
      vertex 249.002 10 139.391
      vertex 236.377 8 150.792
      vertex 246.774 10 141.403
    endloop
  endfacet
  facet normal -0.671305 0 -0.741181
    outer loop
      vertex 277.224 12 113.906
      vertex 276.927 15 114.175
      vertex 277.224 22 113.906
    endloop
  endfacet
  facet normal -0.670544 0.000137064 -0.741869
    outer loop
      vertex 277.224 12 113.906
      vertex 276.917 14.7912 114.184
      vertex 276.927 15 114.175
    endloop
  endfacet
  facet normal -0.66296 0.00164694 -0.748653
    outer loop
      vertex 277.224 12 113.906
      vertex 276.886 14.5859 114.211
      vertex 276.917 14.7912 114.184
    endloop
  endfacet
  facet normal -0.669296 0.00015141 -0.742996
    outer loop
      vertex 277.224 12 113.906
      vertex 276.836 14.3877 114.256
      vertex 276.886 14.5859 114.211
    endloop
  endfacet
  facet normal -0.672539 -0.000805539 -0.740062
    outer loop
      vertex 277.224 12 113.906
      vertex 276.768 14.2 114.318
      vertex 276.836 14.3877 114.256
    endloop
  endfacet
  facet normal -0.668385 0.000758255 -0.743815
    outer loop
      vertex 277.224 12 113.906
      vertex 276.681 14.026 114.396
      vertex 276.768 14.2 114.318
    endloop
  endfacet
  facet normal -0.672645 -0.00131467 -0.739964
    outer loop
      vertex 277.224 12 113.906
      vertex 276.579 13.8686 114.489
      vertex 276.681 14.026 114.396
    endloop
  endfacet
  facet normal -0.668676 0.00117466 -0.743553
    outer loop
      vertex 277.224 12 113.906
      vertex 276.462 13.7306 114.594
      vertex 276.579 13.8686 114.489
    endloop
  endfacet
  facet normal -0.671342 -0.000955577 -0.741147
    outer loop
      vertex 277.224 12 113.906
      vertex 276.333 13.6144 114.711
      vertex 276.462 13.7306 114.594
    endloop
  endfacet
  facet normal -0.669346 0.00104511 -0.74295
    outer loop
      vertex 277.224 12 113.906
      vertex 276.193 13.5218 114.837
      vertex 276.333 13.6144 114.711
    endloop
  endfacet
  facet normal -0.670744 -0.000673133 -0.741689
    outer loop
      vertex 277.224 12 113.906
      vertex 276.046 13.4545 114.97
      vertex 276.193 13.5218 114.837
    endloop
  endfacet
  facet normal -0.671847 -0.00230066 -0.740686
    outer loop
      vertex 277.224 12 113.906
      vertex 275.894 13.4137 115.108
      vertex 276.046 13.4545 114.97
    endloop
  endfacet
  facet normal -0.670303 0.000343929 -0.742087
    outer loop
      vertex 277.224 12 113.906
      vertex 275.739 13.4 115.248
      vertex 275.894 13.4137 115.108
    endloop
  endfacet
  facet normal -0.667634 0.00545791 -0.744469
    outer loop
      vertex 277.224 12 113.906
      vertex 275.583 13.4137 115.388
      vertex 275.739 13.4 115.248
    endloop
  endfacet
  facet normal -0.66917 0.00224545 -0.743106
    outer loop
      vertex 277.224 12 113.906
      vertex 275.431 13.4545 115.525
      vertex 275.583 13.4137 115.388
    endloop
  endfacet
  facet normal -0.670213 -8.26397e-05 -0.742169
    outer loop
      vertex 271.283 11.9809 119.271
      vertex 275.431 13.4545 115.525
      vertex 277.224 12 113.906
    endloop
  endfacet
  facet normal -0.670527 0.00152932 -0.741883
    outer loop
      vertex 275.431 13.4545 115.525
      vertex 271.283 11.9809 119.271
      vertex 275.284 13.5218 115.658
    endloop
  endfacet
  facet normal -0.671854 0.0032961 -0.740676
    outer loop
      vertex 274.56 14.7912 116.311
      vertex 271.283 11.9809 119.271
      vertex 274.55 15 116.321
    endloop
  endfacet
  facet normal -0.668782 -0.00321004 -0.743452
    outer loop
      vertex 274.591 14.5859 116.284
      vertex 271.283 11.9809 119.271
      vertex 274.56 14.7912 116.311
    endloop
  endfacet
  facet normal -0.669978 -0.000462869 -0.742381
    outer loop
      vertex 274.641 14.3877 116.239
      vertex 271.283 11.9809 119.271
      vertex 274.591 14.5859 116.284
    endloop
  endfacet
  facet normal -0.669788 -0.000943615 -0.742552
    outer loop
      vertex 274.71 14.2 116.177
      vertex 271.283 11.9809 119.271
      vertex 274.641 14.3877 116.239
    endloop
  endfacet
  facet normal -0.670535 0.00115173 -0.741877
    outer loop
      vertex 274.796 14.026 116.099
      vertex 271.283 11.9809 119.271
      vertex 274.71 14.2 116.177
    endloop
  endfacet
  facet normal -0.67115 0.00308092 -0.741315
    outer loop
      vertex 274.898 13.8686 116.006
      vertex 271.283 11.9809 119.271
      vertex 274.796 14.026 116.099
    endloop
  endfacet
  facet normal -0.669544 -0.00250778 -0.742768
    outer loop
      vertex 275.015 13.7306 115.901
      vertex 271.283 11.9809 119.271
      vertex 274.898 13.8686 116.006
    endloop
  endfacet
  facet normal -0.670749 0.00215293 -0.741682
    outer loop
      vertex 275.144 13.6144 115.784
      vertex 271.283 11.9809 119.271
      vertex 275.015 13.7306 115.901
    endloop
  endfacet
  facet normal -0.669747 -0.00214586 -0.742586
    outer loop
      vertex 275.284 13.5218 115.658
      vertex 271.283 11.9809 119.271
      vertex 275.144 13.6144 115.784
    endloop
  endfacet
  facet normal -0.670067 -9.55895e-05 -0.742301
    outer loop
      vertex 276.917 15.2088 114.184
      vertex 277.224 22 113.906
      vertex 276.927 15 114.175
    endloop
  endfacet
  facet normal -0.660176 -0.00090335 -0.751111
    outer loop
      vertex 276.886 15.4141 114.211
      vertex 277.224 22 113.906
      vertex 276.917 15.2088 114.184
    endloop
  endfacet
  facet normal -0.669129 -7.5011e-05 -0.743146
    outer loop
      vertex 276.836 15.6123 114.256
      vertex 277.224 22 113.906
      vertex 276.886 15.4141 114.211
    endloop
  endfacet
  facet normal -0.673191 0.00037324 -0.739469
    outer loop
      vertex 276.768 15.8 114.318
      vertex 277.224 22 113.906
      vertex 276.836 15.6123 114.256
    endloop
  endfacet
  facet normal -0.667913 -0.000331979 -0.744239
    outer loop
      vertex 276.681 15.974 114.396
      vertex 277.224 22 113.906
      vertex 276.768 15.8 114.318
    endloop
  endfacet
  facet normal -0.673292 0.000548101 -0.739377
    outer loop
      vertex 276.579 16.1314 114.489
      vertex 277.224 22 113.906
      vertex 276.681 15.974 114.396
    endloop
  endfacet
  facet normal -0.668214 -0.000466158 -0.743969
    outer loop
      vertex 276.462 16.2694 114.594
      vertex 277.224 22 113.906
      vertex 276.579 16.1314 114.489
    endloop
  endfacet
  facet normal -0.671637 0.000359793 -0.74088
    outer loop
      vertex 276.333 16.3856 114.711
      vertex 277.224 22 113.906
      vertex 276.462 16.2694 114.594
    endloop
  endfacet
  facet normal -0.6691 -0.000371362 -0.743172
    outer loop
      vertex 276.193 16.4782 114.837
      vertex 277.224 22 113.906
      vertex 276.333 16.3856 114.711
    endloop
  endfacet
  facet normal -0.670857 0.000223884 -0.741587
    outer loop
      vertex 276.046 16.5455 114.97
      vertex 277.224 22 113.906
      vertex 276.193 16.4782 114.837
    endloop
  endfacet
  facet normal -0.672084 0.00070574 -0.740475
    outer loop
      vertex 275.894 16.5863 115.108
      vertex 277.224 22 113.906
      vertex 276.046 16.5455 114.97
    endloop
  endfacet
  facet normal -0.670291 -9.52136e-05 -0.742098
    outer loop
      vertex 275.739 16.6 115.248
      vertex 277.224 22 113.906
      vertex 275.894 16.5863 115.108
    endloop
  endfacet
  facet normal -0.667845 -0.00131466 -0.744299
    outer loop
      vertex 275.583 16.5863 115.388
      vertex 277.224 22 113.906
      vertex 275.739 16.6 115.248
    endloop
  endfacet
  facet normal -0.669439 -0.000439275 -0.742867
    outer loop
      vertex 275.431 16.5455 115.525
      vertex 277.224 22 113.906
      vertex 275.583 16.5863 115.388
    endloop
  endfacet
  facet normal -0.67067 -0.000963279 -0.741755
    outer loop
      vertex 271.283 20 119.271
      vertex 275.431 16.5455 115.525
      vertex 275.284 16.4782 115.658
    endloop
  endfacet
  facet normal -0.669496 0.00145716 -0.742814
    outer loop
      vertex 271.283 20 119.271
      vertex 275.284 16.4782 115.658
      vertex 275.144 16.3856 115.784
    endloop
  endfacet
  facet normal -0.671047 -0.00155105 -0.741413
    outer loop
      vertex 271.283 20 119.271
      vertex 275.144 16.3856 115.784
      vertex 275.015 16.2694 115.901
    endloop
  endfacet
  facet normal -0.669148 0.00189785 -0.743127
    outer loop
      vertex 271.283 20 119.271
      vertex 275.015 16.2694 115.901
      vertex 274.898 16.1314 116.006
    endloop
  endfacet
  facet normal -0.671699 -0.00243327 -0.74082
    outer loop
      vertex 271.283 20 119.271
      vertex 274.898 16.1314 116.006
      vertex 274.796 15.974 116.099
    endloop
  endfacet
  facet normal -0.670763 -0.000946552 -0.741671
    outer loop
      vertex 271.283 20 119.271
      vertex 274.796 15.974 116.099
      vertex 274.71 15.8 116.177
    endloop
  endfacet
  facet normal -0.668334 -0.00361681 -0.743853
    outer loop
      vertex 271.283 11.9809 119.271
      vertex 274.56 15.2088 116.311
      vertex 274.55 15 116.321
    endloop
  endfacet
  facet normal -0.672593 0.00423944 -0.740001
    outer loop
      vertex 271.283 11.9809 119.271
      vertex 274.591 15.4141 116.284
      vertex 274.56 15.2088 116.311
    endloop
  endfacet
  facet normal -0.670179 -0 -0.7422
    outer loop
      vertex 271.283 20 119.271
      vertex 274.591 15.4141 116.284
      vertex 271.283 11.9809 119.271
    endloop
  endfacet
  facet normal -0.669865 0.00041112 -0.742483
    outer loop
      vertex 274.591 15.4141 116.284
      vertex 271.283 20 119.271
      vertex 274.641 15.6123 116.239
    endloop
  endfacet
  facet normal -0.66958 0.000805588 -0.742739
    outer loop
      vertex 274.641 15.6123 116.239
      vertex 271.283 20 119.271
      vertex 274.71 15.8 116.177
    endloop
  endfacet
  facet normal -0.670218 2.48769e-05 -0.742165
    outer loop
      vertex 275.431 16.5455 115.525
      vertex 271.283 20 119.271
      vertex 277.224 22 113.906
    endloop
  endfacet
  facet normal -0.670215 1.19919e-05 -0.742167
    outer loop
      vertex 269.055 20 121.283
      vertex 277.224 22 113.906
      vertex 271.283 20 119.271
    endloop
  endfacet
  facet normal -0.670218 -0 -0.742164
    outer loop
      vertex 263.856 20 125.978
      vertex 269.055 20 121.283
      vertex 263.856 10 125.978
    endloop
  endfacet
  facet normal -0.670218 3.08343e-05 -0.742164
    outer loop
      vertex 263.856 20 125.978
      vertex 277.224 22 113.906
      vertex 269.055 20 121.283
    endloop
  endfacet
  facet normal -0.670215 -1.36096e-14 -0.742167
    outer loop
      vertex 261.628 20 127.99
      vertex 277.224 22 113.906
      vertex 263.856 20 125.978
    endloop
  endfacet
  facet normal -0.670139 -0 -0.742235
    outer loop
      vertex 256.429 20 132.684
      vertex 261.628 20 127.99
      vertex 256.429 10 132.684
    endloop
  endfacet
  facet normal -0.670139 -0.0010773 -0.742235
    outer loop
      vertex 256.429 20 132.684
      vertex 277.224 22 113.906
      vertex 261.628 20 127.99
    endloop
  endfacet
  facet normal -0.670215 -4.73376e-14 -0.742167
    outer loop
      vertex 236.377 22 150.792
      vertex 256.429 20 132.684
      vertex 254.201 20 134.696
    endloop
  endfacet
  facet normal -0.670218 -0 -0.742164
    outer loop
      vertex 249.002 20 139.391
      vertex 254.201 20 134.696
      vertex 249.002 10 139.391
    endloop
  endfacet
  facet normal -0.670218 -4.11124e-05 -0.742164
    outer loop
      vertex 236.377 22 150.792
      vertex 254.201 20 134.696
      vertex 249.002 20 139.391
    endloop
  endfacet
  facet normal -0.670215 -1.19919e-05 -0.742167
    outer loop
      vertex 236.377 22 150.792
      vertex 249.002 20 139.391
      vertex 246.774 20 141.403
    endloop
  endfacet
  facet normal -0.670206 0.000176282 -0.742176
    outer loop
      vertex 256.429 20 132.684
      vertex 236.377 22 150.792
      vertex 277.224 22 113.906
    endloop
  endfacet
  facet normal -0.670214 -0 -0.742168
    outer loop
      vertex 236.377 22 150.792
      vertex 246.774 20 141.403
      vertex 236.377 8 150.792
    endloop
  endfacet
  facet normal 0 1 0
    outer loop
      vertex 243.298 22 152.817
      vertex 236.377 22 150.792
      vertex 240.234 22 155.388
    endloop
  endfacet
  facet normal 0 1 -0
    outer loop
      vertex 277.224 22 113.906
      vertex 243.298 22 152.817
      vertex 284.145 22 115.931
    endloop
  endfacet
  facet normal 0 1 0
    outer loop
      vertex 243.298 22 152.817
      vertex 277.224 22 113.906
      vertex 236.377 22 150.792
    endloop
  endfacet
  facet normal -0 1 0
    outer loop
      vertex 277.224 22 113.906
      vertex 284.145 22 115.931
      vertex 280.288 22 111.335
    endloop
  endfacet
  facet normal -0.642787 0 -0.766045
    outer loop
      vertex 277.224 12 113.906
      vertex 280.288 22 111.335
      vertex 280.288 12 111.335
    endloop
  endfacet
  facet normal -0.642787 0 -0.766045
    outer loop
      vertex 280.288 22 111.335
      vertex 277.224 12 113.906
      vertex 277.224 22 113.906
    endloop
  endfacet
  facet normal 0.67019 0 0.74219
    outer loop
      vertex 280.867 15.2088 118.891
      vertex 284.145 10.3923 115.931
      vertex 284.145 22 115.931
    endloop
  endfacet
  facet normal 0.670282 0.000114299 0.742106
    outer loop
      vertex 284.145 10.3923 115.931
      vertex 280.867 15.2088 118.891
      vertex 280.877 15 118.882
    endloop
  endfacet
  facet normal 0.673055 -0.00251729 0.739588
    outer loop
      vertex 284.145 22 115.931
      vertex 280.837 15.4141 118.919
      vertex 280.867 15.2088 118.891
    endloop
  endfacet
  facet normal 0.669856 0.000407076 0.742491
    outer loop
      vertex 284.145 22 115.931
      vertex 280.787 15.6123 118.964
      vertex 280.837 15.4141 118.919
    endloop
  endfacet
  facet normal 0.669496 0.000749717 0.742815
    outer loop
      vertex 284.145 22 115.931
      vertex 280.718 15.8 119.026
      vertex 280.787 15.6123 118.964
    endloop
  endfacet
  facet normal 0.670986 -0.000745737 0.741469
    outer loop
      vertex 284.145 22 115.931
      vertex 280.632 15.974 119.104
      vertex 280.718 15.8 119.026
    endloop
  endfacet
  facet normal 0.670217 6.95608e-05 0.742165
    outer loop
      vertex 284.145 22 115.931
      vertex 280.529 16.1314 119.197
      vertex 280.632 15.974 119.104
    endloop
  endfacet
  facet normal 0.668909 0.00153103 0.743343
    outer loop
      vertex 284.145 22 115.931
      vertex 280.412 16.2694 119.302
      vertex 280.529 16.1314 119.197
    endloop
  endfacet
  facet normal 0.67122 -0.00120191 0.741257
    outer loop
      vertex 284.145 22 115.931
      vertex 280.283 16.3856 119.419
      vertex 280.412 16.2694 119.302
    endloop
  endfacet
  facet normal 0.671186 -0.00115946 0.741288
    outer loop
      vertex 284.145 22 115.931
      vertex 280.144 16.4782 119.545
      vertex 280.283 16.3856 119.419
    endloop
  endfacet
  facet normal 0.668879 0.001874 0.743369
    outer loop
      vertex 284.145 22 115.931
      vertex 279.996 16.5455 119.678
      vertex 280.144 16.4782 119.545
    endloop
  endfacet
  facet normal 0.669629 0.000841366 0.742695
    outer loop
      vertex 284.145 22 115.931
      vertex 279.844 16.5863 119.815
      vertex 279.996 16.5455 119.678
    endloop
  endfacet
  facet normal 0.670281 -9.91628e-05 0.742107
    outer loop
      vertex 284.145 22 115.931
      vertex 279.689 16.6 119.955
      vertex 279.844 16.5863 119.815
    endloop
  endfacet
  facet normal 0.670292 -0.000114764 0.742098
    outer loop
      vertex 284.145 22 115.931
      vertex 279.534 16.5863 120.095
      vertex 279.689 16.6 119.955
    endloop
  endfacet
  facet normal 0.669636 0.000897954 0.742689
    outer loop
      vertex 284.145 22 115.931
      vertex 279.381 16.5455 120.233
      vertex 279.534 16.5863 120.095
    endloop
  endfacet
  facet normal 0.671384 -0.00187589 0.741107
    outer loop
      vertex 284.145 22 115.931
      vertex 279.234 16.4782 120.366
      vertex 279.381 16.5455 120.233
    endloop
  endfacet
  facet normal 0.673604 -0.00548447 0.739072
    outer loop
      vertex 284.145 22 115.931
      vertex 279.095 16.3856 120.492
      vertex 279.234 16.4782 120.366
    endloop
  endfacet
  facet normal 0.670206 9.34211e-05 0.742176
    outer loop
      vertex 243.298 22 152.817
      vertex 279.095 16.3856 120.492
      vertex 284.145 22 115.931
    endloop
  endfacet
  facet normal 0.670288 -0.000114825 0.742101
    outer loop
      vertex 278.511 15.2088 121.019
      vertex 275.233 10.1007 123.979
      vertex 278.501 15 121.028
    endloop
  endfacet
  facet normal 0.67055 -0.000419656 0.741864
    outer loop
      vertex 278.541 15.4141 120.992
      vertex 275.233 10.1007 123.979
      vertex 278.511 15.2088 121.019
    endloop
  endfacet
  facet normal 0.671002 -0.00093163 0.741455
    outer loop
      vertex 278.591 15.6123 120.947
      vertex 275.233 10.1007 123.979
      vertex 278.541 15.4141 120.992
    endloop
  endfacet
  facet normal 0.672861 -0.00299461 0.739763
    outer loop
      vertex 278.66 15.8 120.885
      vertex 275.233 10.1007 123.979
      vertex 278.591 15.6123 120.947
    endloop
  endfacet
  facet normal 0.670324 0.00134114 0.742067
    outer loop
      vertex 243.298 22 152.817
      vertex 278.66 15.8 120.885
      vertex 278.746 15.974 120.807
    endloop
  endfacet
  facet normal 0.670012 -0.00212571 0.742347
    outer loop
      vertex 279.095 16.3856 120.492
      vertex 243.298 22 152.817
      vertex 278.965 16.2694 120.609
    endloop
  endfacet
  facet normal 0.670306 0.0011831 0.742084
    outer loop
      vertex 243.298 22 152.817
      vertex 278.849 16.1314 120.714
      vertex 278.965 16.2694 120.609
    endloop
  endfacet
  facet normal 0.670195 -4.38115e-05 0.742185
    outer loop
      vertex 243.298 22 152.817
      vertex 278.746 15.974 120.807
      vertex 278.849 16.1314 120.714
    endloop
  endfacet
  facet normal 0.670189 -6.97463e-05 0.742191
    outer loop
      vertex 278.66 15.8 120.885
      vertex 243.298 22 152.817
      vertex 275.233 10.1007 123.979
    endloop
  endfacet
  facet normal 0.670203 -0 0.742178
    outer loop
      vertex 243.298 8 152.817
      vertex 275.233 10.1007 123.979
      vertex 243.298 22 152.817
    endloop
  endfacet
  facet normal 0.670203 0 0.742178
    outer loop
      vertex 275.233 10.1007 123.979
      vertex 243.298 8 152.817
      vertex 275.233 8 123.979
    endloop
  endfacet
  facet normal 0.670116 -9.98594e-05 0.742256
    outer loop
      vertex 280.867 14.7912 118.891
      vertex 284.145 10.3923 115.931
      vertex 280.877 15 118.882
    endloop
  endfacet
  facet normal 0.672213 0.00274456 0.740352
    outer loop
      vertex 280.837 14.5859 118.919
      vertex 284.145 10.3923 115.931
      vertex 280.867 14.7912 118.891
    endloop
  endfacet
  facet normal 0.669979 -0.000463277 0.74238
    outer loop
      vertex 280.787 14.3877 118.964
      vertex 284.145 10.3923 115.931
      vertex 280.837 14.5859 118.919
    endloop
  endfacet
  facet normal 0.669701 -0.000886094 0.74263
    outer loop
      vertex 280.718 14.2 119.026
      vertex 284.145 10.3923 115.931
      vertex 280.787 14.3877 118.964
    endloop
  endfacet
  facet normal 0.670802 0.000912032 0.741636
    outer loop
      vertex 280.632 14.026 119.104
      vertex 284.145 10.3923 115.931
      vertex 280.718 14.2 119.026
    endloop
  endfacet
  facet normal 0.670232 -8.80448e-05 0.742151
    outer loop
      vertex 280.529 13.8686 119.197
      vertex 284.145 10.3923 115.931
      vertex 280.632 14.026 119.104
    endloop
  endfacet
  facet normal 0.669216 -0.00200342 0.743065
    outer loop
      vertex 280.412 13.7306 119.302
      vertex 284.145 10.3923 115.931
      vertex 280.529 13.8686 119.197
    endloop
  endfacet
  facet normal 0.671007 0.00163143 0.741449
    outer loop
      vertex 280.283 13.6144 119.419
      vertex 284.145 10.3923 115.931
      vertex 280.412 13.7306 119.302
    endloop
  endfacet
  facet normal 0.671011 0.00163847 0.741446
    outer loop
      vertex 280.144 13.5218 119.545
      vertex 284.145 10.3923 115.931
      vertex 280.283 13.6144 119.419
    endloop
  endfacet
  facet normal 0.669105 -0.00277912 0.743162
    outer loop
      vertex 279.996 13.4545 119.678
      vertex 284.145 10.3923 115.931
      vertex 280.144 13.5218 119.545
    endloop
  endfacet
  facet normal 0.6697 -0.00132326 0.742631
    outer loop
      vertex 279.844 13.4137 119.815
      vertex 284.145 10.3923 115.931
      vertex 279.996 13.4545 119.678
    endloop
  endfacet
  facet normal 0.670278 0.000168904 0.74211
    outer loop
      vertex 279.689 13.4 119.955
      vertex 284.145 10.3923 115.931
      vertex 279.844 13.4137 119.815
    endloop
  endfacet
  facet normal 0.670279 -0.000155568 0.742109
    outer loop
      vertex 275.233 10.1007 123.979
      vertex 279.689 13.4 119.955
      vertex 279.534 13.4137 120.095
    endloop
  endfacet
  facet normal 0.669883 0.000776882 0.742466
    outer loop
      vertex 275.233 10.1007 123.979
      vertex 279.534 13.4137 120.095
      vertex 279.381 13.4545 120.233
    endloop
  endfacet
  facet normal 0.670666 -0.000981751 0.741759
    outer loop
      vertex 275.233 10.1007 123.979
      vertex 279.381 13.4545 120.233
      vertex 279.234 13.5218 120.366
    endloop
  endfacet
  facet normal 0.670215 -6.09828e-15 0.742167
    outer loop
      vertex 279.689 13.4 119.955
      vertex 275.233 10.1007 123.979
      vertex 284.145 10.3923 115.931
    endloop
  endfacet
  facet normal 0.670995 -0.00168182 0.74146
    outer loop
      vertex 279.095 13.6144 120.492
      vertex 275.233 10.1007 123.979
      vertex 279.234 13.5218 120.366
    endloop
  endfacet
  facet normal 0.669554 0.00119427 0.742763
    outer loop
      vertex 278.965 13.7306 120.609
      vertex 275.233 10.1007 123.979
      vertex 279.095 13.6144 120.492
    endloop
  endfacet
  facet normal 0.670593 -0.000744928 0.741825
    outer loop
      vertex 278.849 13.8686 120.714
      vertex 275.233 10.1007 123.979
      vertex 278.965 13.7306 120.609
    endloop
  endfacet
  facet normal 0.670163 5.42751e-06 0.742214
    outer loop
      vertex 278.746 14.026 120.807
      vertex 275.233 10.1007 123.979
      vertex 278.849 13.8686 120.714
    endloop
  endfacet
  facet normal 0.670754 -0.000955203 0.74168
    outer loop
      vertex 278.66 14.2 120.885
      vertex 275.233 10.1007 123.979
      vertex 278.746 14.026 120.807
    endloop
  endfacet
  facet normal 0.669589 0.000811623 0.742731
    outer loop
      vertex 278.591 14.3877 120.947
      vertex 275.233 10.1007 123.979
      vertex 278.66 14.2 120.885
    endloop
  endfacet
  facet normal 0.66987 0.00041347 0.742479
    outer loop
      vertex 278.541 14.5859 120.992
      vertex 275.233 10.1007 123.979
      vertex 278.591 14.3877 120.947
    endloop
  endfacet
  facet normal 0.669978 0.000268235 0.742381
    outer loop
      vertex 278.511 14.7912 121.019
      vertex 275.233 10.1007 123.979
      vertex 278.541 14.5859 120.992
    endloop
  endfacet
  facet normal 0.670111 9.94618e-05 0.742261
    outer loop
      vertex 275.233 10.1007 123.979
      vertex 278.511 14.7912 121.019
      vertex 278.501 15 121.028
    endloop
  endfacet
  facet normal 0.766004 -3.76139e-06 -0.642836
    outer loop
      vertex 281.295 11.8973 112.535
      vertex 280.288 22 111.335
      vertex 284.145 22 115.931
    endloop
  endfacet
  facet normal 0.766019 0 -0.642818
    outer loop
      vertex 280.288 22 111.335
      vertex 281.295 11.8973 112.535
      vertex 280.288 12 111.335
    endloop
  endfacet
  facet normal 0.766129 -8.90893e-05 -0.642687
    outer loop
      vertex 284.145 22 115.931
      vertex 282.284 11.5911 113.714
      vertex 281.295 11.8973 112.535
    endloop
  endfacet
  facet normal 0.765954 -1.34013e-05 -0.642896
    outer loop
      vertex 284.145 22 115.931
      vertex 283.24 11.0866 114.853
      vertex 282.284 11.5911 113.714
    endloop
  endfacet
  facet normal 0.765887 0 -0.642975
    outer loop
      vertex 283.24 11.0866 114.853
      vertex 284.145 22 115.931
      vertex 284.145 10.3923 115.931
    endloop
  endfacet
  facet normal 0.642787 0 0.766045
    outer loop
      vertex 240.234 22 155.388
      vertex 243.298 8 152.817
      vertex 243.298 22 152.817
    endloop
  endfacet
  facet normal 0.642787 0 0.766045
    outer loop
      vertex 243.298 8 152.817
      vertex 240.234 22 155.388
      vertex 240.234 8 155.388
    endloop
  endfacet
  facet normal 0 -1 0
    outer loop
      vertex 236.377 8 150.792
      vertex 243.298 8 152.817
      vertex 240.234 8 155.388
    endloop
  endfacet
  facet normal 0 -1 0
    outer loop
      vertex 271.283 8 119.271
      vertex 243.298 8 152.817
      vertex 236.377 8 150.792
    endloop
  endfacet
  facet normal 0 -1 0
    outer loop
      vertex 243.298 8 152.817
      vertex 271.283 8 119.271
      vertex 275.233 8 123.979
    endloop
  endfacet
  facet normal -0.766004 0 0.642836
    outer loop
      vertex 236.377 8 150.792
      vertex 240.234 22 155.388
      vertex 236.377 22 150.792
    endloop
  endfacet
  facet normal -0.766004 0 0.642836
    outer loop
      vertex 240.234 22 155.388
      vertex 236.377 8 150.792
      vertex 240.234 8 155.388
    endloop
  endfacet
  facet normal -0.725409 -0.321217 0.60877
    outer loop
      vertex 280.837 15.4141 118.919
      vertex 276.836 15.6123 114.256
      vertex 276.886 15.4141 114.211
    endloop
  endfacet
  facet normal -0.725409 -0.321217 0.60877
    outer loop
      vertex 276.836 15.6123 114.256
      vertex 280.837 15.4141 118.919
      vertex 280.787 15.6123 118.964
    endloop
  endfacet
  facet normal -0.636095 -0.557285 0.533682
    outer loop
      vertex 280.718 15.8 119.026
      vertex 276.681 15.974 114.396
      vertex 276.768 15.8 114.318
    endloop
  endfacet
  facet normal -0.637323 -0.554758 0.534848
    outer loop
      vertex 276.681 15.974 114.396
      vertex 280.718 15.8 119.026
      vertex 280.632 15.974 119.104
    endloop
  endfacet
  facet normal -0.245577 -0.947228 0.206038
    outer loop
      vertex 276.046 16.5455 114.97
      vertex 280.144 16.4782 119.545
      vertex 279.996 16.5455 119.678
    endloop
  endfacet
  facet normal -0.246401 -0.946851 0.206783
    outer loop
      vertex 280.144 16.4782 119.545
      vertex 276.046 16.5455 114.97
      vertex 276.193 16.4782 114.837
    endloop
  endfacet
  facet normal -0.339234 -0.89659 0.284688
    outer loop
      vertex 276.193 16.4782 114.837
      vertex 280.283 16.3856 119.419
      vertex 280.144 16.4782 119.545
    endloop
  endfacet
  facet normal -0.338159 -0.897304 0.283715
    outer loop
      vertex 280.283 16.3856 119.419
      vertex 276.193 16.4782 114.837
      vertex 276.333 16.3856 114.711
    endloop
  endfacet
  facet normal -0.764432 -0.0642613 0.641493
    outer loop
      vertex 280.877 15 118.882
      vertex 276.917 15.2088 114.184
      vertex 276.927 15 114.175
    endloop
  endfacet
  facet normal -0.764432 -0.0642613 0.641493
    outer loop
      vertex 276.917 15.2088 114.184
      vertex 280.877 15 118.882
      vertex 280.867 15.2088 118.891
    endloop
  endfacet
  facet normal -0.75111 0.196312 0.630313
    outer loop
      vertex 276.886 14.5859 114.211
      vertex 280.867 14.7912 118.891
      vertex 276.917 14.7912 114.184
    endloop
  endfacet
  facet normal -0.751184 0.195747 0.630401
    outer loop
      vertex 280.867 14.7912 118.891
      vertex 276.886 14.5859 114.211
      vertex 280.837 14.5859 118.919
    endloop
  endfacet
  facet normal 0.424118 -0.83277 -0.355834
    outer loop
      vertex 275.015 16.2694 115.901
      vertex 279.095 16.3856 120.492
      vertex 278.965 16.2694 120.609
    endloop
  endfacet
  facet normal 0.425364 -0.831648 -0.35697
    outer loop
      vertex 279.095 16.3856 120.492
      vertex 275.015 16.2694 115.901
      vertex 275.144 16.3856 115.784
    endloop
  endfacet
  facet normal -0.725409 0.321217 0.60877
    outer loop
      vertex 276.836 14.3877 114.256
      vertex 280.837 14.5859 118.919
      vertex 276.886 14.5859 114.211
    endloop
  endfacet
  facet normal -0.725409 0.321217 0.60877
    outer loop
      vertex 280.837 14.5859 118.919
      vertex 276.836 14.3877 114.256
      vertex 280.787 14.3877 118.964
    endloop
  endfacet
  facet normal -0.339234 0.89659 0.284688
    outer loop
      vertex 280.283 13.6144 119.419
      vertex 276.193 13.5218 114.837
      vertex 280.144 13.5218 119.545
    endloop
  endfacet
  facet normal -0.338159 0.897304 0.283715
    outer loop
      vertex 276.193 13.5218 114.837
      vertex 280.283 13.6144 119.419
      vertex 276.333 13.6144 114.711
    endloop
  endfacet
  facet normal 0.506887 -0.749742 -0.425385
    outer loop
      vertex 274.898 16.1314 116.006
      vertex 278.965 16.2694 120.609
      vertex 278.849 16.1314 120.714
    endloop
  endfacet
  facet normal 0.505548 -0.751342 -0.424153
    outer loop
      vertex 278.965 16.2694 120.609
      vertex 274.898 16.1314 116.006
      vertex 275.015 16.2694 115.901
    endloop
  endfacet
  facet normal -0.687905 -0.439904 0.577297
    outer loop
      vertex 280.787 15.6123 118.964
      vertex 276.768 15.8 114.318
      vertex 276.836 15.6123 114.256
    endloop
  endfacet
  facet normal -0.686866 -0.442851 0.576279
    outer loop
      vertex 276.768 15.8 114.318
      vertex 280.787 15.6123 118.964
      vertex 280.718 15.8 119.026
    endloop
  endfacet
  facet normal 0.148901 -0.980929 -0.124928
    outer loop
      vertex 275.431 16.5455 115.525
      vertex 279.534 16.5863 120.095
      vertex 279.381 16.5455 120.233
    endloop
  endfacet
  facet normal 0.149858 -0.980673 -0.125789
    outer loop
      vertex 279.534 16.5863 120.095
      vertex 275.431 16.5455 115.525
      vertex 275.583 16.5863 115.388
    endloop
  endfacet
  facet normal -0.636095 0.557285 0.533682
    outer loop
      vertex 276.681 14.026 114.396
      vertex 280.718 14.2 119.026
      vertex 276.768 14.2 114.318
    endloop
  endfacet
  facet normal -0.637323 0.554758 0.534848
    outer loop
      vertex 280.718 14.2 119.026
      vertex 276.681 14.026 114.396
      vertex 280.632 14.026 119.104
    endloop
  endfacet
  facet normal -0.0501701 0.997853 0.0421015
    outer loop
      vertex 279.844 13.4137 119.815
      vertex 275.739 13.4 115.248
      vertex 279.689 13.4 119.955
    endloop
  endfacet
  facet normal -0.0501701 0.997853 0.0421015
    outer loop
      vertex 275.739 13.4 115.248
      vertex 279.844 13.4137 119.815
      vertex 275.894 13.4137 115.108
    endloop
  endfacet
  facet normal 0.246428 0.946851 -0.206753
    outer loop
      vertex 279.381 13.4545 120.233
      vertex 275.284 13.5218 115.658
      vertex 279.234 13.5218 120.366
    endloop
  endfacet
  facet normal 0.246428 0.946851 -0.206753
    outer loop
      vertex 275.284 13.5218 115.658
      vertex 279.381 13.4545 120.233
      vertex 275.431 13.4545 115.525
    endloop
  endfacet
  facet normal 0.339234 -0.89659 -0.284688
    outer loop
      vertex 275.144 16.3856 115.784
      vertex 279.234 16.4782 120.366
      vertex 279.095 16.3856 120.492
    endloop
  endfacet
  facet normal 0.338159 -0.897304 -0.283715
    outer loop
      vertex 279.234 16.4782 120.366
      vertex 275.144 16.3856 115.784
      vertex 275.284 16.4782 115.658
    endloop
  endfacet
  facet normal 0.686866 0.442851 -0.576279
    outer loop
      vertex 278.66 14.2 120.885
      vertex 274.641 14.3877 116.239
      vertex 278.591 14.3877 120.947
    endloop
  endfacet
  facet normal 0.686866 0.442851 -0.576279
    outer loop
      vertex 274.641 14.3877 116.239
      vertex 278.66 14.2 120.885
      vertex 274.71 14.2 116.177
    endloop
  endfacet
  facet normal 0.751633 0.192791 -0.630777
    outer loop
      vertex 278.541 14.5859 120.992
      vertex 274.56 14.7912 116.311
      vertex 278.511 14.7912 121.019
    endloop
  endfacet
  facet normal 0.751176 0.196312 -0.630235
    outer loop
      vertex 274.56 14.7912 116.311
      vertex 278.541 14.5859 120.992
      vertex 274.591 14.5859 116.284
    endloop
  endfacet
  facet normal 0.424118 0.83277 -0.355834
    outer loop
      vertex 279.095 13.6144 120.492
      vertex 275.015 13.7306 115.901
      vertex 278.965 13.7306 120.609
    endloop
  endfacet
  facet normal 0.425364 0.831648 -0.35697
    outer loop
      vertex 275.015 13.7306 115.901
      vertex 279.095 13.6144 120.492
      vertex 275.144 13.6144 115.784
    endloop
  endfacet
  facet normal -0.149874 -0.980673 0.125771
    outer loop
      vertex 275.894 16.5863 115.108
      vertex 279.996 16.5455 119.678
      vertex 279.844 16.5863 119.815
    endloop
  endfacet
  facet normal -0.149436 -0.98079 0.125377
    outer loop
      vertex 279.996 16.5455 119.678
      vertex 275.894 16.5863 115.108
      vertex 276.046 16.5455 114.97
    endloop
  endfacet
  facet normal -0.149874 0.980673 0.125771
    outer loop
      vertex 279.996 13.4545 119.678
      vertex 275.894 13.4137 115.108
      vertex 279.844 13.4137 119.815
    endloop
  endfacet
  facet normal -0.149436 0.98079 0.125377
    outer loop
      vertex 275.894 13.4137 115.108
      vertex 279.996 13.4545 119.678
      vertex 276.046 13.4545 114.97
    endloop
  endfacet
  facet normal 0.574802 0.661083 -0.482257
    outer loop
      vertex 278.849 13.8686 120.714
      vertex 274.796 14.026 116.099
      vertex 278.746 14.026 120.807
    endloop
  endfacet
  facet normal 0.576129 0.659022 -0.483493
    outer loop
      vertex 274.796 14.026 116.099
      vertex 278.849 13.8686 120.714
      vertex 274.898 13.8686 116.006
    endloop
  endfacet
  facet normal 0.574802 -0.661083 -0.482257
    outer loop
      vertex 274.796 15.974 116.099
      vertex 278.849 16.1314 120.714
      vertex 278.746 15.974 120.807
    endloop
  endfacet
  facet normal 0.576129 -0.659022 -0.483493
    outer loop
      vertex 278.849 16.1314 120.714
      vertex 274.796 15.974 116.099
      vertex 274.898 16.1314 116.006
    endloop
  endfacet
  facet normal -0.764432 0.0642613 0.641493
    outer loop
      vertex 276.917 14.7912 114.184
      vertex 280.877 15 118.882
      vertex 276.927 15 114.175
    endloop
  endfacet
  facet normal -0.764432 0.0642613 0.641493
    outer loop
      vertex 280.877 15 118.882
      vertex 276.917 14.7912 114.184
      vertex 280.867 14.7912 118.891
    endloop
  endfacet
  facet normal -0.505548 0.751342 0.424153
    outer loop
      vertex 280.529 13.8686 119.197
      vertex 276.462 13.7306 114.594
      vertex 280.412 13.7306 119.302
    endloop
  endfacet
  facet normal -0.505548 0.751342 0.424153
    outer loop
      vertex 276.462 13.7306 114.594
      vertex 280.529 13.8686 119.197
      vertex 276.579 13.8686 114.489
    endloop
  endfacet
  facet normal -0.75111 -0.196312 0.630313
    outer loop
      vertex 280.867 15.2088 118.891
      vertex 276.886 15.4141 114.211
      vertex 276.917 15.2088 114.184
    endloop
  endfacet
  facet normal -0.751184 -0.195747 0.630401
    outer loop
      vertex 276.886 15.4141 114.211
      vertex 280.867 15.2088 118.891
      vertex 280.837 15.4141 118.919
    endloop
  endfacet
  facet normal -0.245577 0.947228 0.206038
    outer loop
      vertex 280.144 13.5218 119.545
      vertex 276.046 13.4545 114.97
      vertex 279.996 13.4545 119.678
    endloop
  endfacet
  facet normal -0.246401 0.946851 0.206783
    outer loop
      vertex 276.046 13.4545 114.97
      vertex 280.144 13.5218 119.545
      vertex 276.193 13.5218 114.837
    endloop
  endfacet
  facet normal -0.42541 0.831646 0.356918
    outer loop
      vertex 280.412 13.7306 119.302
      vertex 276.333 13.6144 114.711
      vertex 280.283 13.6144 119.419
    endloop
  endfacet
  facet normal -0.42541 0.831646 0.356918
    outer loop
      vertex 276.333 13.6144 114.711
      vertex 280.412 13.7306 119.302
      vertex 276.462 13.7306 114.594
    endloop
  endfacet
  facet normal -0.574802 0.661083 0.482257
    outer loop
      vertex 280.632 14.026 119.104
      vertex 276.579 13.8686 114.489
      vertex 280.529 13.8686 119.197
    endloop
  endfacet
  facet normal -0.576129 0.659022 0.483493
    outer loop
      vertex 276.579 13.8686 114.489
      vertex 280.632 14.026 119.104
      vertex 276.681 14.026 114.396
    endloop
  endfacet
  facet normal 0.637391 0.554756 -0.534769
    outer loop
      vertex 278.746 14.026 120.807
      vertex 274.71 14.2 116.177
      vertex 278.66 14.2 120.885
    endloop
  endfacet
  facet normal 0.637391 0.554756 -0.534769
    outer loop
      vertex 274.71 14.2 116.177
      vertex 278.746 14.026 120.807
      vertex 274.796 14.026 116.099
    endloop
  endfacet
  facet normal -0.687905 0.439904 0.577297
    outer loop
      vertex 276.768 14.2 114.318
      vertex 280.787 14.3877 118.964
      vertex 276.836 14.3877 114.256
    endloop
  endfacet
  facet normal -0.686866 0.442851 0.576279
    outer loop
      vertex 280.787 14.3877 118.964
      vertex 276.768 14.2 114.318
      vertex 280.718 14.2 119.026
    endloop
  endfacet
  facet normal 0.0501646 -0.997853 -0.0421076
    outer loop
      vertex 275.583 16.5863 115.388
      vertex 279.689 16.6 119.955
      vertex 279.534 16.5863 120.095
    endloop
  endfacet
  facet normal 0.0499875 -0.997869 -0.0419483
    outer loop
      vertex 279.689 16.6 119.955
      vertex 275.583 16.5863 115.388
      vertex 275.739 16.6 115.248
    endloop
  endfacet
  facet normal 0.751633 -0.192791 -0.630777
    outer loop
      vertex 274.56 15.2088 116.311
      vertex 278.541 15.4141 120.992
      vertex 278.511 15.2088 121.019
    endloop
  endfacet
  facet normal 0.751176 -0.196312 -0.630235
    outer loop
      vertex 278.541 15.4141 120.992
      vertex 274.56 15.2088 116.311
      vertex 274.591 15.4141 116.284
    endloop
  endfacet
  facet normal -0.42541 -0.831646 0.356918
    outer loop
      vertex 276.333 16.3856 114.711
      vertex 280.412 16.2694 119.302
      vertex 280.283 16.3856 119.419
    endloop
  endfacet
  facet normal -0.42541 -0.831646 0.356918
    outer loop
      vertex 280.412 16.2694 119.302
      vertex 276.333 16.3856 114.711
      vertex 276.462 16.2694 114.594
    endloop
  endfacet
  facet normal 0.0501646 0.997853 -0.0421076
    outer loop
      vertex 279.689 13.4 119.955
      vertex 275.583 13.4137 115.388
      vertex 279.534 13.4137 120.095
    endloop
  endfacet
  facet normal 0.0499875 0.997869 -0.0419483
    outer loop
      vertex 275.583 13.4137 115.388
      vertex 279.689 13.4 119.955
      vertex 275.739 13.4 115.248
    endloop
  endfacet
  facet normal 0.339234 0.89659 -0.284688
    outer loop
      vertex 279.234 13.5218 120.366
      vertex 275.144 13.6144 115.784
      vertex 279.095 13.6144 120.492
    endloop
  endfacet
  facet normal 0.338159 0.897304 -0.283715
    outer loop
      vertex 275.144 13.6144 115.784
      vertex 279.234 13.5218 120.366
      vertex 275.284 13.5218 115.658
    endloop
  endfacet
  facet normal 0.246428 -0.946851 -0.206753
    outer loop
      vertex 275.284 16.4782 115.658
      vertex 279.381 16.5455 120.233
      vertex 279.234 16.4782 120.366
    endloop
  endfacet
  facet normal 0.246428 -0.946851 -0.206753
    outer loop
      vertex 279.381 16.5455 120.233
      vertex 275.284 16.4782 115.658
      vertex 275.431 16.5455 115.525
    endloop
  endfacet
  facet normal 0.725485 0.321215 -0.60868
    outer loop
      vertex 278.591 14.3877 120.947
      vertex 274.591 14.5859 116.284
      vertex 278.541 14.5859 120.992
    endloop
  endfacet
  facet normal 0.725485 0.321215 -0.60868
    outer loop
      vertex 274.591 14.5859 116.284
      vertex 278.591 14.3877 120.947
      vertex 274.641 14.3877 116.239
    endloop
  endfacet
  facet normal -0.505548 -0.751342 0.424153
    outer loop
      vertex 276.462 16.2694 114.594
      vertex 280.529 16.1314 119.197
      vertex 280.412 16.2694 119.302
    endloop
  endfacet
  facet normal -0.505548 -0.751342 0.424153
    outer loop
      vertex 280.529 16.1314 119.197
      vertex 276.462 16.2694 114.594
      vertex 276.579 16.1314 114.489
    endloop
  endfacet
  facet normal -0.0501701 -0.997853 0.0421015
    outer loop
      vertex 275.739 16.6 115.248
      vertex 279.844 16.5863 119.815
      vertex 279.689 16.6 119.955
    endloop
  endfacet
  facet normal -0.0501701 -0.997853 0.0421015
    outer loop
      vertex 279.844 16.5863 119.815
      vertex 275.739 16.6 115.248
      vertex 275.894 16.5863 115.108
    endloop
  endfacet
  facet normal 0.686866 -0.442851 -0.576279
    outer loop
      vertex 274.641 15.6123 116.239
      vertex 278.66 15.8 120.885
      vertex 278.591 15.6123 120.947
    endloop
  endfacet
  facet normal 0.686866 -0.442851 -0.576279
    outer loop
      vertex 278.66 15.8 120.885
      vertex 274.641 15.6123 116.239
      vertex 274.71 15.8 116.177
    endloop
  endfacet
  facet normal 0.148901 0.980929 -0.124928
    outer loop
      vertex 279.534 13.4137 120.095
      vertex 275.431 13.4545 115.525
      vertex 279.381 13.4545 120.233
    endloop
  endfacet
  facet normal 0.149858 0.980673 -0.125789
    outer loop
      vertex 275.431 13.4545 115.525
      vertex 279.534 13.4137 120.095
      vertex 275.583 13.4137 115.388
    endloop
  endfacet
  facet normal -0.574802 -0.661083 0.482257
    outer loop
      vertex 276.579 16.1314 114.489
      vertex 280.632 15.974 119.104
      vertex 280.529 16.1314 119.197
    endloop
  endfacet
  facet normal -0.576129 -0.659022 0.483493
    outer loop
      vertex 280.632 15.974 119.104
      vertex 276.579 16.1314 114.489
      vertex 276.681 15.974 114.396
    endloop
  endfacet
  facet normal 0.506887 0.749742 -0.425385
    outer loop
      vertex 278.965 13.7306 120.609
      vertex 274.898 13.8686 116.006
      vertex 278.849 13.8686 120.714
    endloop
  endfacet
  facet normal 0.505548 0.751342 -0.424153
    outer loop
      vertex 274.898 13.8686 116.006
      vertex 278.965 13.7306 120.609
      vertex 275.015 13.7306 115.901
    endloop
  endfacet
  facet normal 0.725485 -0.321215 -0.60868
    outer loop
      vertex 274.591 15.4141 116.284
      vertex 278.591 15.6123 120.947
      vertex 278.541 15.4141 120.992
    endloop
  endfacet
  facet normal 0.725485 -0.321215 -0.60868
    outer loop
      vertex 278.591 15.6123 120.947
      vertex 274.591 15.4141 116.284
      vertex 274.641 15.6123 116.239
    endloop
  endfacet
  facet normal 0.764352 -0.0642616 -0.641588
    outer loop
      vertex 274.55 15 116.321
      vertex 278.511 15.2088 121.019
      vertex 278.501 15 121.028
    endloop
  endfacet
  facet normal 0.764265 -0.0673201 -0.641379
    outer loop
      vertex 278.511 15.2088 121.019
      vertex 274.55 15 116.321
      vertex 274.56 15.2088 116.311
    endloop
  endfacet
  facet normal 0.764352 0.0642616 -0.641588
    outer loop
      vertex 278.511 14.7912 121.019
      vertex 274.55 15 116.321
      vertex 278.501 15 121.028
    endloop
  endfacet
  facet normal 0.764265 0.0673201 -0.641379
    outer loop
      vertex 274.55 15 116.321
      vertex 278.511 14.7912 121.019
      vertex 274.56 14.7912 116.311
    endloop
  endfacet
  facet normal 0.637391 -0.554756 -0.534769
    outer loop
      vertex 274.71 15.8 116.177
      vertex 278.746 15.974 120.807
      vertex 278.66 15.8 120.885
    endloop
  endfacet
  facet normal 0.637391 -0.554756 -0.534769
    outer loop
      vertex 278.746 15.974 120.807
      vertex 274.71 15.8 116.177
      vertex 274.796 15.974 116.099
    endloop
  endfacet
  facet normal -0.642739 0 -0.766086
    outer loop
      vertex 269.762 -20 122.126
      vertex 272.06 -11.9017 120.198
      vertex 272.06 -20 120.198
    endloop
  endfacet
  facet normal -0.642739 -0 -0.766086
    outer loop
      vertex 269.762 -10 122.126
      vertex 272.06 -11.9017 120.198
      vertex 269.762 -20 122.126
    endloop
  endfacet
  facet normal -0.642739 0 -0.766086
    outer loop
      vertex 272.06 -11.9017 120.198
      vertex 269.762 -10 122.126
      vertex 272.06 -10 120.198
    endloop
  endfacet
  facet normal 0.766206 0 -0.642595
    outer loop
      vertex 269.762 -20 122.126
      vertex 269.055 -10 121.283
      vertex 269.762 -10 122.126
    endloop
  endfacet
  facet normal 0.766206 0 -0.642595
    outer loop
      vertex 269.055 -10 121.283
      vertex 269.762 -20 122.126
      vertex 269.055 -20 121.283
    endloop
  endfacet
  facet normal 0 -1 0
    outer loop
      vertex 269.055 -10 121.283
      vertex 272.06 -10 120.198
      vertex 269.762 -10 122.126
    endloop
  endfacet
  facet normal -0 -1 0
    outer loop
      vertex 272.06 -10 120.198
      vertex 269.055 -10 121.283
      vertex 271.283 -10 119.271
    endloop
  endfacet
  facet normal 0 1 0
    outer loop
      vertex 272.06 -20 120.198
      vertex 269.055 -20 121.283
      vertex 269.762 -20 122.126
    endloop
  endfacet
  facet normal 0 1 0
    outer loop
      vertex 269.055 -20 121.283
      vertex 272.06 -20 120.198
      vertex 271.283 -20 119.271
    endloop
  endfacet
  facet normal -0.642739 0 -0.766086
    outer loop
      vertex 262.101 -20 128.554
      vertex 264.399 -10 126.626
      vertex 264.399 -20 126.626
    endloop
  endfacet
  facet normal -0.642739 0 -0.766086
    outer loop
      vertex 264.399 -10 126.626
      vertex 262.101 -20 128.554
      vertex 262.101 -10 128.554
    endloop
  endfacet
  facet normal 0.766213 0 -0.642587
    outer loop
      vertex 262.101 -20 128.554
      vertex 261.628 -10 127.99
      vertex 262.101 -10 128.554
    endloop
  endfacet
  facet normal 0.766213 0 -0.642587
    outer loop
      vertex 261.628 -10 127.99
      vertex 262.101 -20 128.554
      vertex 261.628 -20 127.99
    endloop
  endfacet
  facet normal -0.766473 0 0.642276
    outer loop
      vertex 263.856 -20 125.978
      vertex 264.399 -10 126.626
      vertex 263.856 -10 125.978
    endloop
  endfacet
  facet normal -0.766473 0 0.642276
    outer loop
      vertex 264.399 -10 126.626
      vertex 263.856 -20 125.978
      vertex 264.399 -20 126.626
    endloop
  endfacet
  facet normal 0 -1 0
    outer loop
      vertex 261.628 -10 127.99
      vertex 264.399 -10 126.626
      vertex 262.101 -10 128.554
    endloop
  endfacet
  facet normal -0 -1 0
    outer loop
      vertex 264.399 -10 126.626
      vertex 261.628 -10 127.99
      vertex 263.856 -10 125.978
    endloop
  endfacet
  facet normal 0 1 0
    outer loop
      vertex 264.399 -20 126.626
      vertex 261.628 -20 127.99
      vertex 262.101 -20 128.554
    endloop
  endfacet
  facet normal 0 1 0
    outer loop
      vertex 261.628 -20 127.99
      vertex 264.399 -20 126.626
      vertex 263.856 -20 125.978
    endloop
  endfacet
  facet normal -0.642934 0 -0.765921
    outer loop
      vertex 254.441 -20 134.982
      vertex 256.739 -10 133.053
      vertex 256.739 -20 133.053
    endloop
  endfacet
  facet normal -0.642934 0 -0.765921
    outer loop
      vertex 256.739 -10 133.053
      vertex 254.441 -20 134.982
      vertex 254.441 -10 134.982
    endloop
  endfacet
  facet normal 0.766021 0 -0.642815
    outer loop
      vertex 254.441 -20 134.982
      vertex 254.201 -10 134.696
      vertex 254.441 -10 134.982
    endloop
  endfacet
  facet normal 0.766021 0 -0.642815
    outer loop
      vertex 254.201 -10 134.696
      vertex 254.441 -20 134.982
      vertex 254.201 -20 134.696
    endloop
  endfacet
  facet normal -0.765664 0 0.643241
    outer loop
      vertex 256.429 -20 132.684
      vertex 256.739 -10 133.053
      vertex 256.429 -10 132.684
    endloop
  endfacet
  facet normal -0.765664 0 0.643241
    outer loop
      vertex 256.739 -10 133.053
      vertex 256.429 -20 132.684
      vertex 256.739 -20 133.053
    endloop
  endfacet
  facet normal 0 -1 0
    outer loop
      vertex 254.201 -10 134.696
      vertex 256.739 -10 133.053
      vertex 254.441 -10 134.982
    endloop
  endfacet
  facet normal -0 -1 0
    outer loop
      vertex 256.739 -10 133.053
      vertex 254.201 -10 134.696
      vertex 256.429 -10 132.684
    endloop
  endfacet
  facet normal 0 1 0
    outer loop
      vertex 256.739 -20 133.053
      vertex 254.201 -20 134.696
      vertex 254.441 -20 134.982
    endloop
  endfacet
  facet normal 0 1 0
    outer loop
      vertex 254.201 -20 134.696
      vertex 256.739 -20 133.053
      vertex 256.429 -20 132.684
    endloop
  endfacet
  facet normal -0.642934 0 -0.765921
    outer loop
      vertex 246.78 -20 141.41
      vertex 249.078 -10 139.481
      vertex 249.078 -20 139.481
    endloop
  endfacet
  facet normal -0.642934 0 -0.765921
    outer loop
      vertex 249.078 -10 139.481
      vertex 246.78 -20 141.41
      vertex 246.78 -10 141.41
    endloop
  endfacet
  facet normal 0.759257 0 -0.650791
    outer loop
      vertex 246.78 -20 141.41
      vertex 246.774 -10 141.403
      vertex 246.78 -10 141.41
    endloop
  endfacet
  facet normal 0.759257 0 -0.650791
    outer loop
      vertex 246.774 -10 141.403
      vertex 246.78 -20 141.41
      vertex 246.774 -20 141.403
    endloop
  endfacet
  facet normal -0.76403 0 0.645181
    outer loop
      vertex 249.002 -20 139.391
      vertex 249.078 -10 139.481
      vertex 249.002 -10 139.391
    endloop
  endfacet
  facet normal -0.76403 0 0.645181
    outer loop
      vertex 249.078 -10 139.481
      vertex 249.002 -20 139.391
      vertex 249.078 -20 139.481
    endloop
  endfacet
  facet normal 0 -1 0
    outer loop
      vertex 246.774 -10 141.403
      vertex 249.078 -10 139.481
      vertex 246.78 -10 141.41
    endloop
  endfacet
  facet normal -0 -1 0
    outer loop
      vertex 249.078 -10 139.481
      vertex 246.774 -10 141.403
      vertex 249.002 -10 139.391
    endloop
  endfacet
  facet normal 0 1 0
    outer loop
      vertex 249.078 -20 139.481
      vertex 246.774 -20 141.403
      vertex 246.78 -20 141.41
    endloop
  endfacet
  facet normal 0 1 0
    outer loop
      vertex 246.774 -20 141.403
      vertex 249.078 -20 139.481
      vertex 249.002 -20 139.391
    endloop
  endfacet
  facet normal -0.671305 0 -0.741181
    outer loop
      vertex 277.224 -22 113.906
      vertex 276.927 -15 114.175
      vertex 277.224 -12 113.906
    endloop
  endfacet
  facet normal -0.670067 9.55895e-05 -0.742301
    outer loop
      vertex 277.224 -22 113.906
      vertex 276.917 -15.2088 114.184
      vertex 276.927 -15 114.175
    endloop
  endfacet
  facet normal -0.660176 0.00090335 -0.751111
    outer loop
      vertex 277.224 -22 113.906
      vertex 276.886 -15.4141 114.211
      vertex 276.917 -15.2088 114.184
    endloop
  endfacet
  facet normal -0.669129 7.5011e-05 -0.743146
    outer loop
      vertex 277.224 -22 113.906
      vertex 276.836 -15.6123 114.256
      vertex 276.886 -15.4141 114.211
    endloop
  endfacet
  facet normal -0.673191 -0.00037324 -0.739469
    outer loop
      vertex 277.224 -22 113.906
      vertex 276.768 -15.8 114.318
      vertex 276.836 -15.6123 114.256
    endloop
  endfacet
  facet normal -0.667913 0.000331979 -0.744239
    outer loop
      vertex 277.224 -22 113.906
      vertex 276.681 -15.974 114.396
      vertex 276.768 -15.8 114.318
    endloop
  endfacet
  facet normal -0.673292 -0.000548101 -0.739377
    outer loop
      vertex 277.224 -22 113.906
      vertex 276.579 -16.1314 114.489
      vertex 276.681 -15.974 114.396
    endloop
  endfacet
  facet normal -0.668214 0.000466158 -0.743969
    outer loop
      vertex 277.224 -22 113.906
      vertex 276.462 -16.2694 114.594
      vertex 276.579 -16.1314 114.489
    endloop
  endfacet
  facet normal -0.671637 -0.000359793 -0.74088
    outer loop
      vertex 277.224 -22 113.906
      vertex 276.333 -16.3856 114.711
      vertex 276.462 -16.2694 114.594
    endloop
  endfacet
  facet normal -0.6691 0.000371362 -0.743172
    outer loop
      vertex 277.224 -22 113.906
      vertex 276.193 -16.4782 114.837
      vertex 276.333 -16.3856 114.711
    endloop
  endfacet
  facet normal -0.670857 -0.000223884 -0.741587
    outer loop
      vertex 277.224 -22 113.906
      vertex 276.046 -16.5455 114.97
      vertex 276.193 -16.4782 114.837
    endloop
  endfacet
  facet normal -0.672084 -0.00070574 -0.740475
    outer loop
      vertex 277.224 -22 113.906
      vertex 275.894 -16.5863 115.108
      vertex 276.046 -16.5455 114.97
    endloop
  endfacet
  facet normal -0.670291 9.52136e-05 -0.742098
    outer loop
      vertex 277.224 -22 113.906
      vertex 275.739 -16.6 115.248
      vertex 275.894 -16.5863 115.108
    endloop
  endfacet
  facet normal -0.667845 0.00131466 -0.744299
    outer loop
      vertex 277.224 -22 113.906
      vertex 275.583 -16.5863 115.388
      vertex 275.739 -16.6 115.248
    endloop
  endfacet
  facet normal -0.669439 0.000439275 -0.742867
    outer loop
      vertex 277.224 -22 113.906
      vertex 275.431 -16.5455 115.525
      vertex 275.583 -16.5863 115.388
    endloop
  endfacet
  facet normal -0.670218 -2.48769e-05 -0.742165
    outer loop
      vertex 271.283 -20 119.271
      vertex 275.431 -16.5455 115.525
      vertex 277.224 -22 113.906
    endloop
  endfacet
  facet normal -0.67067 0.000963279 -0.741755
    outer loop
      vertex 275.431 -16.5455 115.525
      vertex 271.283 -20 119.271
      vertex 275.284 -16.4782 115.658
    endloop
  endfacet
  facet normal -0.669496 -0.00145716 -0.742814
    outer loop
      vertex 275.284 -16.4782 115.658
      vertex 271.283 -20 119.271
      vertex 275.144 -16.3856 115.784
    endloop
  endfacet
  facet normal -0.671047 0.00155105 -0.741413
    outer loop
      vertex 275.144 -16.3856 115.784
      vertex 271.283 -20 119.271
      vertex 275.015 -16.2694 115.901
    endloop
  endfacet
  facet normal -0.669148 -0.00189785 -0.743127
    outer loop
      vertex 275.015 -16.2694 115.901
      vertex 271.283 -20 119.271
      vertex 274.898 -16.1314 116.006
    endloop
  endfacet
  facet normal -0.671699 0.00243327 -0.74082
    outer loop
      vertex 274.898 -16.1314 116.006
      vertex 271.283 -20 119.271
      vertex 274.796 -15.974 116.099
    endloop
  endfacet
  facet normal -0.672593 -0.00423944 -0.740001
    outer loop
      vertex 274.591 -15.4141 116.284
      vertex 271.283 -11.9809 119.271
      vertex 274.56 -15.2088 116.311
    endloop
  endfacet
  facet normal -0.670179 -0 -0.7422
    outer loop
      vertex 271.283 -11.9809 119.271
      vertex 274.591 -15.4141 116.284
      vertex 271.283 -20 119.271
    endloop
  endfacet
  facet normal -0.669865 -0.00041112 -0.742483
    outer loop
      vertex 274.641 -15.6123 116.239
      vertex 271.283 -20 119.271
      vertex 274.591 -15.4141 116.284
    endloop
  endfacet
  facet normal -0.66958 -0.000805588 -0.742739
    outer loop
      vertex 274.71 -15.8 116.177
      vertex 271.283 -20 119.271
      vertex 274.641 -15.6123 116.239
    endloop
  endfacet
  facet normal -0.670763 0.000946552 -0.741671
    outer loop
      vertex 274.796 -15.974 116.099
      vertex 271.283 -20 119.271
      vertex 274.71 -15.8 116.177
    endloop
  endfacet
  facet normal -0.670215 -1.19919e-05 -0.742167
    outer loop
      vertex 277.224 -22 113.906
      vertex 269.055 -20 121.283
      vertex 271.283 -20 119.271
    endloop
  endfacet
  facet normal -0.670218 0 -0.742164
    outer loop
      vertex 269.055 -20 121.283
      vertex 263.856 -20 125.978
      vertex 269.055 -10 121.283
    endloop
  endfacet
  facet normal -0.670218 -3.08343e-05 -0.742164
    outer loop
      vertex 277.224 -22 113.906
      vertex 263.856 -20 125.978
      vertex 269.055 -20 121.283
    endloop
  endfacet
  facet normal -0.670215 1.42013e-14 -0.742167
    outer loop
      vertex 277.224 -22 113.906
      vertex 261.628 -20 127.99
      vertex 263.856 -20 125.978
    endloop
  endfacet
  facet normal -0.670139 0 -0.742235
    outer loop
      vertex 261.628 -20 127.99
      vertex 256.429 -20 132.684
      vertex 261.628 -10 127.99
    endloop
  endfacet
  facet normal -0.670139 0.0010773 -0.742235
    outer loop
      vertex 277.224 -22 113.906
      vertex 256.429 -20 132.684
      vertex 261.628 -20 127.99
    endloop
  endfacet
  facet normal -0.670206 -0.000176282 -0.742176
    outer loop
      vertex 236.377 -22 150.792
      vertex 256.429 -20 132.684
      vertex 277.224 -22 113.906
    endloop
  endfacet
  facet normal -0.670218 0 -0.742164
    outer loop
      vertex 254.201 -20 134.696
      vertex 249.002 -20 139.391
      vertex 254.201 -10 134.696
    endloop
  endfacet
  facet normal -0.670215 4.85211e-14 -0.742167
    outer loop
      vertex 256.429 -20 132.684
      vertex 236.377 -22 150.792
      vertex 254.201 -20 134.696
    endloop
  endfacet
  facet normal -0.670218 4.11124e-05 -0.742164
    outer loop
      vertex 254.201 -20 134.696
      vertex 236.377 -22 150.792
      vertex 249.002 -20 139.391
    endloop
  endfacet
  facet normal -0.670214 0 -0.742168
    outer loop
      vertex 246.774 -20 141.403
      vertex 236.377 -22 150.792
      vertex 246.774 -10 141.403
    endloop
  endfacet
  facet normal -0.670215 1.19919e-05 -0.742167
    outer loop
      vertex 249.002 -20 139.391
      vertex 236.377 -22 150.792
      vertex 246.774 -20 141.403
    endloop
  endfacet
  facet normal -0.670544 -0.000137064 -0.741869
    outer loop
      vertex 276.917 -14.7912 114.184
      vertex 277.224 -12 113.906
      vertex 276.927 -15 114.175
    endloop
  endfacet
  facet normal -0.66296 -0.00164694 -0.748653
    outer loop
      vertex 276.886 -14.5859 114.211
      vertex 277.224 -12 113.906
      vertex 276.917 -14.7912 114.184
    endloop
  endfacet
  facet normal -0.669296 -0.00015141 -0.742996
    outer loop
      vertex 276.836 -14.3877 114.256
      vertex 277.224 -12 113.906
      vertex 276.886 -14.5859 114.211
    endloop
  endfacet
  facet normal -0.672539 0.000805539 -0.740062
    outer loop
      vertex 276.768 -14.2 114.318
      vertex 277.224 -12 113.906
      vertex 276.836 -14.3877 114.256
    endloop
  endfacet
  facet normal -0.668385 -0.000758255 -0.743815
    outer loop
      vertex 276.681 -14.026 114.396
      vertex 277.224 -12 113.906
      vertex 276.768 -14.2 114.318
    endloop
  endfacet
  facet normal -0.672645 0.00131467 -0.739964
    outer loop
      vertex 276.579 -13.8686 114.489
      vertex 277.224 -12 113.906
      vertex 276.681 -14.026 114.396
    endloop
  endfacet
  facet normal -0.668676 -0.00117466 -0.743553
    outer loop
      vertex 276.462 -13.7306 114.594
      vertex 277.224 -12 113.906
      vertex 276.579 -13.8686 114.489
    endloop
  endfacet
  facet normal -0.671342 0.000955577 -0.741147
    outer loop
      vertex 276.333 -13.6144 114.711
      vertex 277.224 -12 113.906
      vertex 276.462 -13.7306 114.594
    endloop
  endfacet
  facet normal -0.669346 -0.00104511 -0.74295
    outer loop
      vertex 276.193 -13.5218 114.837
      vertex 277.224 -12 113.906
      vertex 276.333 -13.6144 114.711
    endloop
  endfacet
  facet normal -0.670744 0.000673133 -0.741689
    outer loop
      vertex 276.046 -13.4545 114.97
      vertex 277.224 -12 113.906
      vertex 276.193 -13.5218 114.837
    endloop
  endfacet
  facet normal -0.671847 0.00230066 -0.740686
    outer loop
      vertex 275.894 -13.4137 115.108
      vertex 277.224 -12 113.906
      vertex 276.046 -13.4545 114.97
    endloop
  endfacet
  facet normal -0.670303 -0.000343929 -0.742087
    outer loop
      vertex 275.739 -13.4 115.248
      vertex 277.224 -12 113.906
      vertex 275.894 -13.4137 115.108
    endloop
  endfacet
  facet normal -0.667634 -0.00545791 -0.744469
    outer loop
      vertex 275.583 -13.4137 115.388
      vertex 277.224 -12 113.906
      vertex 275.739 -13.4 115.248
    endloop
  endfacet
  facet normal -0.66917 -0.00224545 -0.743106
    outer loop
      vertex 275.431 -13.4545 115.525
      vertex 277.224 -12 113.906
      vertex 275.583 -13.4137 115.388
    endloop
  endfacet
  facet normal -0.670527 -0.00152932 -0.741883
    outer loop
      vertex 271.283 -11.9809 119.271
      vertex 275.431 -13.4545 115.525
      vertex 275.284 -13.5218 115.658
    endloop
  endfacet
  facet normal -0.669747 0.00214586 -0.742586
    outer loop
      vertex 271.283 -11.9809 119.271
      vertex 275.284 -13.5218 115.658
      vertex 275.144 -13.6144 115.784
    endloop
  endfacet
  facet normal -0.668334 0.00361681 -0.743853
    outer loop
      vertex 274.56 -15.2088 116.311
      vertex 271.283 -11.9809 119.271
      vertex 274.55 -15 116.321
    endloop
  endfacet
  facet normal -0.671854 -0.0032961 -0.740676
    outer loop
      vertex 274.55 -15 116.321
      vertex 271.283 -11.9809 119.271
      vertex 274.56 -14.7912 116.311
    endloop
  endfacet
  facet normal -0.668782 0.00321004 -0.743452
    outer loop
      vertex 274.56 -14.7912 116.311
      vertex 271.283 -11.9809 119.271
      vertex 274.591 -14.5859 116.284
    endloop
  endfacet
  facet normal -0.669978 0.000462869 -0.742381
    outer loop
      vertex 274.591 -14.5859 116.284
      vertex 271.283 -11.9809 119.271
      vertex 274.641 -14.3877 116.239
    endloop
  endfacet
  facet normal -0.669788 0.000943615 -0.742552
    outer loop
      vertex 274.641 -14.3877 116.239
      vertex 271.283 -11.9809 119.271
      vertex 274.71 -14.2 116.177
    endloop
  endfacet
  facet normal -0.670213 8.26397e-05 -0.742169
    outer loop
      vertex 275.431 -13.4545 115.525
      vertex 271.283 -11.9809 119.271
      vertex 277.224 -12 113.906
    endloop
  endfacet
  facet normal -0.670749 -0.00215293 -0.741682
    outer loop
      vertex 275.015 -13.7306 115.901
      vertex 271.283 -11.9809 119.271
      vertex 275.144 -13.6144 115.784
    endloop
  endfacet
  facet normal -0.669544 0.00250778 -0.742768
    outer loop
      vertex 274.898 -13.8686 116.006
      vertex 271.283 -11.9809 119.271
      vertex 275.015 -13.7306 115.901
    endloop
  endfacet
  facet normal -0.67115 -0.00308092 -0.741315
    outer loop
      vertex 274.796 -14.026 116.099
      vertex 271.283 -11.9809 119.271
      vertex 274.898 -13.8686 116.006
    endloop
  endfacet
  facet normal -0.670535 -0.00115173 -0.741877
    outer loop
      vertex 274.71 -14.2 116.177
      vertex 271.283 -11.9809 119.271
      vertex 274.796 -14.026 116.099
    endloop
  endfacet
  facet normal -0.670215 0 -0.742167
    outer loop
      vertex 269.055 -10 121.283
      vertex 271.283 -8 119.271
      vertex 271.283 -10 119.271
    endloop
  endfacet
  facet normal -0.670218 -0 -0.742164
    outer loop
      vertex 263.856 -10 125.978
      vertex 269.055 -10 121.283
      vertex 263.856 -20 125.978
    endloop
  endfacet
  facet normal -0.670218 5.13905e-06 -0.742164
    outer loop
      vertex 263.856 -10 125.978
      vertex 271.283 -8 119.271
      vertex 269.055 -10 121.283
    endloop
  endfacet
  facet normal -0.670215 -1.19919e-05 -0.742167
    outer loop
      vertex 261.628 -10 127.99
      vertex 271.283 -8 119.271
      vertex 263.856 -10 125.978
    endloop
  endfacet
  facet normal -0.670139 -0 -0.742235
    outer loop
      vertex 256.429 -10 132.684
      vertex 261.628 -10 127.99
      vertex 256.429 -20 132.684
    endloop
  endfacet
  facet normal -0.670139 -0.000678919 -0.742235
    outer loop
      vertex 256.429 -10 132.684
      vertex 271.283 -8 119.271
      vertex 261.628 -10 127.99
    endloop
  endfacet
  facet normal -0.670215 0.0003471 -0.742167
    outer loop
      vertex 254.201 -10 134.696
      vertex 271.283 -8 119.271
      vertex 256.429 -10 132.684
    endloop
  endfacet
  facet normal -0.670218 -0 -0.742164
    outer loop
      vertex 249.002 -10 139.391
      vertex 254.201 -10 134.696
      vertex 249.002 -20 139.391
    endloop
  endfacet
  facet normal -0.670218 -4.11124e-05 -0.742164
    outer loop
      vertex 236.377 -8 150.792
      vertex 254.201 -10 134.696
      vertex 249.002 -10 139.391
    endloop
  endfacet
  facet normal -0.670215 -1.19919e-05 -0.742167
    outer loop
      vertex 236.377 -8 150.792
      vertex 249.002 -10 139.391
      vertex 246.774 -10 141.403
    endloop
  endfacet
  facet normal -0.670204 0.000177241 -0.742177
    outer loop
      vertex 254.201 -10 134.696
      vertex 236.377 -8 150.792
      vertex 271.283 -8 119.271
    endloop
  endfacet
  facet normal -0.670214 -0 -0.742168
    outer loop
      vertex 236.377 -8 150.792
      vertex 246.774 -10 141.403
      vertex 236.377 -22 150.792
    endloop
  endfacet
  facet normal 0 1 0
    outer loop
      vertex 243.298 -8 152.817
      vertex 236.377 -8 150.792
      vertex 240.234 -8 155.388
    endloop
  endfacet
  facet normal 0 1 -0
    outer loop
      vertex 271.283 -8 119.271
      vertex 243.298 -8 152.817
      vertex 275.233 -8 123.979
    endloop
  endfacet
  facet normal 0 1 0
    outer loop
      vertex 243.298 -8 152.817
      vertex 271.283 -8 119.271
      vertex 236.377 -8 150.792
    endloop
  endfacet
  facet normal -0.642787 0 -0.766045
    outer loop
      vertex 277.224 -22 113.906
      vertex 280.288 -12 111.335
      vertex 280.288 -22 111.335
    endloop
  endfacet
  facet normal -0.642787 0 -0.766045
    outer loop
      vertex 280.288 -12 111.335
      vertex 277.224 -22 113.906
      vertex 277.224 -12 113.906
    endloop
  endfacet
  facet normal 0.670203 0 0.742178
    outer loop
      vertex 275.233 -8 123.979
      vertex 243.298 -8 152.817
      vertex 275.233 -10.1007 123.979
    endloop
  endfacet
  facet normal 0.670282 -0.000114299 0.742106
    outer loop
      vertex 280.867 -15.2088 118.891
      vertex 284.145 -10.3923 115.931
      vertex 280.877 -15 118.882
    endloop
  endfacet
  facet normal 0.670116 9.98594e-05 0.742256
    outer loop
      vertex 284.145 -10.3923 115.931
      vertex 280.867 -14.7912 118.891
      vertex 280.877 -15 118.882
    endloop
  endfacet
  facet normal 0.672213 -0.00274456 0.740352
    outer loop
      vertex 284.145 -10.3923 115.931
      vertex 280.837 -14.5859 118.919
      vertex 280.867 -14.7912 118.891
    endloop
  endfacet
  facet normal 0.669979 0.000463277 0.74238
    outer loop
      vertex 284.145 -10.3923 115.931
      vertex 280.787 -14.3877 118.964
      vertex 280.837 -14.5859 118.919
    endloop
  endfacet
  facet normal 0.669701 0.000886094 0.74263
    outer loop
      vertex 284.145 -10.3923 115.931
      vertex 280.718 -14.2 119.026
      vertex 280.787 -14.3877 118.964
    endloop
  endfacet
  facet normal 0.670802 -0.000912032 0.741636
    outer loop
      vertex 284.145 -10.3923 115.931
      vertex 280.632 -14.026 119.104
      vertex 280.718 -14.2 119.026
    endloop
  endfacet
  facet normal 0.670232 8.80448e-05 0.742151
    outer loop
      vertex 284.145 -10.3923 115.931
      vertex 280.529 -13.8686 119.197
      vertex 280.632 -14.026 119.104
    endloop
  endfacet
  facet normal 0.669216 0.00200342 0.743065
    outer loop
      vertex 284.145 -10.3923 115.931
      vertex 280.412 -13.7306 119.302
      vertex 280.529 -13.8686 119.197
    endloop
  endfacet
  facet normal 0.671007 -0.00163143 0.741449
    outer loop
      vertex 284.145 -10.3923 115.931
      vertex 280.283 -13.6144 119.419
      vertex 280.412 -13.7306 119.302
    endloop
  endfacet
  facet normal 0.671011 -0.00163847 0.741446
    outer loop
      vertex 284.145 -10.3923 115.931
      vertex 280.144 -13.5218 119.545
      vertex 280.283 -13.6144 119.419
    endloop
  endfacet
  facet normal 0.669105 0.00277912 0.743162
    outer loop
      vertex 284.145 -10.3923 115.931
      vertex 279.996 -13.4545 119.678
      vertex 280.144 -13.5218 119.545
    endloop
  endfacet
  facet normal 0.6697 0.00132326 0.742631
    outer loop
      vertex 284.145 -10.3923 115.931
      vertex 279.844 -13.4137 119.815
      vertex 279.996 -13.4545 119.678
    endloop
  endfacet
  facet normal 0.670278 -0.000168904 0.74211
    outer loop
      vertex 284.145 -10.3923 115.931
      vertex 279.689 -13.4 119.955
      vertex 279.844 -13.4137 119.815
    endloop
  endfacet
  facet normal 0.670215 6.1921e-15 0.742167
    outer loop
      vertex 275.233 -10.1007 123.979
      vertex 279.689 -13.4 119.955
      vertex 284.145 -10.3923 115.931
    endloop
  endfacet
  facet normal 0.670279 0.000155568 0.742109
    outer loop
      vertex 279.689 -13.4 119.955
      vertex 275.233 -10.1007 123.979
      vertex 279.534 -13.4137 120.095
    endloop
  endfacet
  facet normal 0.669883 -0.000776882 0.742466
    outer loop
      vertex 279.534 -13.4137 120.095
      vertex 275.233 -10.1007 123.979
      vertex 279.381 -13.4545 120.233
    endloop
  endfacet
  facet normal 0.670111 -9.94618e-05 0.742261
    outer loop
      vertex 278.511 -14.7912 121.019
      vertex 275.233 -10.1007 123.979
      vertex 278.501 -15 121.028
    endloop
  endfacet
  facet normal 0.669978 -0.000268235 0.742381
    outer loop
      vertex 278.541 -14.5859 120.992
      vertex 275.233 -10.1007 123.979
      vertex 278.511 -14.7912 121.019
    endloop
  endfacet
  facet normal 0.66987 -0.00041347 0.742479
    outer loop
      vertex 278.591 -14.3877 120.947
      vertex 275.233 -10.1007 123.979
      vertex 278.541 -14.5859 120.992
    endloop
  endfacet
  facet normal 0.669589 -0.000811623 0.742731
    outer loop
      vertex 278.66 -14.2 120.885
      vertex 275.233 -10.1007 123.979
      vertex 278.591 -14.3877 120.947
    endloop
  endfacet
  facet normal 0.670754 0.000955203 0.74168
    outer loop
      vertex 278.746 -14.026 120.807
      vertex 275.233 -10.1007 123.979
      vertex 278.66 -14.2 120.885
    endloop
  endfacet
  facet normal 0.670163 -5.42751e-06 0.742214
    outer loop
      vertex 278.849 -13.8686 120.714
      vertex 275.233 -10.1007 123.979
      vertex 278.746 -14.026 120.807
    endloop
  endfacet
  facet normal 0.670593 0.000744928 0.741825
    outer loop
      vertex 278.965 -13.7306 120.609
      vertex 275.233 -10.1007 123.979
      vertex 278.849 -13.8686 120.714
    endloop
  endfacet
  facet normal 0.669554 -0.00119427 0.742763
    outer loop
      vertex 279.095 -13.6144 120.492
      vertex 275.233 -10.1007 123.979
      vertex 278.965 -13.7306 120.609
    endloop
  endfacet
  facet normal 0.670995 0.00168182 0.74146
    outer loop
      vertex 279.234 -13.5218 120.366
      vertex 275.233 -10.1007 123.979
      vertex 279.095 -13.6144 120.492
    endloop
  endfacet
  facet normal 0.670666 0.000981751 0.741759
    outer loop
      vertex 279.381 -13.4545 120.233
      vertex 275.233 -10.1007 123.979
      vertex 279.234 -13.5218 120.366
    endloop
  endfacet
  facet normal 0.67019 0 0.74219
    outer loop
      vertex 284.145 -10.3923 115.931
      vertex 280.867 -15.2088 118.891
      vertex 284.145 -22 115.931
    endloop
  endfacet
  facet normal 0.673055 0.00251729 0.739588
    outer loop
      vertex 280.837 -15.4141 118.919
      vertex 284.145 -22 115.931
      vertex 280.867 -15.2088 118.891
    endloop
  endfacet
  facet normal 0.669856 -0.000407076 0.742491
    outer loop
      vertex 280.787 -15.6123 118.964
      vertex 284.145 -22 115.931
      vertex 280.837 -15.4141 118.919
    endloop
  endfacet
  facet normal 0.669496 -0.000749717 0.742815
    outer loop
      vertex 280.718 -15.8 119.026
      vertex 284.145 -22 115.931
      vertex 280.787 -15.6123 118.964
    endloop
  endfacet
  facet normal 0.670986 0.000745737 0.741469
    outer loop
      vertex 280.632 -15.974 119.104
      vertex 284.145 -22 115.931
      vertex 280.718 -15.8 119.026
    endloop
  endfacet
  facet normal 0.670217 -6.95608e-05 0.742165
    outer loop
      vertex 280.529 -16.1314 119.197
      vertex 284.145 -22 115.931
      vertex 280.632 -15.974 119.104
    endloop
  endfacet
  facet normal 0.668909 -0.00153103 0.743343
    outer loop
      vertex 280.412 -16.2694 119.302
      vertex 284.145 -22 115.931
      vertex 280.529 -16.1314 119.197
    endloop
  endfacet
  facet normal 0.67122 0.00120191 0.741257
    outer loop
      vertex 280.283 -16.3856 119.419
      vertex 284.145 -22 115.931
      vertex 280.412 -16.2694 119.302
    endloop
  endfacet
  facet normal 0.671186 0.00115946 0.741288
    outer loop
      vertex 280.144 -16.4782 119.545
      vertex 284.145 -22 115.931
      vertex 280.283 -16.3856 119.419
    endloop
  endfacet
  facet normal 0.668879 -0.001874 0.743369
    outer loop
      vertex 279.996 -16.5455 119.678
      vertex 284.145 -22 115.931
      vertex 280.144 -16.4782 119.545
    endloop
  endfacet
  facet normal 0.669629 -0.000841366 0.742695
    outer loop
      vertex 279.844 -16.5863 119.815
      vertex 284.145 -22 115.931
      vertex 279.996 -16.5455 119.678
    endloop
  endfacet
  facet normal 0.670281 9.91628e-05 0.742107
    outer loop
      vertex 279.689 -16.6 119.955
      vertex 284.145 -22 115.931
      vertex 279.844 -16.5863 119.815
    endloop
  endfacet
  facet normal 0.670292 0.000114764 0.742098
    outer loop
      vertex 279.534 -16.5863 120.095
      vertex 284.145 -22 115.931
      vertex 279.689 -16.6 119.955
    endloop
  endfacet
  facet normal 0.669636 -0.000897954 0.742689
    outer loop
      vertex 279.381 -16.5455 120.233
      vertex 284.145 -22 115.931
      vertex 279.534 -16.5863 120.095
    endloop
  endfacet
  facet normal 0.671384 0.00187589 0.741107
    outer loop
      vertex 279.234 -16.4782 120.366
      vertex 284.145 -22 115.931
      vertex 279.381 -16.5455 120.233
    endloop
  endfacet
  facet normal 0.673604 0.00548447 0.739072
    outer loop
      vertex 279.095 -16.3856 120.492
      vertex 284.145 -22 115.931
      vertex 279.234 -16.4782 120.366
    endloop
  endfacet
  facet normal 0.670012 0.00212571 0.742347
    outer loop
      vertex 243.298 -22 152.817
      vertex 279.095 -16.3856 120.492
      vertex 278.965 -16.2694 120.609
    endloop
  endfacet
  facet normal 0.670288 0.000114825 0.742101
    outer loop
      vertex 275.233 -10.1007 123.979
      vertex 278.511 -15.2088 121.019
      vertex 278.501 -15 121.028
    endloop
  endfacet
  facet normal 0.67055 0.000419656 0.741864
    outer loop
      vertex 275.233 -10.1007 123.979
      vertex 278.541 -15.4141 120.992
      vertex 278.511 -15.2088 121.019
    endloop
  endfacet
  facet normal 0.671002 0.00093163 0.741455
    outer loop
      vertex 275.233 -10.1007 123.979
      vertex 278.591 -15.6123 120.947
      vertex 278.541 -15.4141 120.992
    endloop
  endfacet
  facet normal 0.672861 0.00299461 0.739763
    outer loop
      vertex 275.233 -10.1007 123.979
      vertex 278.66 -15.8 120.885
      vertex 278.591 -15.6123 120.947
    endloop
  endfacet
  facet normal 0.670189 6.97463e-05 0.742191
    outer loop
      vertex 243.298 -22 152.817
      vertex 278.66 -15.8 120.885
      vertex 275.233 -10.1007 123.979
    endloop
  endfacet
  facet normal 0.670203 -0 0.742178
    outer loop
      vertex 243.298 -22 152.817
      vertex 275.233 -10.1007 123.979
      vertex 243.298 -8 152.817
    endloop
  endfacet
  facet normal 0.670324 -0.00134114 0.742067
    outer loop
      vertex 278.66 -15.8 120.885
      vertex 243.298 -22 152.817
      vertex 278.746 -15.974 120.807
    endloop
  endfacet
  facet normal 0.670195 4.38115e-05 0.742185
    outer loop
      vertex 278.746 -15.974 120.807
      vertex 243.298 -22 152.817
      vertex 278.849 -16.1314 120.714
    endloop
  endfacet
  facet normal 0.670306 -0.0011831 0.742084
    outer loop
      vertex 278.849 -16.1314 120.714
      vertex 243.298 -22 152.817
      vertex 278.965 -16.2694 120.609
    endloop
  endfacet
  facet normal 0.670206 -9.34211e-05 0.742176
    outer loop
      vertex 279.095 -16.3856 120.492
      vertex 243.298 -22 152.817
      vertex 284.145 -22 115.931
    endloop
  endfacet
  facet normal 0.765887 0 -0.642975
    outer loop
      vertex 284.145 -22 115.931
      vertex 283.24 -11.0866 114.853
      vertex 284.145 -10.3923 115.931
    endloop
  endfacet
  facet normal 0.765954 1.34013e-05 -0.642896
    outer loop
      vertex 284.145 -22 115.931
      vertex 282.284 -11.5911 113.714
      vertex 283.24 -11.0866 114.853
    endloop
  endfacet
  facet normal 0.766129 8.90893e-05 -0.642687
    outer loop
      vertex 284.145 -22 115.931
      vertex 281.295 -11.8973 112.535
      vertex 282.284 -11.5911 113.714
    endloop
  endfacet
  facet normal 0.766004 3.76139e-06 -0.642836
    outer loop
      vertex 280.288 -22 111.335
      vertex 281.295 -11.8973 112.535
      vertex 284.145 -22 115.931
    endloop
  endfacet
  facet normal 0.766019 0 -0.642818
    outer loop
      vertex 281.295 -11.8973 112.535
      vertex 280.288 -22 111.335
      vertex 280.288 -12 111.335
    endloop
  endfacet
  facet normal 0.642787 0 0.766045
    outer loop
      vertex 240.234 -8 155.388
      vertex 243.298 -22 152.817
      vertex 243.298 -8 152.817
    endloop
  endfacet
  facet normal 0.642787 0 0.766045
    outer loop
      vertex 243.298 -22 152.817
      vertex 240.234 -8 155.388
      vertex 240.234 -22 155.388
    endloop
  endfacet
  facet normal 0 -1 0
    outer loop
      vertex 236.377 -22 150.792
      vertex 243.298 -22 152.817
      vertex 240.234 -22 155.388
    endloop
  endfacet
  facet normal 0 -1 0
    outer loop
      vertex 277.224 -22 113.906
      vertex 243.298 -22 152.817
      vertex 236.377 -22 150.792
    endloop
  endfacet
  facet normal 0 -1 0
    outer loop
      vertex 243.298 -22 152.817
      vertex 277.224 -22 113.906
      vertex 284.145 -22 115.931
    endloop
  endfacet
  facet normal 0 -1 0
    outer loop
      vertex 284.145 -22 115.931
      vertex 277.224 -22 113.906
      vertex 280.288 -22 111.335
    endloop
  endfacet
  facet normal -0.766004 0 0.642836
    outer loop
      vertex 236.377 -22 150.792
      vertex 240.234 -8 155.388
      vertex 236.377 -8 150.792
    endloop
  endfacet
  facet normal -0.766004 0 0.642836
    outer loop
      vertex 240.234 -8 155.388
      vertex 236.377 -22 150.792
      vertex 240.234 -22 155.388
    endloop
  endfacet
  facet normal -0.725409 -0.321217 0.60877
    outer loop
      vertex 280.837 -14.5859 118.919
      vertex 276.836 -14.3877 114.256
      vertex 276.886 -14.5859 114.211
    endloop
  endfacet
  facet normal -0.725409 -0.321217 0.60877
    outer loop
      vertex 276.836 -14.3877 114.256
      vertex 280.837 -14.5859 118.919
      vertex 280.787 -14.3877 118.964
    endloop
  endfacet
  facet normal -0.636095 -0.557285 0.533682
    outer loop
      vertex 280.718 -14.2 119.026
      vertex 276.681 -14.026 114.396
      vertex 276.768 -14.2 114.318
    endloop
  endfacet
  facet normal -0.637323 -0.554758 0.534848
    outer loop
      vertex 276.681 -14.026 114.396
      vertex 280.718 -14.2 119.026
      vertex 280.632 -14.026 119.104
    endloop
  endfacet
  facet normal -0.245577 -0.947228 0.206038
    outer loop
      vertex 276.046 -13.4545 114.97
      vertex 280.144 -13.5218 119.545
      vertex 279.996 -13.4545 119.678
    endloop
  endfacet
  facet normal -0.246401 -0.946851 0.206783
    outer loop
      vertex 280.144 -13.5218 119.545
      vertex 276.046 -13.4545 114.97
      vertex 276.193 -13.5218 114.837
    endloop
  endfacet
  facet normal -0.339234 -0.89659 0.284688
    outer loop
      vertex 276.193 -13.5218 114.837
      vertex 280.283 -13.6144 119.419
      vertex 280.144 -13.5218 119.545
    endloop
  endfacet
  facet normal -0.338159 -0.897304 0.283715
    outer loop
      vertex 280.283 -13.6144 119.419
      vertex 276.193 -13.5218 114.837
      vertex 276.333 -13.6144 114.711
    endloop
  endfacet
  facet normal -0.764432 -0.0642613 0.641493
    outer loop
      vertex 280.877 -15 118.882
      vertex 276.917 -14.7912 114.184
      vertex 276.927 -15 114.175
    endloop
  endfacet
  facet normal -0.764432 -0.0642613 0.641493
    outer loop
      vertex 276.917 -14.7912 114.184
      vertex 280.877 -15 118.882
      vertex 280.867 -14.7912 118.891
    endloop
  endfacet
  facet normal -0.75111 0.196312 0.630313
    outer loop
      vertex 276.886 -15.4141 114.211
      vertex 280.867 -15.2088 118.891
      vertex 276.917 -15.2088 114.184
    endloop
  endfacet
  facet normal -0.751184 0.195747 0.630401
    outer loop
      vertex 280.867 -15.2088 118.891
      vertex 276.886 -15.4141 114.211
      vertex 280.837 -15.4141 118.919
    endloop
  endfacet
  facet normal 0.424118 -0.83277 -0.355834
    outer loop
      vertex 275.015 -13.7306 115.901
      vertex 279.095 -13.6144 120.492
      vertex 278.965 -13.7306 120.609
    endloop
  endfacet
  facet normal 0.425364 -0.831648 -0.35697
    outer loop
      vertex 279.095 -13.6144 120.492
      vertex 275.015 -13.7306 115.901
      vertex 275.144 -13.6144 115.784
    endloop
  endfacet
  facet normal -0.725409 0.321217 0.60877
    outer loop
      vertex 276.836 -15.6123 114.256
      vertex 280.837 -15.4141 118.919
      vertex 276.886 -15.4141 114.211
    endloop
  endfacet
  facet normal -0.725409 0.321217 0.60877
    outer loop
      vertex 280.837 -15.4141 118.919
      vertex 276.836 -15.6123 114.256
      vertex 280.787 -15.6123 118.964
    endloop
  endfacet
  facet normal -0.339234 0.89659 0.284688
    outer loop
      vertex 280.283 -16.3856 119.419
      vertex 276.193 -16.4782 114.837
      vertex 280.144 -16.4782 119.545
    endloop
  endfacet
  facet normal -0.338159 0.897304 0.283715
    outer loop
      vertex 276.193 -16.4782 114.837
      vertex 280.283 -16.3856 119.419
      vertex 276.333 -16.3856 114.711
    endloop
  endfacet
  facet normal 0.506887 -0.749742 -0.425385
    outer loop
      vertex 274.898 -13.8686 116.006
      vertex 278.965 -13.7306 120.609
      vertex 278.849 -13.8686 120.714
    endloop
  endfacet
  facet normal 0.505548 -0.751342 -0.424153
    outer loop
      vertex 278.965 -13.7306 120.609
      vertex 274.898 -13.8686 116.006
      vertex 275.015 -13.7306 115.901
    endloop
  endfacet
  facet normal -0.687905 -0.439904 0.577297
    outer loop
      vertex 280.787 -14.3877 118.964
      vertex 276.768 -14.2 114.318
      vertex 276.836 -14.3877 114.256
    endloop
  endfacet
  facet normal -0.686866 -0.442851 0.576279
    outer loop
      vertex 276.768 -14.2 114.318
      vertex 280.787 -14.3877 118.964
      vertex 280.718 -14.2 119.026
    endloop
  endfacet
  facet normal 0.148901 -0.980929 -0.124928
    outer loop
      vertex 275.431 -13.4545 115.525
      vertex 279.534 -13.4137 120.095
      vertex 279.381 -13.4545 120.233
    endloop
  endfacet
  facet normal 0.149858 -0.980673 -0.125789
    outer loop
      vertex 279.534 -13.4137 120.095
      vertex 275.431 -13.4545 115.525
      vertex 275.583 -13.4137 115.388
    endloop
  endfacet
  facet normal -0.636095 0.557285 0.533682
    outer loop
      vertex 276.681 -15.974 114.396
      vertex 280.718 -15.8 119.026
      vertex 276.768 -15.8 114.318
    endloop
  endfacet
  facet normal -0.637323 0.554758 0.534848
    outer loop
      vertex 280.718 -15.8 119.026
      vertex 276.681 -15.974 114.396
      vertex 280.632 -15.974 119.104
    endloop
  endfacet
  facet normal -0.0501701 0.997853 0.0421015
    outer loop
      vertex 279.844 -16.5863 119.815
      vertex 275.739 -16.6 115.248
      vertex 279.689 -16.6 119.955
    endloop
  endfacet
  facet normal -0.0501701 0.997853 0.0421015
    outer loop
      vertex 275.739 -16.6 115.248
      vertex 279.844 -16.5863 119.815
      vertex 275.894 -16.5863 115.108
    endloop
  endfacet
  facet normal 0.246428 0.946851 -0.206753
    outer loop
      vertex 279.381 -16.5455 120.233
      vertex 275.284 -16.4782 115.658
      vertex 279.234 -16.4782 120.366
    endloop
  endfacet
  facet normal 0.246428 0.946851 -0.206753
    outer loop
      vertex 275.284 -16.4782 115.658
      vertex 279.381 -16.5455 120.233
      vertex 275.431 -16.5455 115.525
    endloop
  endfacet
  facet normal 0.339234 -0.89659 -0.284688
    outer loop
      vertex 275.144 -13.6144 115.784
      vertex 279.234 -13.5218 120.366
      vertex 279.095 -13.6144 120.492
    endloop
  endfacet
  facet normal 0.338159 -0.897304 -0.283715
    outer loop
      vertex 279.234 -13.5218 120.366
      vertex 275.144 -13.6144 115.784
      vertex 275.284 -13.5218 115.658
    endloop
  endfacet
  facet normal 0.686866 0.442851 -0.576279
    outer loop
      vertex 278.66 -15.8 120.885
      vertex 274.641 -15.6123 116.239
      vertex 278.591 -15.6123 120.947
    endloop
  endfacet
  facet normal 0.686866 0.442851 -0.576279
    outer loop
      vertex 274.641 -15.6123 116.239
      vertex 278.66 -15.8 120.885
      vertex 274.71 -15.8 116.177
    endloop
  endfacet
  facet normal 0.751633 0.192791 -0.630777
    outer loop
      vertex 278.541 -15.4141 120.992
      vertex 274.56 -15.2088 116.311
      vertex 278.511 -15.2088 121.019
    endloop
  endfacet
  facet normal 0.751176 0.196312 -0.630235
    outer loop
      vertex 274.56 -15.2088 116.311
      vertex 278.541 -15.4141 120.992
      vertex 274.591 -15.4141 116.284
    endloop
  endfacet
  facet normal 0.424118 0.83277 -0.355834
    outer loop
      vertex 279.095 -16.3856 120.492
      vertex 275.015 -16.2694 115.901
      vertex 278.965 -16.2694 120.609
    endloop
  endfacet
  facet normal 0.425364 0.831648 -0.35697
    outer loop
      vertex 275.015 -16.2694 115.901
      vertex 279.095 -16.3856 120.492
      vertex 275.144 -16.3856 115.784
    endloop
  endfacet
  facet normal -0.149874 -0.980673 0.125771
    outer loop
      vertex 275.894 -13.4137 115.108
      vertex 279.996 -13.4545 119.678
      vertex 279.844 -13.4137 119.815
    endloop
  endfacet
  facet normal -0.149436 -0.98079 0.125377
    outer loop
      vertex 279.996 -13.4545 119.678
      vertex 275.894 -13.4137 115.108
      vertex 276.046 -13.4545 114.97
    endloop
  endfacet
  facet normal -0.149874 0.980673 0.125771
    outer loop
      vertex 279.996 -16.5455 119.678
      vertex 275.894 -16.5863 115.108
      vertex 279.844 -16.5863 119.815
    endloop
  endfacet
  facet normal -0.149436 0.98079 0.125377
    outer loop
      vertex 275.894 -16.5863 115.108
      vertex 279.996 -16.5455 119.678
      vertex 276.046 -16.5455 114.97
    endloop
  endfacet
  facet normal 0.574802 0.661083 -0.482257
    outer loop
      vertex 278.849 -16.1314 120.714
      vertex 274.796 -15.974 116.099
      vertex 278.746 -15.974 120.807
    endloop
  endfacet
  facet normal 0.576129 0.659022 -0.483493
    outer loop
      vertex 274.796 -15.974 116.099
      vertex 278.849 -16.1314 120.714
      vertex 274.898 -16.1314 116.006
    endloop
  endfacet
  facet normal 0.574802 -0.661083 -0.482257
    outer loop
      vertex 274.796 -14.026 116.099
      vertex 278.849 -13.8686 120.714
      vertex 278.746 -14.026 120.807
    endloop
  endfacet
  facet normal 0.576129 -0.659022 -0.483493
    outer loop
      vertex 278.849 -13.8686 120.714
      vertex 274.796 -14.026 116.099
      vertex 274.898 -13.8686 116.006
    endloop
  endfacet
  facet normal -0.764432 0.0642613 0.641493
    outer loop
      vertex 276.917 -15.2088 114.184
      vertex 280.877 -15 118.882
      vertex 276.927 -15 114.175
    endloop
  endfacet
  facet normal -0.764432 0.0642613 0.641493
    outer loop
      vertex 280.877 -15 118.882
      vertex 276.917 -15.2088 114.184
      vertex 280.867 -15.2088 118.891
    endloop
  endfacet
  facet normal -0.505548 0.751342 0.424153
    outer loop
      vertex 280.529 -16.1314 119.197
      vertex 276.462 -16.2694 114.594
      vertex 280.412 -16.2694 119.302
    endloop
  endfacet
  facet normal -0.505548 0.751342 0.424153
    outer loop
      vertex 276.462 -16.2694 114.594
      vertex 280.529 -16.1314 119.197
      vertex 276.579 -16.1314 114.489
    endloop
  endfacet
  facet normal -0.75111 -0.196312 0.630313
    outer loop
      vertex 280.867 -14.7912 118.891
      vertex 276.886 -14.5859 114.211
      vertex 276.917 -14.7912 114.184
    endloop
  endfacet
  facet normal -0.751184 -0.195747 0.630401
    outer loop
      vertex 276.886 -14.5859 114.211
      vertex 280.867 -14.7912 118.891
      vertex 280.837 -14.5859 118.919
    endloop
  endfacet
  facet normal -0.245577 0.947228 0.206038
    outer loop
      vertex 280.144 -16.4782 119.545
      vertex 276.046 -16.5455 114.97
      vertex 279.996 -16.5455 119.678
    endloop
  endfacet
  facet normal -0.246401 0.946851 0.206783
    outer loop
      vertex 276.046 -16.5455 114.97
      vertex 280.144 -16.4782 119.545
      vertex 276.193 -16.4782 114.837
    endloop
  endfacet
  facet normal -0.42541 0.831646 0.356918
    outer loop
      vertex 280.412 -16.2694 119.302
      vertex 276.333 -16.3856 114.711
      vertex 280.283 -16.3856 119.419
    endloop
  endfacet
  facet normal -0.42541 0.831646 0.356918
    outer loop
      vertex 276.333 -16.3856 114.711
      vertex 280.412 -16.2694 119.302
      vertex 276.462 -16.2694 114.594
    endloop
  endfacet
  facet normal -0.574802 0.661083 0.482257
    outer loop
      vertex 280.632 -15.974 119.104
      vertex 276.579 -16.1314 114.489
      vertex 280.529 -16.1314 119.197
    endloop
  endfacet
  facet normal -0.576129 0.659022 0.483493
    outer loop
      vertex 276.579 -16.1314 114.489
      vertex 280.632 -15.974 119.104
      vertex 276.681 -15.974 114.396
    endloop
  endfacet
  facet normal 0.637391 0.554756 -0.534769
    outer loop
      vertex 278.746 -15.974 120.807
      vertex 274.71 -15.8 116.177
      vertex 278.66 -15.8 120.885
    endloop
  endfacet
  facet normal 0.637391 0.554756 -0.534769
    outer loop
      vertex 274.71 -15.8 116.177
      vertex 278.746 -15.974 120.807
      vertex 274.796 -15.974 116.099
    endloop
  endfacet
  facet normal -0.687905 0.439904 0.577297
    outer loop
      vertex 276.768 -15.8 114.318
      vertex 280.787 -15.6123 118.964
      vertex 276.836 -15.6123 114.256
    endloop
  endfacet
  facet normal -0.686866 0.442851 0.576279
    outer loop
      vertex 280.787 -15.6123 118.964
      vertex 276.768 -15.8 114.318
      vertex 280.718 -15.8 119.026
    endloop
  endfacet
  facet normal 0.0501646 -0.997853 -0.0421076
    outer loop
      vertex 275.583 -13.4137 115.388
      vertex 279.689 -13.4 119.955
      vertex 279.534 -13.4137 120.095
    endloop
  endfacet
  facet normal 0.0499875 -0.997869 -0.0419483
    outer loop
      vertex 279.689 -13.4 119.955
      vertex 275.583 -13.4137 115.388
      vertex 275.739 -13.4 115.248
    endloop
  endfacet
  facet normal 0.751633 -0.192791 -0.630777
    outer loop
      vertex 274.56 -14.7912 116.311
      vertex 278.541 -14.5859 120.992
      vertex 278.511 -14.7912 121.019
    endloop
  endfacet
  facet normal 0.751176 -0.196312 -0.630235
    outer loop
      vertex 278.541 -14.5859 120.992
      vertex 274.56 -14.7912 116.311
      vertex 274.591 -14.5859 116.284
    endloop
  endfacet
  facet normal -0.42541 -0.831646 0.356918
    outer loop
      vertex 276.333 -13.6144 114.711
      vertex 280.412 -13.7306 119.302
      vertex 280.283 -13.6144 119.419
    endloop
  endfacet
  facet normal -0.42541 -0.831646 0.356918
    outer loop
      vertex 280.412 -13.7306 119.302
      vertex 276.333 -13.6144 114.711
      vertex 276.462 -13.7306 114.594
    endloop
  endfacet
  facet normal 0.0501646 0.997853 -0.0421076
    outer loop
      vertex 279.689 -16.6 119.955
      vertex 275.583 -16.5863 115.388
      vertex 279.534 -16.5863 120.095
    endloop
  endfacet
  facet normal 0.0499875 0.997869 -0.0419483
    outer loop
      vertex 275.583 -16.5863 115.388
      vertex 279.689 -16.6 119.955
      vertex 275.739 -16.6 115.248
    endloop
  endfacet
  facet normal 0.339234 0.89659 -0.284688
    outer loop
      vertex 279.234 -16.4782 120.366
      vertex 275.144 -16.3856 115.784
      vertex 279.095 -16.3856 120.492
    endloop
  endfacet
  facet normal 0.338159 0.897304 -0.283715
    outer loop
      vertex 275.144 -16.3856 115.784
      vertex 279.234 -16.4782 120.366
      vertex 275.284 -16.4782 115.658
    endloop
  endfacet
  facet normal 0.246428 -0.946851 -0.206753
    outer loop
      vertex 275.284 -13.5218 115.658
      vertex 279.381 -13.4545 120.233
      vertex 279.234 -13.5218 120.366
    endloop
  endfacet
  facet normal 0.246428 -0.946851 -0.206753
    outer loop
      vertex 279.381 -13.4545 120.233
      vertex 275.284 -13.5218 115.658
      vertex 275.431 -13.4545 115.525
    endloop
  endfacet
  facet normal 0.725485 0.321215 -0.60868
    outer loop
      vertex 278.591 -15.6123 120.947
      vertex 274.591 -15.4141 116.284
      vertex 278.541 -15.4141 120.992
    endloop
  endfacet
  facet normal 0.725485 0.321215 -0.60868
    outer loop
      vertex 274.591 -15.4141 116.284
      vertex 278.591 -15.6123 120.947
      vertex 274.641 -15.6123 116.239
    endloop
  endfacet
  facet normal -0.505548 -0.751342 0.424153
    outer loop
      vertex 276.462 -13.7306 114.594
      vertex 280.529 -13.8686 119.197
      vertex 280.412 -13.7306 119.302
    endloop
  endfacet
  facet normal -0.505548 -0.751342 0.424153
    outer loop
      vertex 280.529 -13.8686 119.197
      vertex 276.462 -13.7306 114.594
      vertex 276.579 -13.8686 114.489
    endloop
  endfacet
  facet normal -0.0501701 -0.997853 0.0421015
    outer loop
      vertex 275.739 -13.4 115.248
      vertex 279.844 -13.4137 119.815
      vertex 279.689 -13.4 119.955
    endloop
  endfacet
  facet normal -0.0501701 -0.997853 0.0421015
    outer loop
      vertex 279.844 -13.4137 119.815
      vertex 275.739 -13.4 115.248
      vertex 275.894 -13.4137 115.108
    endloop
  endfacet
  facet normal 0.686866 -0.442851 -0.576279
    outer loop
      vertex 274.641 -14.3877 116.239
      vertex 278.66 -14.2 120.885
      vertex 278.591 -14.3877 120.947
    endloop
  endfacet
  facet normal 0.686866 -0.442851 -0.576279
    outer loop
      vertex 278.66 -14.2 120.885
      vertex 274.641 -14.3877 116.239
      vertex 274.71 -14.2 116.177
    endloop
  endfacet
  facet normal 0.148901 0.980929 -0.124928
    outer loop
      vertex 279.534 -16.5863 120.095
      vertex 275.431 -16.5455 115.525
      vertex 279.381 -16.5455 120.233
    endloop
  endfacet
  facet normal 0.149858 0.980673 -0.125789
    outer loop
      vertex 275.431 -16.5455 115.525
      vertex 279.534 -16.5863 120.095
      vertex 275.583 -16.5863 115.388
    endloop
  endfacet
  facet normal -0.574802 -0.661083 0.482257
    outer loop
      vertex 276.579 -13.8686 114.489
      vertex 280.632 -14.026 119.104
      vertex 280.529 -13.8686 119.197
    endloop
  endfacet
  facet normal -0.576129 -0.659022 0.483493
    outer loop
      vertex 280.632 -14.026 119.104
      vertex 276.579 -13.8686 114.489
      vertex 276.681 -14.026 114.396
    endloop
  endfacet
  facet normal 0.506887 0.749742 -0.425385
    outer loop
      vertex 278.965 -16.2694 120.609
      vertex 274.898 -16.1314 116.006
      vertex 278.849 -16.1314 120.714
    endloop
  endfacet
  facet normal 0.505548 0.751342 -0.424153
    outer loop
      vertex 274.898 -16.1314 116.006
      vertex 278.965 -16.2694 120.609
      vertex 275.015 -16.2694 115.901
    endloop
  endfacet
  facet normal 0.725485 -0.321215 -0.60868
    outer loop
      vertex 274.591 -14.5859 116.284
      vertex 278.591 -14.3877 120.947
      vertex 278.541 -14.5859 120.992
    endloop
  endfacet
  facet normal 0.725485 -0.321215 -0.60868
    outer loop
      vertex 278.591 -14.3877 120.947
      vertex 274.591 -14.5859 116.284
      vertex 274.641 -14.3877 116.239
    endloop
  endfacet
  facet normal 0.764352 -0.0642616 -0.641588
    outer loop
      vertex 274.55 -15 116.321
      vertex 278.511 -14.7912 121.019
      vertex 278.501 -15 121.028
    endloop
  endfacet
  facet normal 0.764265 -0.0673201 -0.641379
    outer loop
      vertex 278.511 -14.7912 121.019
      vertex 274.55 -15 116.321
      vertex 274.56 -14.7912 116.311
    endloop
  endfacet
  facet normal 0.764352 0.0642616 -0.641588
    outer loop
      vertex 278.511 -15.2088 121.019
      vertex 274.55 -15 116.321
      vertex 278.501 -15 121.028
    endloop
  endfacet
  facet normal 0.764265 0.0673201 -0.641379
    outer loop
      vertex 274.55 -15 116.321
      vertex 278.511 -15.2088 121.019
      vertex 274.56 -15.2088 116.311
    endloop
  endfacet
  facet normal 0.637391 -0.554756 -0.534769
    outer loop
      vertex 274.71 -14.2 116.177
      vertex 278.746 -14.026 120.807
      vertex 278.66 -14.2 120.885
    endloop
  endfacet
  facet normal 0.637391 -0.554756 -0.534769
    outer loop
      vertex 278.746 -14.026 120.807
      vertex 274.71 -14.2 116.177
      vertex 274.796 -14.026 116.099
    endloop
  endfacet
  facet normal 0.980785 0.19509 0
    outer loop
      vertex 9.91445 1.30526 63.0578
      vertex 9.65926 2.58819 12
      vertex 9.65926 2.58819 63.2365
    endloop
  endfacet
  facet normal 0.980785 0.19509 0
    outer loop
      vertex 9.65926 2.58819 12
      vertex 9.91445 1.30526 63.0578
      vertex 9.91445 1.30526 12
    endloop
  endfacet
  facet normal 0.997859 0.0654022 0
    outer loop
      vertex 10 0 62.9979
      vertex 9.91445 1.30526 12
      vertex 9.91445 1.30526 63.0578
    endloop
  endfacet
  facet normal 0.997859 0.0654022 0
    outer loop
      vertex 9.91445 1.30526 12
      vertex 10 0 62.9979
      vertex 10 0 12
    endloop
  endfacet
  facet normal 0.946931 0.321438 0
    outer loop
      vertex 9.65926 2.58819 63.2365
      vertex 9.2388 3.82683 12
      vertex 9.2388 3.82683 63.5309
    endloop
  endfacet
  facet normal 0.946931 0.321438 0
    outer loop
      vertex 9.2388 3.82683 12
      vertex 9.65926 2.58819 63.2365
      vertex 9.65926 2.58819 12
    endloop
  endfacet
  facet normal -0.997859 0.0654022 0
    outer loop
      vertex -10 0 12
      vertex -9.91445 1.30526 70
      vertex -9.91445 1.30526 12
    endloop
  endfacet
  facet normal -0.997859 0.0654022 0
    outer loop
      vertex -9.91445 1.30526 70
      vertex -10 0 12
      vertex -10 0 70
    endloop
  endfacet
  facet normal 0.321438 0.946931 0
    outer loop
      vertex 2.58819 9.65926 12
      vertex 3.82683 9.2388 67.3204
      vertex 3.82683 9.2388 12
    endloop
  endfacet
  facet normal 0.321438 0.946931 0
    outer loop
      vertex 3.82683 9.2388 67.3204
      vertex 2.58819 9.65926 12
      vertex 2.58819 9.65926 68.1877
    endloop
  endfacet
  facet normal 0.19509 0.980785 0
    outer loop
      vertex 1.30526 9.91445 12
      vertex 2.58819 9.65926 68.1877
      vertex 2.58819 9.65926 12
    endloop
  endfacet
  facet normal 0.19509 0.980785 0
    outer loop
      vertex 2.58819 9.65926 68.1877
      vertex 1.30526 9.91445 12
      vertex 1.30526 9.91445 69.086
    endloop
  endfacet
  facet normal 0.896871 0.442293 0
    outer loop
      vertex 9.2388 3.82683 63.5309
      vertex 8.66025 5 12
      vertex 8.66025 5 63.936
    endloop
  endfacet
  facet normal 0.896871 0.442293 0
    outer loop
      vertex 8.66025 5 12
      vertex 9.2388 3.82683 63.5309
      vertex 9.2388 3.82683 12
    endloop
  endfacet
  facet normal 0.19509 -0.980785 0
    outer loop
      vertex 1.30526 -9.91445 12
      vertex 2.58819 -9.65926 68.1877
      vertex 1.30526 -9.91445 69.086
    endloop
  endfacet
  facet normal 0.19509 -0.980785 0
    outer loop
      vertex 2.58819 -9.65926 68.1877
      vertex 1.30526 -9.91445 12
      vertex 2.58819 -9.65926 12
    endloop
  endfacet
  facet normal 0.0654022 -0.997859 0
    outer loop
      vertex 0 -10 12
      vertex 1.30526 -9.91445 69.086
      vertex 0 -10 70
    endloop
  endfacet
  facet normal 0.0654022 -0.997859 0
    outer loop
      vertex 1.30526 -9.91445 69.086
      vertex 0 -10 12
      vertex 1.30526 -9.91445 12
    endloop
  endfacet
  facet normal 0.659341 0.751844 0
    outer loop
      vertex 6.08761 7.93353 12
      vertex 7.07107 7.07107 65.0488
      vertex 7.07107 7.07107 12
    endloop
  endfacet
  facet normal 0.659341 0.751844 0
    outer loop
      vertex 7.07107 7.07107 65.0488
      vertex 6.08761 7.93353 12
      vertex 6.08761 7.93353 65.7374
    endloop
  endfacet
  facet normal 0.896871 -0.442293 0
    outer loop
      vertex 8.66025 -5 12
      vertex 9.2388 -3.82683 63.5309
      vertex 8.66025 -5 63.936
    endloop
  endfacet
  facet normal 0.896871 -0.442293 0
    outer loop
      vertex 9.2388 -3.82683 63.5309
      vertex 8.66025 -5 12
      vertex 9.2388 -3.82683 12
    endloop
  endfacet
  facet normal -0.19509 -0.980785 0
    outer loop
      vertex -2.58819 -9.65926 12
      vertex -1.30526 -9.91445 70
      vertex -2.58819 -9.65926 70
    endloop
  endfacet
  facet normal -0.19509 -0.980785 -0
    outer loop
      vertex -1.30526 -9.91445 70
      vertex -2.58819 -9.65926 12
      vertex -1.30526 -9.91445 12
    endloop
  endfacet
  facet normal -0.896871 0.442293 0
    outer loop
      vertex -9.2388 3.82683 12
      vertex -8.66025 5 70
      vertex -8.66025 5 12
    endloop
  endfacet
  facet normal -0.896871 0.442293 0
    outer loop
      vertex -8.66025 5 70
      vertex -9.2388 3.82683 12
      vertex -9.2388 3.82683 70
    endloop
  endfacet
  facet normal 0.659341 -0.751844 0
    outer loop
      vertex 6.08761 -7.93353 12
      vertex 7.07107 -7.07107 65.0488
      vertex 6.08761 -7.93353 65.7374
    endloop
  endfacet
  facet normal 0.659341 -0.751844 0
    outer loop
      vertex 7.07107 -7.07107 65.0488
      vertex 6.08761 -7.93353 12
      vertex 7.07107 -7.07107 12
    endloop
  endfacet
  facet normal 0.751844 -0.659341 0
    outer loop
      vertex 7.07107 -7.07107 12
      vertex 7.93353 -6.08761 64.4449
      vertex 7.07107 -7.07107 65.0488
    endloop
  endfacet
  facet normal 0.751844 -0.659341 0
    outer loop
      vertex 7.93353 -6.08761 64.4449
      vertex 7.07107 -7.07107 12
      vertex 7.93353 -6.08761 12
    endloop
  endfacet
  facet normal 0.321438 -0.946931 0
    outer loop
      vertex 2.58819 -9.65926 12
      vertex 3.82683 -9.2388 67.3204
      vertex 2.58819 -9.65926 68.1877
    endloop
  endfacet
  facet normal 0.321438 -0.946931 0
    outer loop
      vertex 3.82683 -9.2388 67.3204
      vertex 2.58819 -9.65926 12
      vertex 3.82683 -9.2388 12
    endloop
  endfacet
  facet normal -0.997859 -0.0654022 0
    outer loop
      vertex -9.91445 -1.30526 12
      vertex -10 0 70
      vertex -10 0 12
    endloop
  endfacet
  facet normal -0.997859 -0.0654022 0
    outer loop
      vertex -10 0 70
      vertex -9.91445 -1.30526 12
      vertex -9.91445 -1.30526 70
    endloop
  endfacet
  facet normal -0.659341 0.751844 0
    outer loop
      vertex -6.08761 7.93353 12
      vertex -7.07107 7.07107 70
      vertex -6.08761 7.93353 70
    endloop
  endfacet
  facet normal -0.659341 0.751844 0
    outer loop
      vertex -7.07107 7.07107 70
      vertex -6.08761 7.93353 12
      vertex -7.07107 7.07107 12
    endloop
  endfacet
  facet normal -0.321438 0.946931 0
    outer loop
      vertex -2.58819 9.65926 12
      vertex -3.82683 9.2388 70
      vertex -2.58819 9.65926 70
    endloop
  endfacet
  facet normal -0.321438 0.946931 0
    outer loop
      vertex -3.82683 9.2388 70
      vertex -2.58819 9.65926 12
      vertex -3.82683 9.2388 12
    endloop
  endfacet
  facet normal -0.831469 -0.555571 0
    outer loop
      vertex -7.93353 -6.08761 12
      vertex -8.66025 -5 70
      vertex -8.66025 -5 12
    endloop
  endfacet
  facet normal -0.831469 -0.555571 0
    outer loop
      vertex -8.66025 -5 70
      vertex -7.93353 -6.08761 12
      vertex -7.93353 -6.08761 70
    endloop
  endfacet
  facet normal 0.751844 0.659341 0
    outer loop
      vertex 7.93353 6.08761 64.4449
      vertex 7.07107 7.07107 12
      vertex 7.07107 7.07107 65.0488
    endloop
  endfacet
  facet normal 0.751844 0.659341 0
    outer loop
      vertex 7.07107 7.07107 12
      vertex 7.93353 6.08761 64.4449
      vertex 7.93353 6.08761 12
    endloop
  endfacet
  facet normal -0.321438 -0.946931 0
    outer loop
      vertex -3.82683 -9.2388 12
      vertex -2.58819 -9.65926 70
      vertex -3.82683 -9.2388 70
    endloop
  endfacet
  facet normal -0.321438 -0.946931 -0
    outer loop
      vertex -2.58819 -9.65926 70
      vertex -3.82683 -9.2388 12
      vertex -2.58819 -9.65926 12
    endloop
  endfacet
  facet normal 0.442293 -0.896871 0
    outer loop
      vertex 3.82683 -9.2388 12
      vertex 5 -8.66025 66.499
      vertex 3.82683 -9.2388 67.3204
    endloop
  endfacet
  facet normal 0.442293 -0.896871 0
    outer loop
      vertex 5 -8.66025 66.499
      vertex 3.82683 -9.2388 12
      vertex 5 -8.66025 12
    endloop
  endfacet
  facet normal -0.442293 0.896871 0
    outer loop
      vertex -3.82683 9.2388 12
      vertex -5 8.66025 70
      vertex -3.82683 9.2388 70
    endloop
  endfacet
  facet normal -0.442293 0.896871 0
    outer loop
      vertex -5 8.66025 70
      vertex -3.82683 9.2388 12
      vertex -5 8.66025 12
    endloop
  endfacet
  facet normal -0 0 1
    outer loop
      vertex -1.30526 9.91445 70
      vertex 0 2 70
      vertex 0 10 70
    endloop
  endfacet
  facet normal -0 0 1
    outer loop
      vertex -2.58819 9.65926 70
      vertex 0 2 70
      vertex -1.30526 9.91445 70
    endloop
  endfacet
  facet normal -0 0 1
    outer loop
      vertex -3.82683 9.2388 70
      vertex 0 2 70
      vertex -2.58819 9.65926 70
    endloop
  endfacet
  facet normal 0 0 1
    outer loop
      vertex 0 -2 70
      vertex -1.30526 -9.91445 70
      vertex 0 -10 70
    endloop
  endfacet
  facet normal -0 0 1
    outer loop
      vertex -5 8.66025 70
      vertex 0 2 70
      vertex -3.82683 9.2388 70
    endloop
  endfacet
  facet normal 0 0 1
    outer loop
      vertex 0 -2 70
      vertex -2.58819 -9.65926 70
      vertex -1.30526 -9.91445 70
    endloop
  endfacet
  facet normal -0 0 1
    outer loop
      vertex -6.08761 7.93353 70
      vertex 0 2 70
      vertex -5 8.66025 70
    endloop
  endfacet
  facet normal 0 0 1
    outer loop
      vertex 0 -2 70
      vertex -3.82683 -9.2388 70
      vertex -2.58819 -9.65926 70
    endloop
  endfacet
  facet normal -0 0 1
    outer loop
      vertex -7.07107 7.07107 70
      vertex 0 2 70
      vertex -6.08761 7.93353 70
    endloop
  endfacet
  facet normal 0 0 1
    outer loop
      vertex 0 -2 70
      vertex -5 -8.66025 70
      vertex -3.82683 -9.2388 70
    endloop
  endfacet
  facet normal -0 0 1
    outer loop
      vertex -7.93353 6.08761 70
      vertex 0 2 70
      vertex -7.07107 7.07107 70
    endloop
  endfacet
  facet normal 0 0 1
    outer loop
      vertex 0 -2 70
      vertex -6.08761 -7.93353 70
      vertex -5 -8.66025 70
    endloop
  endfacet
  facet normal -0 0 1
    outer loop
      vertex -8.66025 5 70
      vertex 0 2 70
      vertex -7.93353 6.08761 70
    endloop
  endfacet
  facet normal 0 0 1
    outer loop
      vertex 0 -2 70
      vertex -7.07107 -7.07107 70
      vertex -6.08761 -7.93353 70
    endloop
  endfacet
  facet normal -0 0 1
    outer loop
      vertex -9.2388 3.82683 70
      vertex 0 2 70
      vertex -8.66025 5 70
    endloop
  endfacet
  facet normal 0 0 1
    outer loop
      vertex 0 -2 70
      vertex -7.93353 -6.08761 70
      vertex -7.07107 -7.07107 70
    endloop
  endfacet
  facet normal -0 0 1
    outer loop
      vertex -9.65926 2.58819 70
      vertex 0 2 70
      vertex -9.2388 3.82683 70
    endloop
  endfacet
  facet normal 0 0 1
    outer loop
      vertex 0 -2 70
      vertex -8.66025 -5 70
      vertex -7.93353 -6.08761 70
    endloop
  endfacet
  facet normal 0 0 1
    outer loop
      vertex -9.91445 1.30526 70
      vertex 0 2 70
      vertex -9.65926 2.58819 70
    endloop
  endfacet
  facet normal 0 0 1
    outer loop
      vertex 0 -2 70
      vertex -9.2388 -3.82683 70
      vertex -8.66025 -5 70
    endloop
  endfacet
  facet normal 0 0 1
    outer loop
      vertex -10 0 70
      vertex 0 2 70
      vertex -9.91445 1.30526 70
    endloop
  endfacet
  facet normal 0 0 1
    outer loop
      vertex 0 -2 70
      vertex -9.65926 -2.58819 70
      vertex -9.2388 -3.82683 70
    endloop
  endfacet
  facet normal 0 0 1
    outer loop
      vertex 0 2 70
      vertex -10 0 70
      vertex 0 -2 70
    endloop
  endfacet
  facet normal 0 0 1
    outer loop
      vertex 0 -2 70
      vertex -9.91445 -1.30526 70
      vertex -9.65926 -2.58819 70
    endloop
  endfacet
  facet normal 0 0 1
    outer loop
      vertex 0 -2 70
      vertex -10 0 70
      vertex -9.91445 -1.30526 70
    endloop
  endfacet
  facet normal 0 0 1
    outer loop
      vertex 2.42066 0.261052 70
      vertex 2.42066 -0.261052 70
      vertex 2.44155 0 70
    endloop
  endfacet
  facet normal 0 0 1
    outer loop
      vertex 2.35836 0.517637 70
      vertex 2.42066 -0.261052 70
      vertex 2.42066 0.261052 70
    endloop
  endfacet
  facet normal 0 0 1
    outer loop
      vertex 2.35836 0.517637 70
      vertex 2.35836 -0.517637 70
      vertex 2.42066 -0.261052 70
    endloop
  endfacet
  facet normal 0 0 1
    outer loop
      vertex 2.2557 0.765367 70
      vertex 2.35836 -0.517637 70
      vertex 2.35836 0.517637 70
    endloop
  endfacet
  facet normal 0 0 1
    outer loop
      vertex 2.2557 0.765367 70
      vertex 2.2557 -0.765367 70
      vertex 2.35836 -0.517637 70
    endloop
  endfacet
  facet normal 0 0 1
    outer loop
      vertex 2.11444 1 70
      vertex 2.2557 -0.765367 70
      vertex 2.2557 0.765367 70
    endloop
  endfacet
  facet normal 0 0 1
    outer loop
      vertex 2.11444 1 70
      vertex 2.11444 -1 70
      vertex 2.2557 -0.765367 70
    endloop
  endfacet
  facet normal 0 0 1
    outer loop
      vertex 1.93701 1.21752 70
      vertex 2.11444 -1 70
      vertex 2.11444 1 70
    endloop
  endfacet
  facet normal 0 0 1
    outer loop
      vertex 1.93701 1.21752 70
      vertex 1.93701 -1.21752 70
      vertex 2.11444 -1 70
    endloop
  endfacet
  facet normal 0 0 1
    outer loop
      vertex 1.72644 1.41421 70
      vertex 1.93701 -1.21752 70
      vertex 1.93701 1.21752 70
    endloop
  endfacet
  facet normal 0 0 1
    outer loop
      vertex 1.72644 1.41421 70
      vertex 1.72644 -1.41421 70
      vertex 1.93701 -1.21752 70
    endloop
  endfacet
  facet normal 0 0 1
    outer loop
      vertex 1.48632 1.58671 70
      vertex 1.72644 -1.41421 70
      vertex 1.72644 1.41421 70
    endloop
  endfacet
  facet normal 0 0 1
    outer loop
      vertex 1.48632 1.58671 70
      vertex 1.48632 -1.58671 70
      vertex 1.72644 -1.41421 70
    endloop
  endfacet
  facet normal 0 0 1
    outer loop
      vertex 1.22077 1.73205 70
      vertex 1.48632 -1.58671 70
      vertex 1.48632 1.58671 70
    endloop
  endfacet
  facet normal 0 0 1
    outer loop
      vertex 1.22077 1.73205 70
      vertex 1.22077 -1.73205 70
      vertex 1.48632 -1.58671 70
    endloop
  endfacet
  facet normal 0 0 1
    outer loop
      vertex 0.93434 1.84776 70
      vertex 1.22077 -1.73205 70
      vertex 1.22077 1.73205 70
    endloop
  endfacet
  facet normal 0 0 1
    outer loop
      vertex 0.93434 1.84776 70
      vertex 0.93434 -1.84776 70
      vertex 1.22077 -1.73205 70
    endloop
  endfacet
  facet normal 0 0 1
    outer loop
      vertex 0.631918 1.93185 70
      vertex 0.93434 -1.84776 70
      vertex 0.93434 1.84776 70
    endloop
  endfacet
  facet normal 0 0 1
    outer loop
      vertex 0.631918 1.93185 70
      vertex 0.631918 -1.93185 70
      vertex 0.93434 -1.84776 70
    endloop
  endfacet
  facet normal 0 0 1
    outer loop
      vertex 0.318686 1.98289 70
      vertex 0.631918 -1.93185 70
      vertex 0.631918 1.93185 70
    endloop
  endfacet
  facet normal 0 0 1
    outer loop
      vertex 0.318686 1.98289 70
      vertex 0.318686 -1.98289 70
      vertex 0.631918 -1.93185 70
    endloop
  endfacet
  facet normal 0 0 1
    outer loop
      vertex 0 2 70
      vertex 0.318686 -1.98289 70
      vertex 0.318686 1.98289 70
    endloop
  endfacet
  facet normal 0 0 1
    outer loop
      vertex 0.318686 -1.98289 70
      vertex 0 2 70
      vertex 0 -2 70
    endloop
  endfacet
  facet normal 0.980785 -0.19509 0
    outer loop
      vertex 9.65926 -2.58819 12
      vertex 9.91445 -1.30526 63.0578
      vertex 9.65926 -2.58819 63.2365
    endloop
  endfacet
  facet normal 0.980785 -0.19509 0
    outer loop
      vertex 9.91445 -1.30526 63.0578
      vertex 9.65926 -2.58819 12
      vertex 9.91445 -1.30526 12
    endloop
  endfacet
  facet normal -0.946931 -0.321438 0
    outer loop
      vertex -9.2388 -3.82683 12
      vertex -9.65926 -2.58819 70
      vertex -9.65926 -2.58819 12
    endloop
  endfacet
  facet normal -0.946931 -0.321438 0
    outer loop
      vertex -9.65926 -2.58819 70
      vertex -9.2388 -3.82683 12
      vertex -9.2388 -3.82683 70
    endloop
  endfacet
  facet normal 0.946931 -0.321438 0
    outer loop
      vertex 9.2388 -3.82683 12
      vertex 9.65926 -2.58819 63.2365
      vertex 9.2388 -3.82683 63.5309
    endloop
  endfacet
  facet normal 0.946931 -0.321438 0
    outer loop
      vertex 9.65926 -2.58819 63.2365
      vertex 9.2388 -3.82683 12
      vertex 9.65926 -2.58819 12
    endloop
  endfacet
  facet normal 0.555571 0.831469 0
    outer loop
      vertex 5 8.66025 12
      vertex 6.08761 7.93353 65.7374
      vertex 6.08761 7.93353 12
    endloop
  endfacet
  facet normal 0.555571 0.831469 0
    outer loop
      vertex 6.08761 7.93353 65.7374
      vertex 5 8.66025 12
      vertex 5 8.66025 66.499
    endloop
  endfacet
  facet normal 0.442293 0.896871 0
    outer loop
      vertex 3.82683 9.2388 12
      vertex 5 8.66025 66.499
      vertex 5 8.66025 12
    endloop
  endfacet
  facet normal 0.442293 0.896871 0
    outer loop
      vertex 5 8.66025 66.499
      vertex 3.82683 9.2388 12
      vertex 3.82683 9.2388 67.3204
    endloop
  endfacet
  facet normal -0.19509 0.980785 0
    outer loop
      vertex -1.30526 9.91445 12
      vertex -2.58819 9.65926 70
      vertex -1.30526 9.91445 70
    endloop
  endfacet
  facet normal -0.19509 0.980785 0
    outer loop
      vertex -2.58819 9.65926 70
      vertex -1.30526 9.91445 12
      vertex -2.58819 9.65926 12
    endloop
  endfacet
  facet normal -0.442293 -0.896871 0
    outer loop
      vertex -5 -8.66025 12
      vertex -3.82683 -9.2388 70
      vertex -5 -8.66025 70
    endloop
  endfacet
  facet normal -0.442293 -0.896871 -0
    outer loop
      vertex -3.82683 -9.2388 70
      vertex -5 -8.66025 12
      vertex -3.82683 -9.2388 12
    endloop
  endfacet
  facet normal -0.0654022 0.997859 0
    outer loop
      vertex 0 10 12
      vertex -1.30526 9.91445 70
      vertex 0 10 70
    endloop
  endfacet
  facet normal -0.0654022 0.997859 0
    outer loop
      vertex -1.30526 9.91445 70
      vertex 0 10 12
      vertex -1.30526 9.91445 12
    endloop
  endfacet
  facet normal -0.751844 0.659341 0
    outer loop
      vertex -7.93353 6.08761 12
      vertex -7.07107 7.07107 70
      vertex -7.07107 7.07107 12
    endloop
  endfacet
  facet normal -0.751844 0.659341 0
    outer loop
      vertex -7.07107 7.07107 70
      vertex -7.93353 6.08761 12
      vertex -7.93353 6.08761 70
    endloop
  endfacet
  facet normal 0.997859 -0.0654022 0
    outer loop
      vertex 9.91445 -1.30526 12
      vertex 10 0 62.9979
      vertex 9.91445 -1.30526 63.0578
    endloop
  endfacet
  facet normal 0.997859 -0.0654022 0
    outer loop
      vertex 10 0 62.9979
      vertex 9.91445 -1.30526 12
      vertex 10 0 12
    endloop
  endfacet
  facet normal -0.946931 0.321438 0
    outer loop
      vertex -9.65926 2.58819 12
      vertex -9.2388 3.82683 70
      vertex -9.2388 3.82683 12
    endloop
  endfacet
  facet normal -0.946931 0.321438 0
    outer loop
      vertex -9.2388 3.82683 70
      vertex -9.65926 2.58819 12
      vertex -9.65926 2.58819 70
    endloop
  endfacet
  facet normal -0.659341 -0.751844 0
    outer loop
      vertex -7.07107 -7.07107 12
      vertex -6.08761 -7.93353 70
      vertex -7.07107 -7.07107 70
    endloop
  endfacet
  facet normal -0.659341 -0.751844 -0
    outer loop
      vertex -6.08761 -7.93353 70
      vertex -7.07107 -7.07107 12
      vertex -6.08761 -7.93353 12
    endloop
  endfacet
  facet normal 0.0654022 0.997859 0
    outer loop
      vertex 0 10 12
      vertex 1.30526 9.91445 69.086
      vertex 1.30526 9.91445 12
    endloop
  endfacet
  facet normal 0.0654022 0.997859 0
    outer loop
      vertex 1.30526 9.91445 69.086
      vertex 0 10 12
      vertex 0 10 70
    endloop
  endfacet
  facet normal 0.831469 0.555571 0
    outer loop
      vertex 8.66025 5 63.936
      vertex 7.93353 6.08761 12
      vertex 7.93353 6.08761 64.4449
    endloop
  endfacet
  facet normal 0.831469 0.555571 0
    outer loop
      vertex 7.93353 6.08761 12
      vertex 8.66025 5 63.936
      vertex 8.66025 5 12
    endloop
  endfacet
  facet normal -0.896871 -0.442293 0
    outer loop
      vertex -8.66025 -5 12
      vertex -9.2388 -3.82683 70
      vertex -9.2388 -3.82683 12
    endloop
  endfacet
  facet normal -0.896871 -0.442293 0
    outer loop
      vertex -9.2388 -3.82683 70
      vertex -8.66025 -5 12
      vertex -8.66025 -5 70
    endloop
  endfacet
  facet normal 0.831469 -0.555571 0
    outer loop
      vertex 7.93353 -6.08761 12
      vertex 8.66025 -5 63.936
      vertex 7.93353 -6.08761 64.4449
    endloop
  endfacet
  facet normal 0.831469 -0.555571 0
    outer loop
      vertex 8.66025 -5 63.936
      vertex 7.93353 -6.08761 12
      vertex 8.66025 -5 12
    endloop
  endfacet
  facet normal -0.0654022 -0.997859 0
    outer loop
      vertex -1.30526 -9.91445 12
      vertex 0 -10 70
      vertex -1.30526 -9.91445 70
    endloop
  endfacet
  facet normal -0.0654022 -0.997859 -0
    outer loop
      vertex 0 -10 70
      vertex -1.30526 -9.91445 12
      vertex 0 -10 12
    endloop
  endfacet
  facet normal -0.980785 0.19509 0
    outer loop
      vertex -9.91445 1.30526 12
      vertex -9.65926 2.58819 70
      vertex -9.65926 2.58819 12
    endloop
  endfacet
  facet normal -0.980785 0.19509 0
    outer loop
      vertex -9.65926 2.58819 70
      vertex -9.91445 1.30526 12
      vertex -9.91445 1.30526 70
    endloop
  endfacet
  facet normal -0.555571 -0.831469 0
    outer loop
      vertex -6.08761 -7.93353 12
      vertex -5 -8.66025 70
      vertex -6.08761 -7.93353 70
    endloop
  endfacet
  facet normal -0.555571 -0.831469 -0
    outer loop
      vertex -5 -8.66025 70
      vertex -6.08761 -7.93353 12
      vertex -5 -8.66025 12
    endloop
  endfacet
  facet normal -0.555571 0.831469 0
    outer loop
      vertex -5 8.66025 12
      vertex -6.08761 7.93353 70
      vertex -5 8.66025 70
    endloop
  endfacet
  facet normal -0.555571 0.831469 0
    outer loop
      vertex -6.08761 7.93353 70
      vertex -5 8.66025 12
      vertex -6.08761 7.93353 12
    endloop
  endfacet
  facet normal -0.980785 -0.19509 0
    outer loop
      vertex -9.65926 -2.58819 12
      vertex -9.91445 -1.30526 70
      vertex -9.91445 -1.30526 12
    endloop
  endfacet
  facet normal -0.980785 -0.19509 0
    outer loop
      vertex -9.91445 -1.30526 70
      vertex -9.65926 -2.58819 12
      vertex -9.65926 -2.58819 70
    endloop
  endfacet
  facet normal -0.751844 -0.659341 0
    outer loop
      vertex -7.07107 -7.07107 12
      vertex -7.93353 -6.08761 70
      vertex -7.93353 -6.08761 12
    endloop
  endfacet
  facet normal -0.751844 -0.659341 0
    outer loop
      vertex -7.93353 -6.08761 70
      vertex -7.07107 -7.07107 12
      vertex -7.07107 -7.07107 70
    endloop
  endfacet
  facet normal 0.555571 -0.831469 0
    outer loop
      vertex 5 -8.66025 12
      vertex 6.08761 -7.93353 65.7374
      vertex 5 -8.66025 66.499
    endloop
  endfacet
  facet normal 0.555571 -0.831469 0
    outer loop
      vertex 6.08761 -7.93353 65.7374
      vertex 5 -8.66025 12
      vertex 6.08761 -7.93353 12
    endloop
  endfacet
  facet normal -0.831469 0.555571 0
    outer loop
      vertex -8.66025 5 12
      vertex -7.93353 6.08761 70
      vertex -7.93353 6.08761 12
    endloop
  endfacet
  facet normal -0.831469 0.555571 0
    outer loop
      vertex -7.93353 6.08761 70
      vertex -8.66025 5 12
      vertex -8.66025 5 70
    endloop
  endfacet
endsolid OpenSCAD_Model
