solid OpenSCAD_Model
  facet normal 0.980789 -0.195073 0
    outer loop
      vertex 28.9778 -7.76457 12
      vertex 29.7433 -3.91578 0
      vertex 29.7433 -3.91578 12
    endloop
  endfacet
  facet normal 0.980789 -0.195073 0
    outer loop
      vertex 29.7433 -3.91578 0
      vertex 28.9778 -7.76457 12
      vertex 28.9778 -7.76457 0
    endloop
  endfacet
  facet normal 0.980789 0.195073 0
    outer loop
      vertex 29.7433 3.91578 12
      vertex 28.9778 7.76457 0
      vertex 28.9778 7.76457 12
    endloop
  endfacet
  facet normal 0.980789 0.195073 0
    outer loop
      vertex 28.9778 7.76457 0
      vertex 29.7433 3.91578 12
      vertex 29.7433 3.91578 0
    endloop
  endfacet
  facet normal 0.997858 0.0654149 0
    outer loop
      vertex 30 0 12
      vertex 29.7433 3.91578 0
      vertex 29.7433 3.91578 12
    endloop
  endfacet
  facet normal 0.997858 0.0654149 0
    outer loop
      vertex 29.7433 3.91578 0
      vertex 30 0 12
      vertex 30 0 0
    endloop
  endfacet
  facet normal 0.946929 0.321442 0
    outer loop
      vertex 28.9778 7.76457 12
      vertex 27.7164 11.4805 0
      vertex 27.7164 11.4805 12
    endloop
  endfacet
  facet normal 0.946929 0.321442 0
    outer loop
      vertex 27.7164 11.4805 0
      vertex 28.9778 7.76457 12
      vertex 28.9778 7.76457 0
    endloop
  endfacet
  facet normal 0.321442 0.946929 -0
    outer loop
      vertex 11.4805 27.7164 0
      vertex 7.76457 28.9778 12
      vertex 11.4805 27.7164 12
    endloop
  endfacet
  facet normal 0.321442 0.946929 0
    outer loop
      vertex 7.76457 28.9778 12
      vertex 11.4805 27.7164 0
      vertex 7.76457 28.9778 0
    endloop
  endfacet
  facet normal 0.442283 0.896875 -0
    outer loop
      vertex 15 25.9808 0
      vertex 11.4805 27.7164 12
      vertex 15 25.9808 12
    endloop
  endfacet
  facet normal 0.442283 0.896875 0
    outer loop
      vertex 11.4805 27.7164 12
      vertex 15 25.9808 0
      vertex 11.4805 27.7164 0
    endloop
  endfacet
  facet normal 0.195073 -0.980789 0
    outer loop
      vertex 3.91578 -29.7433 0
      vertex 7.76457 -28.9778 12
      vertex 3.91578 -29.7433 12
    endloop
  endfacet
  facet normal 0.195073 -0.980789 0
    outer loop
      vertex 7.76457 -28.9778 12
      vertex 3.91578 -29.7433 0
      vertex 7.76457 -28.9778 0
    endloop
  endfacet
  facet normal -0.751844 0.659341 0
    outer loop
      vertex -23.8006 18.2628 0
      vertex -21.2132 21.2132 12
      vertex -21.2132 21.2132 0
    endloop
  endfacet
  facet normal -0.751844 0.659341 0
    outer loop
      vertex -21.2132 21.2132 12
      vertex -23.8006 18.2628 0
      vertex -23.8006 18.2628 12
    endloop
  endfacet
  facet normal 0.946929 -0.321442 0
    outer loop
      vertex 27.7164 -11.4805 12
      vertex 28.9778 -7.76457 0
      vertex 28.9778 -7.76457 12
    endloop
  endfacet
  facet normal 0.946929 -0.321442 0
    outer loop
      vertex 28.9778 -7.76457 0
      vertex 27.7164 -11.4805 12
      vertex 27.7164 -11.4805 0
    endloop
  endfacet
  facet normal 0.0654149 -0.997858 0
    outer loop
      vertex 0 -30 0
      vertex 3.91578 -29.7433 12
      vertex 0 -30 12
    endloop
  endfacet
  facet normal 0.0654149 -0.997858 0
    outer loop
      vertex 3.91578 -29.7433 12
      vertex 0 -30 0
      vertex 3.91578 -29.7433 0
    endloop
  endfacet
  facet normal 0.831462 -0.555582 0
    outer loop
      vertex 23.8006 -18.2628 12
      vertex 25.9808 -15 0
      vertex 25.9808 -15 12
    endloop
  endfacet
  facet normal 0.831462 -0.555582 0
    outer loop
      vertex 25.9808 -15 0
      vertex 23.8006 -18.2628 12
      vertex 23.8006 -18.2628 0
    endloop
  endfacet
  facet normal 0.896875 0.442283 0
    outer loop
      vertex 27.7164 11.4805 12
      vertex 25.9808 15 0
      vertex 25.9808 15 12
    endloop
  endfacet
  facet normal 0.896875 0.442283 0
    outer loop
      vertex 25.9808 15 0
      vertex 27.7164 11.4805 12
      vertex 27.7164 11.4805 0
    endloop
  endfacet
  facet normal 0.0654149 0.997858 -0
    outer loop
      vertex 3.91578 29.7433 0
      vertex 0 30 12
      vertex 3.91578 29.7433 12
    endloop
  endfacet
  facet normal 0.0654149 0.997858 0
    outer loop
      vertex 0 30 12
      vertex 3.91578 29.7433 0
      vertex 0 30 0
    endloop
  endfacet
  facet normal -0.751844 -0.659341 0
    outer loop
      vertex -21.2132 -21.2132 0
      vertex -23.8006 -18.2628 12
      vertex -23.8006 -18.2628 0
    endloop
  endfacet
  facet normal -0.751844 -0.659341 0
    outer loop
      vertex -23.8006 -18.2628 12
      vertex -21.2132 -21.2132 0
      vertex -21.2132 -21.2132 12
    endloop
  endfacet
  facet normal -0.831462 0.555582 0
    outer loop
      vertex -25.9808 15 0
      vertex -23.8006 18.2628 12
      vertex -23.8006 18.2628 0
    endloop
  endfacet
  facet normal -0.831462 0.555582 0
    outer loop
      vertex -23.8006 18.2628 12
      vertex -25.9808 15 0
      vertex -25.9808 15 12
    endloop
  endfacet
  facet normal 0.321442 -0.946929 0
    outer loop
      vertex 7.76457 -28.9778 0
      vertex 11.4805 -27.7164 12
      vertex 7.76457 -28.9778 12
    endloop
  endfacet
  facet normal 0.321442 -0.946929 0
    outer loop
      vertex 11.4805 -27.7164 12
      vertex 7.76457 -28.9778 0
      vertex 11.4805 -27.7164 0
    endloop
  endfacet
  facet normal -0.946929 -0.321442 0
    outer loop
      vertex -27.7164 -11.4805 0
      vertex -28.9778 -7.76457 12
      vertex -28.9778 -7.76457 0
    endloop
  endfacet
  facet normal -0.946929 -0.321442 0
    outer loop
      vertex -28.9778 -7.76457 12
      vertex -27.7164 -11.4805 0
      vertex -27.7164 -11.4805 12
    endloop
  endfacet
  facet normal -0.442283 -0.896875 0
    outer loop
      vertex -15 -25.9808 0
      vertex -11.4805 -27.7164 12
      vertex -15 -25.9808 12
    endloop
  endfacet
  facet normal -0.442283 -0.896875 -0
    outer loop
      vertex -11.4805 -27.7164 12
      vertex -15 -25.9808 0
      vertex -11.4805 -27.7164 0
    endloop
  endfacet
  facet normal -0.0654149 0.997858 0
    outer loop
      vertex 0 30 0
      vertex -3.91578 29.7433 12
      vertex 0 30 12
    endloop
  endfacet
  facet normal -0.0654149 0.997858 0
    outer loop
      vertex -3.91578 29.7433 12
      vertex 0 30 0
      vertex -3.91578 29.7433 0
    endloop
  endfacet
  facet normal 0.442283 -0.896875 0
    outer loop
      vertex 11.4805 -27.7164 0
      vertex 15 -25.9808 12
      vertex 11.4805 -27.7164 12
    endloop
  endfacet
  facet normal 0.442283 -0.896875 0
    outer loop
      vertex 15 -25.9808 12
      vertex 11.4805 -27.7164 0
      vertex 15 -25.9808 0
    endloop
  endfacet
  facet normal 0.751844 -0.659341 0
    outer loop
      vertex 21.2132 -21.2132 12
      vertex 23.8006 -18.2628 0
      vertex 23.8006 -18.2628 12
    endloop
  endfacet
  facet normal 0.751844 -0.659341 0
    outer loop
      vertex 23.8006 -18.2628 0
      vertex 21.2132 -21.2132 12
      vertex 21.2132 -21.2132 0
    endloop
  endfacet
  facet normal 0.997858 -0.0654149 0
    outer loop
      vertex 29.7433 -3.91578 12
      vertex 30 0 0
      vertex 30 0 12
    endloop
  endfacet
  facet normal 0.997858 -0.0654149 0
    outer loop
      vertex 30 0 0
      vertex 29.7433 -3.91578 12
      vertex 29.7433 -3.91578 0
    endloop
  endfacet
  facet normal -0.980789 -0.195073 0
    outer loop
      vertex -28.9778 -7.76457 0
      vertex -29.7433 -3.91578 12
      vertex -29.7433 -3.91578 0
    endloop
  endfacet
  facet normal -0.980789 -0.195073 0
    outer loop
      vertex -29.7433 -3.91578 12
      vertex -28.9778 -7.76457 0
      vertex -28.9778 -7.76457 12
    endloop
  endfacet
  facet normal -0.442283 0.896875 0
    outer loop
      vertex -11.4805 27.7164 0
      vertex -15 25.9808 12
      vertex -11.4805 27.7164 12
    endloop
  endfacet
  facet normal -0.442283 0.896875 0
    outer loop
      vertex -15 25.9808 12
      vertex -11.4805 27.7164 0
      vertex -15 25.9808 0
    endloop
  endfacet
  facet normal -0.980789 0.195073 0
    outer loop
      vertex -29.7433 3.91578 0
      vertex -28.9778 7.76457 12
      vertex -28.9778 7.76457 0
    endloop
  endfacet
  facet normal -0.980789 0.195073 0
    outer loop
      vertex -28.9778 7.76457 12
      vertex -29.7433 3.91578 0
      vertex -29.7433 3.91578 12
    endloop
  endfacet
  facet normal 0 0 -1
    outer loop
      vertex 29.7433 -3.91578 0
      vertex 29.7433 3.91578 0
      vertex 30 0 0
    endloop
  endfacet
  facet normal 0 0 -1
    outer loop
      vertex 28.9778 -7.76457 0
      vertex 29.7433 3.91578 0
      vertex 29.7433 -3.91578 0
    endloop
  endfacet
  facet normal 0 0 -1
    outer loop
      vertex 28.9778 -7.76457 0
      vertex 28.9778 7.76457 0
      vertex 29.7433 3.91578 0
    endloop
  endfacet
  facet normal 0 0 -1
    outer loop
      vertex 27.7164 -11.4805 0
      vertex 28.9778 7.76457 0
      vertex 28.9778 -7.76457 0
    endloop
  endfacet
  facet normal 0 0 -1
    outer loop
      vertex 27.7164 -11.4805 0
      vertex 27.7164 11.4805 0
      vertex 28.9778 7.76457 0
    endloop
  endfacet
  facet normal 0 0 -1
    outer loop
      vertex 25.9808 -15 0
      vertex 27.7164 11.4805 0
      vertex 27.7164 -11.4805 0
    endloop
  endfacet
  facet normal 0 0 -1
    outer loop
      vertex 25.9808 -15 0
      vertex 25.9808 15 0
      vertex 27.7164 11.4805 0
    endloop
  endfacet
  facet normal 0 0 -1
    outer loop
      vertex 23.8006 -18.2628 0
      vertex 25.9808 15 0
      vertex 25.9808 -15 0
    endloop
  endfacet
  facet normal 0 0 -1
    outer loop
      vertex 23.8006 -18.2628 0
      vertex 23.8006 18.2628 0
      vertex 25.9808 15 0
    endloop
  endfacet
  facet normal 0 0 -1
    outer loop
      vertex 21.2132 -21.2132 0
      vertex 23.8006 18.2628 0
      vertex 23.8006 -18.2628 0
    endloop
  endfacet
  facet normal 0 0 -1
    outer loop
      vertex 21.2132 -21.2132 0
      vertex 21.2132 21.2132 0
      vertex 23.8006 18.2628 0
    endloop
  endfacet
  facet normal 0 0 -1
    outer loop
      vertex 18.2628 -23.8006 0
      vertex 21.2132 21.2132 0
      vertex 21.2132 -21.2132 0
    endloop
  endfacet
  facet normal 0 0 -1
    outer loop
      vertex 18.2628 -23.8006 0
      vertex 18.2628 23.8006 0
      vertex 21.2132 21.2132 0
    endloop
  endfacet
  facet normal 0 0 -1
    outer loop
      vertex 15 -25.9808 0
      vertex 18.2628 23.8006 0
      vertex 18.2628 -23.8006 0
    endloop
  endfacet
  facet normal 0 0 -1
    outer loop
      vertex 15 -25.9808 0
      vertex 15 25.9808 0
      vertex 18.2628 23.8006 0
    endloop
  endfacet
  facet normal 0 0 -1
    outer loop
      vertex 11.4805 -27.7164 0
      vertex 15 25.9808 0
      vertex 15 -25.9808 0
    endloop
  endfacet
  facet normal 0 0 -1
    outer loop
      vertex 11.4805 -27.7164 0
      vertex 11.4805 27.7164 0
      vertex 15 25.9808 0
    endloop
  endfacet
  facet normal 0 0 -1
    outer loop
      vertex 7.76457 -28.9778 0
      vertex 11.4805 27.7164 0
      vertex 11.4805 -27.7164 0
    endloop
  endfacet
  facet normal 0 0 -1
    outer loop
      vertex 7.76457 -28.9778 0
      vertex 7.76457 28.9778 0
      vertex 11.4805 27.7164 0
    endloop
  endfacet
  facet normal 0 0 -1
    outer loop
      vertex 3.91578 -29.7433 0
      vertex 7.76457 28.9778 0
      vertex 7.76457 -28.9778 0
    endloop
  endfacet
  facet normal 0 0 -1
    outer loop
      vertex 3.91578 -29.7433 0
      vertex 3.91578 29.7433 0
      vertex 7.76457 28.9778 0
    endloop
  endfacet
  facet normal 0 0 -1
    outer loop
      vertex 0 -30 0
      vertex 3.91578 29.7433 0
      vertex 3.91578 -29.7433 0
    endloop
  endfacet
  facet normal 0 0 -1
    outer loop
      vertex 0 -30 0
      vertex 0 30 0
      vertex 3.91578 29.7433 0
    endloop
  endfacet
  facet normal 0 0 -1
    outer loop
      vertex -3.91578 -29.7433 0
      vertex 0 30 0
      vertex 0 -30 0
    endloop
  endfacet
  facet normal 0 0 -1
    outer loop
      vertex -3.91578 -29.7433 0
      vertex -3.91578 29.7433 0
      vertex 0 30 0
    endloop
  endfacet
  facet normal 0 0 -1
    outer loop
      vertex -7.76457 -28.9778 0
      vertex -3.91578 29.7433 0
      vertex -3.91578 -29.7433 0
    endloop
  endfacet
  facet normal 0 0 -1
    outer loop
      vertex -7.76457 -28.9778 0
      vertex -7.76457 28.9778 0
      vertex -3.91578 29.7433 0
    endloop
  endfacet
  facet normal 0 0 -1
    outer loop
      vertex -11.4805 -27.7164 0
      vertex -7.76457 28.9778 0
      vertex -7.76457 -28.9778 0
    endloop
  endfacet
  facet normal 0 0 -1
    outer loop
      vertex -11.4805 -27.7164 0
      vertex -11.4805 27.7164 0
      vertex -7.76457 28.9778 0
    endloop
  endfacet
  facet normal 0 0 -1
    outer loop
      vertex -15 -25.9808 0
      vertex -11.4805 27.7164 0
      vertex -11.4805 -27.7164 0
    endloop
  endfacet
  facet normal 0 0 -1
    outer loop
      vertex -15 -25.9808 0
      vertex -15 25.9808 0
      vertex -11.4805 27.7164 0
    endloop
  endfacet
  facet normal 0 0 -1
    outer loop
      vertex -18.2628 -23.8006 0
      vertex -15 25.9808 0
      vertex -15 -25.9808 0
    endloop
  endfacet
  facet normal 0 0 -1
    outer loop
      vertex -18.2628 -23.8006 0
      vertex -18.2628 23.8006 0
      vertex -15 25.9808 0
    endloop
  endfacet
  facet normal 0 0 -1
    outer loop
      vertex -21.2132 -21.2132 0
      vertex -18.2628 23.8006 0
      vertex -18.2628 -23.8006 0
    endloop
  endfacet
  facet normal 0 0 -1
    outer loop
      vertex -21.2132 -21.2132 0
      vertex -21.2132 21.2132 0
      vertex -18.2628 23.8006 0
    endloop
  endfacet
  facet normal 0 0 -1
    outer loop
      vertex -23.8006 -18.2628 0
      vertex -21.2132 21.2132 0
      vertex -21.2132 -21.2132 0
    endloop
  endfacet
  facet normal 0 0 -1
    outer loop
      vertex -23.8006 -18.2628 0
      vertex -23.8006 18.2628 0
      vertex -21.2132 21.2132 0
    endloop
  endfacet
  facet normal 0 0 -1
    outer loop
      vertex -25.9808 -15 0
      vertex -23.8006 18.2628 0
      vertex -23.8006 -18.2628 0
    endloop
  endfacet
  facet normal 0 0 -1
    outer loop
      vertex -25.9808 -15 0
      vertex -25.9808 15 0
      vertex -23.8006 18.2628 0
    endloop
  endfacet
  facet normal 0 0 -1
    outer loop
      vertex -27.7164 -11.4805 0
      vertex -25.9808 15 0
      vertex -25.9808 -15 0
    endloop
  endfacet
  facet normal 0 0 -1
    outer loop
      vertex -27.7164 -11.4805 0
      vertex -27.7164 11.4805 0
      vertex -25.9808 15 0
    endloop
  endfacet
  facet normal 0 0 -1
    outer loop
      vertex -28.9778 -7.76457 0
      vertex -27.7164 11.4805 0
      vertex -27.7164 -11.4805 0
    endloop
  endfacet
  facet normal 0 0 -1
    outer loop
      vertex -28.9778 -7.76457 0
      vertex -28.9778 7.76457 0
      vertex -27.7164 11.4805 0
    endloop
  endfacet
  facet normal 0 0 -1
    outer loop
      vertex -29.7433 -3.91578 0
      vertex -28.9778 7.76457 0
      vertex -28.9778 -7.76457 0
    endloop
  endfacet
  facet normal 0 0 -1
    outer loop
      vertex -29.7433 -3.91578 0
      vertex -29.7433 3.91578 0
      vertex -28.9778 7.76457 0
    endloop
  endfacet
  facet normal 0 -0 -1
    outer loop
      vertex -29.7433 3.91578 0
      vertex -29.7433 -3.91578 0
      vertex -30 0 0
    endloop
  endfacet
  facet normal 0.555582 0.831462 -0
    outer loop
      vertex 18.2628 23.8006 0
      vertex 15 25.9808 12
      vertex 18.2628 23.8006 12
    endloop
  endfacet
  facet normal 0.555582 0.831462 0
    outer loop
      vertex 15 25.9808 12
      vertex 18.2628 23.8006 0
      vertex 15 25.9808 0
    endloop
  endfacet
  facet normal -0.555582 0.831462 0
    outer loop
      vertex -15 25.9808 0
      vertex -18.2628 23.8006 12
      vertex -15 25.9808 12
    endloop
  endfacet
  facet normal -0.555582 0.831462 0
    outer loop
      vertex -18.2628 23.8006 12
      vertex -15 25.9808 0
      vertex -18.2628 23.8006 0
    endloop
  endfacet
  facet normal 0.659341 0.751844 -0
    outer loop
      vertex 21.2132 21.2132 0
      vertex 18.2628 23.8006 12
      vertex 21.2132 21.2132 12
    endloop
  endfacet
  facet normal 0.659341 0.751844 0
    outer loop
      vertex 18.2628 23.8006 12
      vertex 21.2132 21.2132 0
      vertex 18.2628 23.8006 0
    endloop
  endfacet
  facet normal -0.997858 0.0654149 0
    outer loop
      vertex -30 0 0
      vertex -29.7433 3.91578 12
      vertex -29.7433 3.91578 0
    endloop
  endfacet
  facet normal -0.997858 0.0654149 0
    outer loop
      vertex -29.7433 3.91578 12
      vertex -30 0 0
      vertex -30 0 12
    endloop
  endfacet
  facet normal -0.321442 0.946929 0
    outer loop
      vertex -7.76457 28.9778 0
      vertex -11.4805 27.7164 12
      vertex -7.76457 28.9778 12
    endloop
  endfacet
  facet normal -0.321442 0.946929 0
    outer loop
      vertex -11.4805 27.7164 12
      vertex -7.76457 28.9778 0
      vertex -11.4805 27.7164 0
    endloop
  endfacet
  facet normal -0.896875 -0.442283 0
    outer loop
      vertex -25.9808 -15 0
      vertex -27.7164 -11.4805 12
      vertex -27.7164 -11.4805 0
    endloop
  endfacet
  facet normal -0.896875 -0.442283 0
    outer loop
      vertex -27.7164 -11.4805 12
      vertex -25.9808 -15 0
      vertex -25.9808 -15 12
    endloop
  endfacet
  facet normal 0.195073 0.980789 -0
    outer loop
      vertex 7.76457 28.9778 0
      vertex 3.91578 29.7433 12
      vertex 7.76457 28.9778 12
    endloop
  endfacet
  facet normal 0.195073 0.980789 0
    outer loop
      vertex 3.91578 29.7433 12
      vertex 7.76457 28.9778 0
      vertex 3.91578 29.7433 0
    endloop
  endfacet
  facet normal -0.946929 0.321442 0
    outer loop
      vertex -28.9778 7.76457 0
      vertex -27.7164 11.4805 12
      vertex -27.7164 11.4805 0
    endloop
  endfacet
  facet normal -0.946929 0.321442 0
    outer loop
      vertex -27.7164 11.4805 12
      vertex -28.9778 7.76457 0
      vertex -28.9778 7.76457 12
    endloop
  endfacet
  facet normal 0 0 1
    outer loop
      vertex 29.7433 3.91578 12
      vertex 14.8717 1.95789 12
      vertex 15 0 12
    endloop
  endfacet
  facet normal 0 0 1
    outer loop
      vertex 18.2628 23.8006 12
      vertex 14.4889 3.88229 12
      vertex 14.8717 1.95789 12
    endloop
  endfacet
  facet normal 0 0 1
    outer loop
      vertex 18.2628 23.8006 12
      vertex 13.8582 5.74025 12
      vertex 14.4889 3.88229 12
    endloop
  endfacet
  facet normal 0 0 1
    outer loop
      vertex 18.2628 23.8006 12
      vertex 12.9904 7.5 12
      vertex 13.8582 5.74025 12
    endloop
  endfacet
  facet normal 0 0 1
    outer loop
      vertex 18.2628 23.8006 12
      vertex 11.9003 9.13142 12
      vertex 12.9904 7.5 12
    endloop
  endfacet
  facet normal 0 0 1
    outer loop
      vertex 7.5 12.9904 12
      vertex 15 25.9808 12
      vertex 11.4805 27.7164 12
    endloop
  endfacet
  facet normal 0 0 1
    outer loop
      vertex 18.2628 23.8006 12
      vertex 10.6066 10.6066 12
      vertex 11.9003 9.13142 12
    endloop
  endfacet
  facet normal 0 0 1
    outer loop
      vertex 18.2628 23.8006 12
      vertex 9.13142 11.9003 12
      vertex 10.6066 10.6066 12
    endloop
  endfacet
  facet normal 0 0 1
    outer loop
      vertex 5.74025 13.8582 12
      vertex 11.4805 27.7164 12
      vertex 7.76457 28.9778 12
    endloop
  endfacet
  facet normal 0 0 1
    outer loop
      vertex 15 25.9808 12
      vertex 7.5 12.9904 12
      vertex 9.13142 11.9003 12
    endloop
  endfacet
  facet normal 0 0 1
    outer loop
      vertex 11.4805 27.7164 12
      vertex 5.74025 13.8582 12
      vertex 7.5 12.9904 12
    endloop
  endfacet
  facet normal 0 0 1
    outer loop
      vertex 3.88229 14.4889 12
      vertex 7.76457 28.9778 12
      vertex 3.91578 29.7433 12
    endloop
  endfacet
  facet normal 0 0 1
    outer loop
      vertex 7.76457 28.9778 12
      vertex 3.88229 14.4889 12
      vertex 5.74025 13.8582 12
    endloop
  endfacet
  facet normal 0 0 1
    outer loop
      vertex 3.91578 29.7433 12
      vertex 1.95789 14.8717 12
      vertex 3.88229 14.4889 12
    endloop
  endfacet
  facet normal 0 0 1
    outer loop
      vertex 0 30 12
      vertex 1.95789 14.8717 12
      vertex 3.91578 29.7433 12
    endloop
  endfacet
  facet normal 0 0 1
    outer loop
      vertex 0 30 12
      vertex 0 15 12
      vertex 1.95789 14.8717 12
    endloop
  endfacet
  facet normal 0 0 1
    outer loop
      vertex 0 30 12
      vertex -1.95789 14.8717 12
      vertex 0 15 12
    endloop
  endfacet
  facet normal -0 0 1
    outer loop
      vertex -3.91578 29.7433 12
      vertex -1.95789 14.8717 12
      vertex 0 30 12
    endloop
  endfacet
  facet normal 0 0 1
    outer loop
      vertex -1.95789 14.8717 12
      vertex -3.91578 29.7433 12
      vertex -3.88229 14.4889 12
    endloop
  endfacet
  facet normal -0 0 1
    outer loop
      vertex -7.76457 28.9778 12
      vertex -3.88229 14.4889 12
      vertex -3.91578 29.7433 12
    endloop
  endfacet
  facet normal 0 0 1
    outer loop
      vertex -3.88229 14.4889 12
      vertex -7.76457 28.9778 12
      vertex -5.74025 13.8582 12
    endloop
  endfacet
  facet normal -0 0 1
    outer loop
      vertex -11.4805 27.7164 12
      vertex -5.74025 13.8582 12
      vertex -7.76457 28.9778 12
    endloop
  endfacet
  facet normal 0 0 1
    outer loop
      vertex -5.74025 13.8582 12
      vertex -11.4805 27.7164 12
      vertex -7.5 12.9904 12
    endloop
  endfacet
  facet normal -0 0 1
    outer loop
      vertex -15 25.9808 12
      vertex -7.5 12.9904 12
      vertex -11.4805 27.7164 12
    endloop
  endfacet
  facet normal 0 0 1
    outer loop
      vertex -7.5 12.9904 12
      vertex -15 25.9808 12
      vertex -9.13142 11.9003 12
    endloop
  endfacet
  facet normal -0 0 1
    outer loop
      vertex -18.2628 23.8006 12
      vertex -9.13142 11.9003 12
      vertex -15 25.9808 12
    endloop
  endfacet
  facet normal 0 0 1
    outer loop
      vertex -9.13142 11.9003 12
      vertex -18.2628 23.8006 12
      vertex -10.6066 10.6066 12
    endloop
  endfacet
  facet normal -0 0 1
    outer loop
      vertex -21.2132 21.2132 12
      vertex -10.6066 10.6066 12
      vertex -18.2628 23.8006 12
    endloop
  endfacet
  facet normal 0 0 1
    outer loop
      vertex -10.6066 10.6066 12
      vertex -21.2132 21.2132 12
      vertex -11.9003 9.13142 12
    endloop
  endfacet
  facet normal -0 0 1
    outer loop
      vertex -23.8006 18.2628 12
      vertex -11.9003 9.13142 12
      vertex -21.2132 21.2132 12
    endloop
  endfacet
  facet normal 0 0 1
    outer loop
      vertex -11.9003 9.13142 12
      vertex -23.8006 18.2628 12
      vertex -12.9904 7.5 12
    endloop
  endfacet
  facet normal -0 0 1
    outer loop
      vertex -25.9808 15 12
      vertex -12.9904 7.5 12
      vertex -23.8006 18.2628 12
    endloop
  endfacet
  facet normal 0 0 1
    outer loop
      vertex -12.9904 7.5 12
      vertex -25.9808 15 12
      vertex -13.8582 5.74025 12
    endloop
  endfacet
  facet normal -0 0 1
    outer loop
      vertex -27.7164 11.4805 12
      vertex -13.8582 5.74025 12
      vertex -25.9808 15 12
    endloop
  endfacet
  facet normal 0 0 1
    outer loop
      vertex -15 0 12
      vertex -18.2628 -23.8006 12
      vertex -15 -25.9808 12
    endloop
  endfacet
  facet normal 0 0 1
    outer loop
      vertex -13.8582 5.74025 12
      vertex -27.7164 11.4805 12
      vertex -14.4889 3.88229 12
    endloop
  endfacet
  facet normal 0 0 1
    outer loop
      vertex -15 0 12
      vertex -21.2132 -21.2132 12
      vertex -18.2628 -23.8006 12
    endloop
  endfacet
  facet normal -0 0 1
    outer loop
      vertex -28.9778 7.76457 12
      vertex -14.4889 3.88229 12
      vertex -27.7164 11.4805 12
    endloop
  endfacet
  facet normal 0 0 1
    outer loop
      vertex -15 0 12
      vertex -23.8006 -18.2628 12
      vertex -21.2132 -21.2132 12
    endloop
  endfacet
  facet normal 0 0 1
    outer loop
      vertex -14.4889 3.88229 12
      vertex -28.9778 7.76457 12
      vertex -14.8717 1.95789 12
    endloop
  endfacet
  facet normal 0 0 1
    outer loop
      vertex -15 0 12
      vertex -25.9808 -15 12
      vertex -23.8006 -18.2628 12
    endloop
  endfacet
  facet normal -0 0 1
    outer loop
      vertex -29.7433 3.91578 12
      vertex -14.8717 1.95789 12
      vertex -28.9778 7.76457 12
    endloop
  endfacet
  facet normal 0 0 1
    outer loop
      vertex -15 0 12
      vertex -27.7164 -11.4805 12
      vertex -25.9808 -15 12
    endloop
  endfacet
  facet normal 0 0 1
    outer loop
      vertex -14.8717 1.95789 12
      vertex -29.7433 3.91578 12
      vertex -15 0 12
    endloop
  endfacet
  facet normal 0 0 1
    outer loop
      vertex -15 0 12
      vertex -28.9778 -7.76457 12
      vertex -27.7164 -11.4805 12
    endloop
  endfacet
  facet normal 0 0 1
    outer loop
      vertex -30 0 12
      vertex -15 0 12
      vertex -29.7433 3.91578 12
    endloop
  endfacet
  facet normal 0 0 1
    outer loop
      vertex -15 0 12
      vertex -29.7433 -3.91578 12
      vertex -28.9778 -7.76457 12
    endloop
  endfacet
  facet normal 0 0 1
    outer loop
      vertex -15 0 12
      vertex -30 0 12
      vertex -29.7433 -3.91578 12
    endloop
  endfacet
  facet normal 0 0 1
    outer loop
      vertex 15 0 12
      vertex 30 0 12
      vertex 29.7433 3.91578 12
    endloop
  endfacet
  facet normal 0 0 1
    outer loop
      vertex 14.8717 1.95789 12
      vertex 29.7433 3.91578 12
      vertex 28.9778 7.76457 12
    endloop
  endfacet
  facet normal 0 0 1
    outer loop
      vertex 30 0 12
      vertex 15 0 12
      vertex 29.7433 -3.91578 12
    endloop
  endfacet
  facet normal 0 0 1
    outer loop
      vertex 14.8717 1.95789 12
      vertex 28.9778 7.76457 12
      vertex 27.7164 11.4805 12
    endloop
  endfacet
  facet normal -0 0 1
    outer loop
      vertex 14.8717 -1.95789 12
      vertex 29.7433 -3.91578 12
      vertex 15 0 12
    endloop
  endfacet
  facet normal 0 0 1
    outer loop
      vertex 14.8717 1.95789 12
      vertex 27.7164 11.4805 12
      vertex 25.9808 15 12
    endloop
  endfacet
  facet normal 0 0 1
    outer loop
      vertex 29.7433 -3.91578 12
      vertex 14.8717 -1.95789 12
      vertex 28.9778 -7.76457 12
    endloop
  endfacet
  facet normal 0 0 1
    outer loop
      vertex 14.8717 1.95789 12
      vertex 25.9808 15 12
      vertex 23.8006 18.2628 12
    endloop
  endfacet
  facet normal -0 0 1
    outer loop
      vertex 14.4889 -3.88229 12
      vertex 28.9778 -7.76457 12
      vertex 14.8717 -1.95789 12
    endloop
  endfacet
  facet normal 0 0 1
    outer loop
      vertex 14.8717 1.95789 12
      vertex 23.8006 18.2628 12
      vertex 21.2132 21.2132 12
    endloop
  endfacet
  facet normal 0 0 1
    outer loop
      vertex 28.9778 -7.76457 12
      vertex 14.4889 -3.88229 12
      vertex 27.7164 -11.4805 12
    endloop
  endfacet
  facet normal 0 0 1
    outer loop
      vertex 14.8717 1.95789 12
      vertex 21.2132 21.2132 12
      vertex 18.2628 23.8006 12
    endloop
  endfacet
  facet normal -0 0 1
    outer loop
      vertex 13.8582 -5.74025 12
      vertex 27.7164 -11.4805 12
      vertex 14.4889 -3.88229 12
    endloop
  endfacet
  facet normal 0 0 1
    outer loop
      vertex 9.13142 11.9003 12
      vertex 18.2628 23.8006 12
      vertex 15 25.9808 12
    endloop
  endfacet
  facet normal 0 0 1
    outer loop
      vertex 27.7164 -11.4805 12
      vertex 13.8582 -5.74025 12
      vertex 25.9808 -15 12
    endloop
  endfacet
  facet normal -0 0 1
    outer loop
      vertex 12.9904 -7.5 12
      vertex 25.9808 -15 12
      vertex 13.8582 -5.74025 12
    endloop
  endfacet
  facet normal 0 0 1
    outer loop
      vertex 25.9808 -15 12
      vertex 12.9904 -7.5 12
      vertex 23.8006 -18.2628 12
    endloop
  endfacet
  facet normal -0 0 1
    outer loop
      vertex 11.9003 -9.13142 12
      vertex 23.8006 -18.2628 12
      vertex 12.9904 -7.5 12
    endloop
  endfacet
  facet normal 0 0 1
    outer loop
      vertex 23.8006 -18.2628 12
      vertex 11.9003 -9.13142 12
      vertex 21.2132 -21.2132 12
    endloop
  endfacet
  facet normal -0 0 1
    outer loop
      vertex 10.6066 -10.6066 12
      vertex 21.2132 -21.2132 12
      vertex 11.9003 -9.13142 12
    endloop
  endfacet
  facet normal 0 0 1
    outer loop
      vertex 21.2132 -21.2132 12
      vertex 10.6066 -10.6066 12
      vertex 18.2628 -23.8006 12
    endloop
  endfacet
  facet normal -0 0 1
    outer loop
      vertex 9.13142 -11.9003 12
      vertex 18.2628 -23.8006 12
      vertex 10.6066 -10.6066 12
    endloop
  endfacet
  facet normal 0 0 1
    outer loop
      vertex 18.2628 -23.8006 12
      vertex 9.13142 -11.9003 12
      vertex 15 -25.9808 12
    endloop
  endfacet
  facet normal -0 0 1
    outer loop
      vertex 7.5 -12.9904 12
      vertex 15 -25.9808 12
      vertex 9.13142 -11.9003 12
    endloop
  endfacet
  facet normal 0 0 1
    outer loop
      vertex 15 -25.9808 12
      vertex 7.5 -12.9904 12
      vertex 11.4805 -27.7164 12
    endloop
  endfacet
  facet normal -0 0 1
    outer loop
      vertex 5.74025 -13.8582 12
      vertex 11.4805 -27.7164 12
      vertex 7.5 -12.9904 12
    endloop
  endfacet
  facet normal 0 0 1
    outer loop
      vertex 11.4805 -27.7164 12
      vertex 5.74025 -13.8582 12
      vertex 7.76457 -28.9778 12
    endloop
  endfacet
  facet normal -0 0 1
    outer loop
      vertex 3.88229 -14.4889 12
      vertex 7.76457 -28.9778 12
      vertex 5.74025 -13.8582 12
    endloop
  endfacet
  facet normal 0 0 1
    outer loop
      vertex 7.76457 -28.9778 12
      vertex 3.88229 -14.4889 12
      vertex 3.91578 -29.7433 12
    endloop
  endfacet
  facet normal -0 0 1
    outer loop
      vertex 1.95789 -14.8717 12
      vertex 3.91578 -29.7433 12
      vertex 3.88229 -14.4889 12
    endloop
  endfacet
  facet normal -0 0 1
    outer loop
      vertex 0 -15 12
      vertex 3.91578 -29.7433 12
      vertex 1.95789 -14.8717 12
    endloop
  endfacet
  facet normal 0 0 1
    outer loop
      vertex 0 -15 12
      vertex 0 -30 12
      vertex 3.91578 -29.7433 12
    endloop
  endfacet
  facet normal 0 0 1
    outer loop
      vertex -1.95789 -14.8717 12
      vertex 0 -30 12
      vertex 0 -15 12
    endloop
  endfacet
  facet normal 0 0 1
    outer loop
      vertex -3.91578 -29.7433 12
      vertex -1.95789 -14.8717 12
      vertex -3.88229 -14.4889 12
    endloop
  endfacet
  facet normal 0 0 1
    outer loop
      vertex -1.95789 -14.8717 12
      vertex -3.91578 -29.7433 12
      vertex 0 -30 12
    endloop
  endfacet
  facet normal 0 0 1
    outer loop
      vertex -7.76457 -28.9778 12
      vertex -3.88229 -14.4889 12
      vertex -5.74025 -13.8582 12
    endloop
  endfacet
  facet normal 0 0 1
    outer loop
      vertex -11.4805 -27.7164 12
      vertex -5.74025 -13.8582 12
      vertex -7.5 -12.9904 12
    endloop
  endfacet
  facet normal 0 0 1
    outer loop
      vertex -3.88229 -14.4889 12
      vertex -7.76457 -28.9778 12
      vertex -3.91578 -29.7433 12
    endloop
  endfacet
  facet normal 0 0 1
    outer loop
      vertex -15 -25.9808 12
      vertex -7.5 -12.9904 12
      vertex -9.13142 -11.9003 12
    endloop
  endfacet
  facet normal 0 0 1
    outer loop
      vertex -15 -25.9808 12
      vertex -9.13142 -11.9003 12
      vertex -10.6066 -10.6066 12
    endloop
  endfacet
  facet normal 0 0 1
    outer loop
      vertex -5.74025 -13.8582 12
      vertex -11.4805 -27.7164 12
      vertex -7.76457 -28.9778 12
    endloop
  endfacet
  facet normal 0 0 1
    outer loop
      vertex -15 -25.9808 12
      vertex -10.6066 -10.6066 12
      vertex -11.9003 -9.13142 12
    endloop
  endfacet
  facet normal 0 0 1
    outer loop
      vertex -15 -25.9808 12
      vertex -11.9003 -9.13142 12
      vertex -12.9904 -7.5 12
    endloop
  endfacet
  facet normal 0 0 1
    outer loop
      vertex -15 -25.9808 12
      vertex -12.9904 -7.5 12
      vertex -13.8582 -5.74025 12
    endloop
  endfacet
  facet normal 0 0 1
    outer loop
      vertex -15 -25.9808 12
      vertex -13.8582 -5.74025 12
      vertex -14.4889 -3.88229 12
    endloop
  endfacet
  facet normal 0 0 1
    outer loop
      vertex -15 -25.9808 12
      vertex -14.4889 -3.88229 12
      vertex -14.8717 -1.95789 12
    endloop
  endfacet
  facet normal 0 0 1
    outer loop
      vertex -7.5 -12.9904 12
      vertex -15 -25.9808 12
      vertex -11.4805 -27.7164 12
    endloop
  endfacet
  facet normal 0 0 1
    outer loop
      vertex -15 -25.9808 12
      vertex -14.8717 -1.95789 12
      vertex -15 0 12
    endloop
  endfacet
  facet normal -0.831462 -0.555582 0
    outer loop
      vertex -23.8006 -18.2628 0
      vertex -25.9808 -15 12
      vertex -25.9808 -15 0
    endloop
  endfacet
  facet normal -0.831462 -0.555582 0
    outer loop
      vertex -25.9808 -15 12
      vertex -23.8006 -18.2628 0
      vertex -23.8006 -18.2628 12
    endloop
  endfacet
  facet normal -0.659341 0.751844 0
    outer loop
      vertex -18.2628 23.8006 0
      vertex -21.2132 21.2132 12
      vertex -18.2628 23.8006 12
    endloop
  endfacet
  facet normal -0.659341 0.751844 0
    outer loop
      vertex -21.2132 21.2132 12
      vertex -18.2628 23.8006 0
      vertex -21.2132 21.2132 0
    endloop
  endfacet
  facet normal 0.831462 0.555582 0
    outer loop
      vertex 25.9808 15 12
      vertex 23.8006 18.2628 0
      vertex 23.8006 18.2628 12
    endloop
  endfacet
  facet normal 0.831462 0.555582 0
    outer loop
      vertex 23.8006 18.2628 0
      vertex 25.9808 15 12
      vertex 25.9808 15 0
    endloop
  endfacet
  facet normal -0.896875 0.442283 0
    outer loop
      vertex -27.7164 11.4805 0
      vertex -25.9808 15 12
      vertex -25.9808 15 0
    endloop
  endfacet
  facet normal -0.896875 0.442283 0
    outer loop
      vertex -25.9808 15 12
      vertex -27.7164 11.4805 0
      vertex -27.7164 11.4805 12
    endloop
  endfacet
  facet normal -0.997858 -0.0654149 0
    outer loop
      vertex -29.7433 -3.91578 0
      vertex -30 0 12
      vertex -30 0 0
    endloop
  endfacet
  facet normal -0.997858 -0.0654149 0
    outer loop
      vertex -30 0 12
      vertex -29.7433 -3.91578 0
      vertex -29.7433 -3.91578 12
    endloop
  endfacet
  facet normal -0.659341 -0.751844 0
    outer loop
      vertex -21.2132 -21.2132 0
      vertex -18.2628 -23.8006 12
      vertex -21.2132 -21.2132 12
    endloop
  endfacet
  facet normal -0.659341 -0.751844 -0
    outer loop
      vertex -18.2628 -23.8006 12
      vertex -21.2132 -21.2132 0
      vertex -18.2628 -23.8006 0
    endloop
  endfacet
  facet normal -0.321442 -0.946929 0
    outer loop
      vertex -11.4805 -27.7164 0
      vertex -7.76457 -28.9778 12
      vertex -11.4805 -27.7164 12
    endloop
  endfacet
  facet normal -0.321442 -0.946929 -0
    outer loop
      vertex -7.76457 -28.9778 12
      vertex -11.4805 -27.7164 0
      vertex -7.76457 -28.9778 0
    endloop
  endfacet
  facet normal -0.195073 0.980789 0
    outer loop
      vertex -3.91578 29.7433 0
      vertex -7.76457 28.9778 12
      vertex -3.91578 29.7433 12
    endloop
  endfacet
  facet normal -0.195073 0.980789 0
    outer loop
      vertex -7.76457 28.9778 12
      vertex -3.91578 29.7433 0
      vertex -7.76457 28.9778 0
    endloop
  endfacet
  facet normal 0.751844 0.659341 0
    outer loop
      vertex 23.8006 18.2628 12
      vertex 21.2132 21.2132 0
      vertex 21.2132 21.2132 12
    endloop
  endfacet
  facet normal 0.751844 0.659341 0
    outer loop
      vertex 21.2132 21.2132 0
      vertex 23.8006 18.2628 12
      vertex 23.8006 18.2628 0
    endloop
  endfacet
  facet normal -0.195073 -0.980789 0
    outer loop
      vertex -7.76457 -28.9778 0
      vertex -3.91578 -29.7433 12
      vertex -7.76457 -28.9778 12
    endloop
  endfacet
  facet normal -0.195073 -0.980789 -0
    outer loop
      vertex -3.91578 -29.7433 12
      vertex -7.76457 -28.9778 0
      vertex -3.91578 -29.7433 0
    endloop
  endfacet
  facet normal -0.555582 -0.831462 0
    outer loop
      vertex -18.2628 -23.8006 0
      vertex -15 -25.9808 12
      vertex -18.2628 -23.8006 12
    endloop
  endfacet
  facet normal -0.555582 -0.831462 -0
    outer loop
      vertex -15 -25.9808 12
      vertex -18.2628 -23.8006 0
      vertex -15 -25.9808 0
    endloop
  endfacet
  facet normal 0.659341 -0.751844 0
    outer loop
      vertex 18.2628 -23.8006 0
      vertex 21.2132 -21.2132 12
      vertex 18.2628 -23.8006 12
    endloop
  endfacet
  facet normal 0.659341 -0.751844 0
    outer loop
      vertex 21.2132 -21.2132 12
      vertex 18.2628 -23.8006 0
      vertex 21.2132 -21.2132 0
    endloop
  endfacet
  facet normal 0.555582 -0.831462 0
    outer loop
      vertex 15 -25.9808 0
      vertex 18.2628 -23.8006 12
      vertex 15 -25.9808 12
    endloop
  endfacet
  facet normal 0.555582 -0.831462 0
    outer loop
      vertex 18.2628 -23.8006 12
      vertex 15 -25.9808 0
      vertex 18.2628 -23.8006 0
    endloop
  endfacet
  facet normal 0.896875 -0.442283 0
    outer loop
      vertex 25.9808 -15 12
      vertex 27.7164 -11.4805 0
      vertex 27.7164 -11.4805 12
    endloop
  endfacet
  facet normal 0.896875 -0.442283 0
    outer loop
      vertex 27.7164 -11.4805 0
      vertex 25.9808 -15 12
      vertex 25.9808 -15 0
    endloop
  endfacet
  facet normal -0.0654149 -0.997858 0
    outer loop
      vertex -3.91578 -29.7433 0
      vertex 0 -30 12
      vertex -3.91578 -29.7433 12
    endloop
  endfacet
  facet normal -0.0654149 -0.997858 -0
    outer loop
      vertex 0 -30 12
      vertex -3.91578 -29.7433 0
      vertex 0 -30 0
    endloop
  endfacet
  facet normal -0.997917 -0.0645051 0
    outer loop
      vertex 230.7 -22.5 694
      vertex 230.673 -22.0823 698
      vertex 230.673 -22.0823 694
    endloop
  endfacet
  facet normal -0.997917 -0.0645051 0
    outer loop
      vertex 230.673 -22.0823 698
      vertex 230.7 -22.5 694
      vertex 230.7 -22.5 698
    endloop
  endfacet
  facet normal 0.195196 -0.980764 0
    outer loop
      vertex 226.672 -19.409 694
      vertex 227.082 -19.3274 698
      vertex 226.672 -19.409 698
    endloop
  endfacet
  facet normal 0.195196 -0.980764 0
    outer loop
      vertex 227.082 -19.3274 698
      vertex 226.672 -19.409 694
      vertex 227.082 -19.3274 694
    endloop
  endfacet
  facet normal 0.0654099 -0.997858 0
    outer loop
      vertex 227.082 -19.3274 694
      vertex 227.5 -19.3 698
      vertex 227.082 -19.3274 698
    endloop
  endfacet
  facet normal 0.0654099 -0.997858 0
    outer loop
      vertex 227.5 -19.3 698
      vertex 227.082 -19.3274 694
      vertex 227.5 -19.3 694
    endloop
  endfacet
  facet normal -0.195196 -0.980764 0
    outer loop
      vertex 227.918 -19.3274 694
      vertex 228.328 -19.409 698
      vertex 227.918 -19.3274 698
    endloop
  endfacet
  facet normal -0.195196 -0.980764 -0
    outer loop
      vertex 228.328 -19.409 698
      vertex 227.918 -19.3274 694
      vertex 228.328 -19.409 694
    endloop
  endfacet
  facet normal -0.32109 -0.947049 0
    outer loop
      vertex 228.328 -19.409 694
      vertex 228.725 -19.5436 698
      vertex 228.328 -19.409 698
    endloop
  endfacet
  facet normal -0.32109 -0.947049 -0
    outer loop
      vertex 228.725 -19.5436 698
      vertex 228.328 -19.409 694
      vertex 228.725 -19.5436 694
    endloop
  endfacet
  facet normal 0.997917 -0.0645051 0
    outer loop
      vertex 224.3 -22.5 698
      vertex 224.327 -22.0823 694
      vertex 224.327 -22.0823 698
    endloop
  endfacet
  facet normal 0.997917 -0.0645051 0
    outer loop
      vertex 224.327 -22.0823 694
      vertex 224.3 -22.5 698
      vertex 224.3 -22.5 694
    endloop
  endfacet
  facet normal -0.980627 0.195886 0
    outer loop
      vertex 230.591 -23.3282 694
      vertex 230.673 -22.9177 698
      vertex 230.673 -22.9177 694
    endloop
  endfacet
  facet normal -0.980627 0.195886 0
    outer loop
      vertex 230.673 -22.9177 698
      vertex 230.591 -23.3282 694
      vertex 230.591 -23.3282 698
    endloop
  endfacet
  facet normal 0.94661 0.322382 0
    outer loop
      vertex 224.544 -23.7246 698
      vertex 224.409 -23.3282 694
      vertex 224.409 -23.3282 698
    endloop
  endfacet
  facet normal 0.94661 0.322382 0
    outer loop
      vertex 224.409 -23.3282 694
      vertex 224.544 -23.7246 698
      vertex 224.544 -23.7246 694
    endloop
  endfacet
  facet normal -0.751821 -0.659367 0
    outer loop
      vertex 230.039 -20.552 694
      vertex 229.763 -20.2373 698
      vertex 229.763 -20.2373 694
    endloop
  endfacet
  facet normal -0.751821 -0.659367 0
    outer loop
      vertex 229.763 -20.2373 698
      vertex 230.039 -20.552 694
      vertex 230.039 -20.552 698
    endloop
  endfacet
  facet normal 0.751821 0.659367 0
    outer loop
      vertex 225.237 -24.7627 698
      vertex 224.961 -24.448 694
      vertex 224.961 -24.448 698
    endloop
  endfacet
  facet normal 0.751821 0.659367 0
    outer loop
      vertex 224.961 -24.448 694
      vertex 225.237 -24.7627 698
      vertex 225.237 -24.7627 694
    endloop
  endfacet
  facet normal 0.83205 0.5547 0
    outer loop
      vertex 224.961 -24.448 698
      vertex 224.729 -24.1 694
      vertex 224.729 -24.1 698
    endloop
  endfacet
  facet normal 0.83205 0.5547 0
    outer loop
      vertex 224.729 -24.1 694
      vertex 224.961 -24.448 698
      vertex 224.961 -24.448 694
    endloop
  endfacet
  facet normal 0.442617 -0.896711 0
    outer loop
      vertex 225.9 -19.7287 694
      vertex 226.275 -19.5436 698
      vertex 225.9 -19.7287 698
    endloop
  endfacet
  facet normal 0.442617 -0.896711 0
    outer loop
      vertex 226.275 -19.5436 698
      vertex 225.9 -19.7287 694
      vertex 226.275 -19.5436 694
    endloop
  endfacet
  facet normal -0.980627 -0.195886 0
    outer loop
      vertex 230.673 -22.0823 694
      vertex 230.591 -21.6718 698
      vertex 230.591 -21.6718 694
    endloop
  endfacet
  facet normal -0.980627 -0.195886 0
    outer loop
      vertex 230.591 -21.6718 698
      vertex 230.673 -22.0823 694
      vertex 230.673 -22.0823 698
    endloop
  endfacet
  facet normal -0.896993 -0.442045 0
    outer loop
      vertex 230.456 -21.2754 694
      vertex 230.271 -20.9 698
      vertex 230.271 -20.9 694
    endloop
  endfacet
  facet normal -0.896993 -0.442045 0
    outer loop
      vertex 230.271 -20.9 698
      vertex 230.456 -21.2754 694
      vertex 230.456 -21.2754 698
    endloop
  endfacet
  facet normal -0.94661 -0.322382 0
    outer loop
      vertex 230.591 -21.6718 694
      vertex 230.456 -21.2754 698
      vertex 230.456 -21.2754 694
    endloop
  endfacet
  facet normal -0.94661 -0.322382 0
    outer loop
      vertex 230.456 -21.2754 698
      vertex 230.591 -21.6718 694
      vertex 230.591 -21.6718 698
    endloop
  endfacet
  facet normal -0.0654099 0.997858 0
    outer loop
      vertex 227.918 -25.6726 694
      vertex 227.5 -25.7 698
      vertex 227.918 -25.6726 698
    endloop
  endfacet
  facet normal -0.0654099 0.997858 0
    outer loop
      vertex 227.5 -25.7 698
      vertex 227.918 -25.6726 694
      vertex 227.5 -25.7 694
    endloop
  endfacet
  facet normal -0.83205 -0.5547 0
    outer loop
      vertex 230.271 -20.9 694
      vertex 230.039 -20.552 698
      vertex 230.039 -20.552 694
    endloop
  endfacet
  facet normal -0.83205 -0.5547 0
    outer loop
      vertex 230.039 -20.552 698
      vertex 230.271 -20.9 694
      vertex 230.271 -20.9 698
    endloop
  endfacet
  facet normal -0.659012 0.752133 0
    outer loop
      vertex 229.763 -24.7627 694
      vertex 229.448 -25.0387 698
      vertex 229.763 -24.7627 698
    endloop
  endfacet
  facet normal -0.659012 0.752133 0
    outer loop
      vertex 229.448 -25.0387 698
      vertex 229.763 -24.7627 694
      vertex 229.448 -25.0387 694
    endloop
  endfacet
  facet normal 0.195196 0.980764 -0
    outer loop
      vertex 227.082 -25.6726 694
      vertex 226.672 -25.591 698
      vertex 227.082 -25.6726 698
    endloop
  endfacet
  facet normal 0.195196 0.980764 0
    outer loop
      vertex 226.672 -25.591 698
      vertex 227.082 -25.6726 694
      vertex 226.672 -25.591 694
    endloop
  endfacet
  facet normal 0.555692 -0.831388 0
    outer loop
      vertex 225.552 -19.9613 694
      vertex 225.9 -19.7287 698
      vertex 225.552 -19.9613 698
    endloop
  endfacet
  facet normal 0.555692 -0.831388 0
    outer loop
      vertex 225.9 -19.7287 698
      vertex 225.552 -19.9613 694
      vertex 225.9 -19.7287 694
    endloop
  endfacet
  facet normal -0.32109 0.947049 0
    outer loop
      vertex 228.725 -25.4564 694
      vertex 228.328 -25.591 698
      vertex 228.725 -25.4564 698
    endloop
  endfacet
  facet normal -0.32109 0.947049 0
    outer loop
      vertex 228.328 -25.591 698
      vertex 228.725 -25.4564 694
      vertex 228.328 -25.591 694
    endloop
  endfacet
  facet normal -0.0654099 -0.997858 0
    outer loop
      vertex 227.5 -19.3 694
      vertex 227.918 -19.3274 698
      vertex 227.5 -19.3 698
    endloop
  endfacet
  facet normal -0.0654099 -0.997858 -0
    outer loop
      vertex 227.918 -19.3274 698
      vertex 227.5 -19.3 694
      vertex 227.918 -19.3274 694
    endloop
  endfacet
  facet normal 0.896993 -0.442045 0
    outer loop
      vertex 224.544 -21.2754 698
      vertex 224.729 -20.9 694
      vertex 224.729 -20.9 698
    endloop
  endfacet
  facet normal 0.896993 -0.442045 0
    outer loop
      vertex 224.729 -20.9 694
      vertex 224.544 -21.2754 698
      vertex 224.544 -21.2754 694
    endloop
  endfacet
  facet normal -0.659012 -0.752133 0
    outer loop
      vertex 229.448 -19.9613 694
      vertex 229.763 -20.2373 698
      vertex 229.448 -19.9613 698
    endloop
  endfacet
  facet normal -0.659012 -0.752133 -0
    outer loop
      vertex 229.763 -20.2373 698
      vertex 229.448 -19.9613 694
      vertex 229.763 -20.2373 694
    endloop
  endfacet
  facet normal 0.659012 -0.752133 0
    outer loop
      vertex 225.237 -20.2373 694
      vertex 225.552 -19.9613 698
      vertex 225.237 -20.2373 698
    endloop
  endfacet
  facet normal 0.659012 -0.752133 0
    outer loop
      vertex 225.552 -19.9613 698
      vertex 225.237 -20.2373 694
      vertex 225.552 -19.9613 694
    endloop
  endfacet
  facet normal 0.83205 -0.5547 0
    outer loop
      vertex 224.729 -20.9 698
      vertex 224.961 -20.552 694
      vertex 224.961 -20.552 698
    endloop
  endfacet
  facet normal 0.83205 -0.5547 0
    outer loop
      vertex 224.961 -20.552 694
      vertex 224.729 -20.9 698
      vertex 224.729 -20.9 694
    endloop
  endfacet
  facet normal -0.442617 -0.896711 0
    outer loop
      vertex 228.725 -19.5436 694
      vertex 229.1 -19.7287 698
      vertex 228.725 -19.5436 698
    endloop
  endfacet
  facet normal -0.442617 -0.896711 -0
    outer loop
      vertex 229.1 -19.7287 698
      vertex 228.725 -19.5436 694
      vertex 229.1 -19.7287 694
    endloop
  endfacet
  facet normal -0.555692 -0.831388 0
    outer loop
      vertex 229.1 -19.7287 694
      vertex 229.448 -19.9613 698
      vertex 229.1 -19.7287 698
    endloop
  endfacet
  facet normal -0.555692 -0.831388 -0
    outer loop
      vertex 229.448 -19.9613 698
      vertex 229.1 -19.7287 694
      vertex 229.448 -19.9613 694
    endloop
  endfacet
  facet normal 0.555692 0.831388 -0
    outer loop
      vertex 225.9 -25.2713 694
      vertex 225.552 -25.0387 698
      vertex 225.9 -25.2713 698
    endloop
  endfacet
  facet normal 0.555692 0.831388 0
    outer loop
      vertex 225.552 -25.0387 698
      vertex 225.9 -25.2713 694
      vertex 225.552 -25.0387 694
    endloop
  endfacet
  facet normal 0.442617 0.896711 -0
    outer loop
      vertex 226.275 -25.4564 694
      vertex 225.9 -25.2713 698
      vertex 226.275 -25.4564 698
    endloop
  endfacet
  facet normal 0.442617 0.896711 0
    outer loop
      vertex 225.9 -25.2713 698
      vertex 226.275 -25.4564 694
      vertex 225.9 -25.2713 694
    endloop
  endfacet
  facet normal 0.980627 0.195886 0
    outer loop
      vertex 224.409 -23.3282 698
      vertex 224.327 -22.9177 694
      vertex 224.327 -22.9177 698
    endloop
  endfacet
  facet normal 0.980627 0.195886 0
    outer loop
      vertex 224.327 -22.9177 694
      vertex 224.409 -23.3282 698
      vertex 224.409 -23.3282 694
    endloop
  endfacet
  facet normal 0.751821 -0.659367 0
    outer loop
      vertex 224.961 -20.552 698
      vertex 225.237 -20.2373 694
      vertex 225.237 -20.2373 698
    endloop
  endfacet
  facet normal 0.751821 -0.659367 0
    outer loop
      vertex 225.237 -20.2373 694
      vertex 224.961 -20.552 698
      vertex 224.961 -20.552 694
    endloop
  endfacet
  facet normal 0.32109 -0.947049 0
    outer loop
      vertex 226.275 -19.5436 694
      vertex 226.672 -19.409 698
      vertex 226.275 -19.5436 698
    endloop
  endfacet
  facet normal 0.32109 -0.947049 0
    outer loop
      vertex 226.672 -19.409 698
      vertex 226.275 -19.5436 694
      vertex 226.672 -19.409 694
    endloop
  endfacet
  facet normal -0.555692 0.831388 0
    outer loop
      vertex 229.448 -25.0387 694
      vertex 229.1 -25.2713 698
      vertex 229.448 -25.0387 698
    endloop
  endfacet
  facet normal -0.555692 0.831388 0
    outer loop
      vertex 229.1 -25.2713 698
      vertex 229.448 -25.0387 694
      vertex 229.1 -25.2713 694
    endloop
  endfacet
  facet normal 0.659012 0.752133 -0
    outer loop
      vertex 225.552 -25.0387 694
      vertex 225.237 -24.7627 698
      vertex 225.552 -25.0387 698
    endloop
  endfacet
  facet normal 0.659012 0.752133 0
    outer loop
      vertex 225.237 -24.7627 698
      vertex 225.552 -25.0387 694
      vertex 225.237 -24.7627 694
    endloop
  endfacet
  facet normal 0.997917 0.0645051 0
    outer loop
      vertex 224.327 -22.9177 698
      vertex 224.3 -22.5 694
      vertex 224.3 -22.5 698
    endloop
  endfacet
  facet normal 0.997917 0.0645051 0
    outer loop
      vertex 224.3 -22.5 694
      vertex 224.327 -22.9177 698
      vertex 224.327 -22.9177 694
    endloop
  endfacet
  facet normal -0.195196 0.980764 0
    outer loop
      vertex 228.328 -25.591 694
      vertex 227.918 -25.6726 698
      vertex 228.328 -25.591 698
    endloop
  endfacet
  facet normal -0.195196 0.980764 0
    outer loop
      vertex 227.918 -25.6726 698
      vertex 228.328 -25.591 694
      vertex 227.918 -25.6726 694
    endloop
  endfacet
  facet normal 0.896993 0.442045 0
    outer loop
      vertex 224.729 -24.1 698
      vertex 224.544 -23.7246 694
      vertex 224.544 -23.7246 698
    endloop
  endfacet
  facet normal 0.896993 0.442045 0
    outer loop
      vertex 224.544 -23.7246 694
      vertex 224.729 -24.1 698
      vertex 224.729 -24.1 694
    endloop
  endfacet
  facet normal 0.94661 -0.322382 0
    outer loop
      vertex 224.409 -21.6718 698
      vertex 224.544 -21.2754 694
      vertex 224.544 -21.2754 698
    endloop
  endfacet
  facet normal 0.94661 -0.322382 0
    outer loop
      vertex 224.544 -21.2754 694
      vertex 224.409 -21.6718 698
      vertex 224.409 -21.6718 694
    endloop
  endfacet
  facet normal 0.0654099 0.997858 -0
    outer loop
      vertex 227.5 -25.7 694
      vertex 227.082 -25.6726 698
      vertex 227.5 -25.7 698
    endloop
  endfacet
  facet normal 0.0654099 0.997858 0
    outer loop
      vertex 227.082 -25.6726 698
      vertex 227.5 -25.7 694
      vertex 227.082 -25.6726 694
    endloop
  endfacet
  facet normal 0.32109 0.947049 -0
    outer loop
      vertex 226.672 -25.591 694
      vertex 226.275 -25.4564 698
      vertex 226.672 -25.591 698
    endloop
  endfacet
  facet normal 0.32109 0.947049 0
    outer loop
      vertex 226.275 -25.4564 698
      vertex 226.672 -25.591 694
      vertex 226.275 -25.4564 694
    endloop
  endfacet
  facet normal -0.94661 0.322382 0
    outer loop
      vertex 230.456 -23.7246 694
      vertex 230.591 -23.3282 698
      vertex 230.591 -23.3282 694
    endloop
  endfacet
  facet normal -0.94661 0.322382 0
    outer loop
      vertex 230.591 -23.3282 698
      vertex 230.456 -23.7246 694
      vertex 230.456 -23.7246 698
    endloop
  endfacet
  facet normal -0.896993 0.442045 0
    outer loop
      vertex 230.271 -24.1 694
      vertex 230.456 -23.7246 698
      vertex 230.456 -23.7246 694
    endloop
  endfacet
  facet normal -0.896993 0.442045 0
    outer loop
      vertex 230.456 -23.7246 698
      vertex 230.271 -24.1 694
      vertex 230.271 -24.1 698
    endloop
  endfacet
  facet normal -0.751821 0.659367 0
    outer loop
      vertex 229.763 -24.7627 694
      vertex 230.039 -24.448 698
      vertex 230.039 -24.448 694
    endloop
  endfacet
  facet normal -0.751821 0.659367 0
    outer loop
      vertex 230.039 -24.448 698
      vertex 229.763 -24.7627 694
      vertex 229.763 -24.7627 698
    endloop
  endfacet
  facet normal -0.83205 0.5547 0
    outer loop
      vertex 230.039 -24.448 694
      vertex 230.271 -24.1 698
      vertex 230.271 -24.1 694
    endloop
  endfacet
  facet normal -0.83205 0.5547 0
    outer loop
      vertex 230.271 -24.1 698
      vertex 230.039 -24.448 694
      vertex 230.039 -24.448 698
    endloop
  endfacet
  facet normal -0.997917 0.0645051 0
    outer loop
      vertex 230.673 -22.9177 694
      vertex 230.7 -22.5 698
      vertex 230.7 -22.5 694
    endloop
  endfacet
  facet normal -0.997917 0.0645051 0
    outer loop
      vertex 230.7 -22.5 698
      vertex 230.673 -22.9177 694
      vertex 230.673 -22.9177 698
    endloop
  endfacet
  facet normal -0.442617 0.896711 0
    outer loop
      vertex 229.1 -25.2713 694
      vertex 228.725 -25.4564 698
      vertex 229.1 -25.2713 698
    endloop
  endfacet
  facet normal -0.442617 0.896711 0
    outer loop
      vertex 228.725 -25.4564 698
      vertex 229.1 -25.2713 694
      vertex 228.725 -25.4564 694
    endloop
  endfacet
  facet normal 0.980627 -0.195886 0
    outer loop
      vertex 224.327 -22.0823 698
      vertex 224.409 -21.6718 694
      vertex 224.409 -21.6718 698
    endloop
  endfacet
  facet normal 0.980627 -0.195886 0
    outer loop
      vertex 224.409 -21.6718 694
      vertex 224.327 -22.0823 698
      vertex 224.327 -22.0823 694
    endloop
  endfacet
  facet normal -0.997917 -0.0645051 0
    outer loop
      vertex 230.7 22.5 694
      vertex 230.673 22.9177 698
      vertex 230.673 22.9177 694
    endloop
  endfacet
  facet normal -0.997917 -0.0645051 0
    outer loop
      vertex 230.673 22.9177 698
      vertex 230.7 22.5 694
      vertex 230.7 22.5 698
    endloop
  endfacet
  facet normal 0.195196 -0.980764 0
    outer loop
      vertex 226.672 25.591 694
      vertex 227.082 25.6726 698
      vertex 226.672 25.591 698
    endloop
  endfacet
  facet normal 0.195196 -0.980764 0
    outer loop
      vertex 227.082 25.6726 698
      vertex 226.672 25.591 694
      vertex 227.082 25.6726 694
    endloop
  endfacet
  facet normal 0.0654099 -0.997858 0
    outer loop
      vertex 227.082 25.6726 694
      vertex 227.5 25.7 698
      vertex 227.082 25.6726 698
    endloop
  endfacet
  facet normal 0.0654099 -0.997858 0
    outer loop
      vertex 227.5 25.7 698
      vertex 227.082 25.6726 694
      vertex 227.5 25.7 694
    endloop
  endfacet
  facet normal -0.195196 -0.980764 0
    outer loop
      vertex 227.918 25.6726 694
      vertex 228.328 25.591 698
      vertex 227.918 25.6726 698
    endloop
  endfacet
  facet normal -0.195196 -0.980764 -0
    outer loop
      vertex 228.328 25.591 698
      vertex 227.918 25.6726 694
      vertex 228.328 25.591 694
    endloop
  endfacet
  facet normal 0.980627 -0.195886 0
    outer loop
      vertex 224.327 22.9177 698
      vertex 224.409 23.3282 694
      vertex 224.409 23.3282 698
    endloop
  endfacet
  facet normal 0.980627 -0.195886 0
    outer loop
      vertex 224.409 23.3282 694
      vertex 224.327 22.9177 698
      vertex 224.327 22.9177 694
    endloop
  endfacet
  facet normal -0.32109 -0.947049 0
    outer loop
      vertex 228.328 25.591 694
      vertex 228.725 25.4564 698
      vertex 228.328 25.591 698
    endloop
  endfacet
  facet normal -0.32109 -0.947049 -0
    outer loop
      vertex 228.725 25.4564 698
      vertex 228.328 25.591 694
      vertex 228.725 25.4564 694
    endloop
  endfacet
  facet normal 0.997917 -0.0645051 0
    outer loop
      vertex 224.3 22.5 698
      vertex 224.327 22.9177 694
      vertex 224.327 22.9177 698
    endloop
  endfacet
  facet normal 0.997917 -0.0645051 0
    outer loop
      vertex 224.327 22.9177 694
      vertex 224.3 22.5 698
      vertex 224.3 22.5 694
    endloop
  endfacet
  facet normal -0.980627 0.195886 0
    outer loop
      vertex 230.591 21.6718 694
      vertex 230.673 22.0823 698
      vertex 230.673 22.0823 694
    endloop
  endfacet
  facet normal -0.980627 0.195886 0
    outer loop
      vertex 230.673 22.0823 698
      vertex 230.591 21.6718 694
      vertex 230.591 21.6718 698
    endloop
  endfacet
  facet normal -0.751821 -0.659367 0
    outer loop
      vertex 230.039 24.448 694
      vertex 229.763 24.7627 698
      vertex 229.763 24.7627 694
    endloop
  endfacet
  facet normal -0.751821 -0.659367 0
    outer loop
      vertex 229.763 24.7627 698
      vertex 230.039 24.448 694
      vertex 230.039 24.448 698
    endloop
  endfacet
  facet normal 0.751821 0.659367 0
    outer loop
      vertex 225.237 20.2373 698
      vertex 224.961 20.552 694
      vertex 224.961 20.552 698
    endloop
  endfacet
  facet normal 0.751821 0.659367 0
    outer loop
      vertex 224.961 20.552 694
      vertex 225.237 20.2373 698
      vertex 225.237 20.2373 694
    endloop
  endfacet
  facet normal 0.83205 0.5547 0
    outer loop
      vertex 224.961 20.552 698
      vertex 224.729 20.9 694
      vertex 224.729 20.9 698
    endloop
  endfacet
  facet normal 0.83205 0.5547 0
    outer loop
      vertex 224.729 20.9 694
      vertex 224.961 20.552 698
      vertex 224.961 20.552 694
    endloop
  endfacet
  facet normal 0.442617 -0.896711 0
    outer loop
      vertex 225.9 25.2713 694
      vertex 226.275 25.4564 698
      vertex 225.9 25.2713 698
    endloop
  endfacet
  facet normal 0.442617 -0.896711 0
    outer loop
      vertex 226.275 25.4564 698
      vertex 225.9 25.2713 694
      vertex 226.275 25.4564 694
    endloop
  endfacet
  facet normal -0.980627 -0.195886 0
    outer loop
      vertex 230.673 22.9177 694
      vertex 230.591 23.3282 698
      vertex 230.591 23.3282 694
    endloop
  endfacet
  facet normal -0.980627 -0.195886 0
    outer loop
      vertex 230.591 23.3282 698
      vertex 230.673 22.9177 694
      vertex 230.673 22.9177 698
    endloop
  endfacet
  facet normal -0.896993 -0.442045 0
    outer loop
      vertex 230.456 23.7246 694
      vertex 230.271 24.1 698
      vertex 230.271 24.1 694
    endloop
  endfacet
  facet normal -0.896993 -0.442045 0
    outer loop
      vertex 230.271 24.1 698
      vertex 230.456 23.7246 694
      vertex 230.456 23.7246 698
    endloop
  endfacet
  facet normal -0.94661 -0.322382 0
    outer loop
      vertex 230.591 23.3282 694
      vertex 230.456 23.7246 698
      vertex 230.456 23.7246 694
    endloop
  endfacet
  facet normal -0.94661 -0.322382 0
    outer loop
      vertex 230.456 23.7246 698
      vertex 230.591 23.3282 694
      vertex 230.591 23.3282 698
    endloop
  endfacet
  facet normal -0.0654099 0.997858 0
    outer loop
      vertex 227.918 19.3274 694
      vertex 227.5 19.3 698
      vertex 227.918 19.3274 698
    endloop
  endfacet
  facet normal -0.0654099 0.997858 0
    outer loop
      vertex 227.5 19.3 698
      vertex 227.918 19.3274 694
      vertex 227.5 19.3 694
    endloop
  endfacet
  facet normal -0.83205 -0.5547 0
    outer loop
      vertex 230.271 24.1 694
      vertex 230.039 24.448 698
      vertex 230.039 24.448 694
    endloop
  endfacet
  facet normal -0.83205 -0.5547 0
    outer loop
      vertex 230.039 24.448 698
      vertex 230.271 24.1 694
      vertex 230.271 24.1 698
    endloop
  endfacet
  facet normal -0.751821 0.659367 0
    outer loop
      vertex 229.763 20.2373 694
      vertex 230.039 20.552 698
      vertex 230.039 20.552 694
    endloop
  endfacet
  facet normal -0.751821 0.659367 0
    outer loop
      vertex 230.039 20.552 698
      vertex 229.763 20.2373 694
      vertex 229.763 20.2373 698
    endloop
  endfacet
  facet normal -0.659012 0.752133 0
    outer loop
      vertex 229.763 20.2373 694
      vertex 229.448 19.9613 698
      vertex 229.763 20.2373 698
    endloop
  endfacet
  facet normal -0.659012 0.752133 0
    outer loop
      vertex 229.448 19.9613 698
      vertex 229.763 20.2373 694
      vertex 229.448 19.9613 694
    endloop
  endfacet
  facet normal 0.195196 0.980764 -0
    outer loop
      vertex 227.082 19.3274 694
      vertex 226.672 19.409 698
      vertex 227.082 19.3274 698
    endloop
  endfacet
  facet normal 0.195196 0.980764 0
    outer loop
      vertex 226.672 19.409 698
      vertex 227.082 19.3274 694
      vertex 226.672 19.409 694
    endloop
  endfacet
  facet normal 0.555692 -0.831388 0
    outer loop
      vertex 225.552 25.0387 694
      vertex 225.9 25.2713 698
      vertex 225.552 25.0387 698
    endloop
  endfacet
  facet normal 0.555692 -0.831388 0
    outer loop
      vertex 225.9 25.2713 698
      vertex 225.552 25.0387 694
      vertex 225.9 25.2713 694
    endloop
  endfacet
  facet normal -0.32109 0.947049 0
    outer loop
      vertex 228.725 19.5436 694
      vertex 228.328 19.409 698
      vertex 228.725 19.5436 698
    endloop
  endfacet
  facet normal -0.32109 0.947049 0
    outer loop
      vertex 228.328 19.409 698
      vertex 228.725 19.5436 694
      vertex 228.328 19.409 694
    endloop
  endfacet
  facet normal -0.0654099 -0.997858 0
    outer loop
      vertex 227.5 25.7 694
      vertex 227.918 25.6726 698
      vertex 227.5 25.7 698
    endloop
  endfacet
  facet normal -0.0654099 -0.997858 -0
    outer loop
      vertex 227.918 25.6726 698
      vertex 227.5 25.7 694
      vertex 227.918 25.6726 694
    endloop
  endfacet
  facet normal 0.896993 -0.442045 0
    outer loop
      vertex 224.544 23.7246 698
      vertex 224.729 24.1 694
      vertex 224.729 24.1 698
    endloop
  endfacet
  facet normal 0.896993 -0.442045 0
    outer loop
      vertex 224.729 24.1 694
      vertex 224.544 23.7246 698
      vertex 224.544 23.7246 694
    endloop
  endfacet
  facet normal -0.659012 -0.752133 0
    outer loop
      vertex 229.448 25.0387 694
      vertex 229.763 24.7627 698
      vertex 229.448 25.0387 698
    endloop
  endfacet
  facet normal -0.659012 -0.752133 -0
    outer loop
      vertex 229.763 24.7627 698
      vertex 229.448 25.0387 694
      vertex 229.763 24.7627 694
    endloop
  endfacet
  facet normal 0.659012 -0.752133 0
    outer loop
      vertex 225.237 24.7627 694
      vertex 225.552 25.0387 698
      vertex 225.237 24.7627 698
    endloop
  endfacet
  facet normal 0.659012 -0.752133 0
    outer loop
      vertex 225.552 25.0387 698
      vertex 225.237 24.7627 694
      vertex 225.552 25.0387 694
    endloop
  endfacet
  facet normal 0.83205 -0.5547 0
    outer loop
      vertex 224.729 24.1 698
      vertex 224.961 24.448 694
      vertex 224.961 24.448 698
    endloop
  endfacet
  facet normal 0.83205 -0.5547 0
    outer loop
      vertex 224.961 24.448 694
      vertex 224.729 24.1 698
      vertex 224.729 24.1 694
    endloop
  endfacet
  facet normal -0.442617 -0.896711 0
    outer loop
      vertex 228.725 25.4564 694
      vertex 229.1 25.2713 698
      vertex 228.725 25.4564 698
    endloop
  endfacet
  facet normal -0.442617 -0.896711 -0
    outer loop
      vertex 229.1 25.2713 698
      vertex 228.725 25.4564 694
      vertex 229.1 25.2713 694
    endloop
  endfacet
  facet normal -0.555692 -0.831388 0
    outer loop
      vertex 229.1 25.2713 694
      vertex 229.448 25.0387 698
      vertex 229.1 25.2713 698
    endloop
  endfacet
  facet normal -0.555692 -0.831388 -0
    outer loop
      vertex 229.448 25.0387 698
      vertex 229.1 25.2713 694
      vertex 229.448 25.0387 694
    endloop
  endfacet
  facet normal 0.555692 0.831388 -0
    outer loop
      vertex 225.9 19.7287 694
      vertex 225.552 19.9613 698
      vertex 225.9 19.7287 698
    endloop
  endfacet
  facet normal 0.555692 0.831388 0
    outer loop
      vertex 225.552 19.9613 698
      vertex 225.9 19.7287 694
      vertex 225.552 19.9613 694
    endloop
  endfacet
  facet normal 0.442617 0.896711 -0
    outer loop
      vertex 226.275 19.5436 694
      vertex 225.9 19.7287 698
      vertex 226.275 19.5436 698
    endloop
  endfacet
  facet normal 0.442617 0.896711 0
    outer loop
      vertex 225.9 19.7287 698
      vertex 226.275 19.5436 694
      vertex 225.9 19.7287 694
    endloop
  endfacet
  facet normal 0.980627 0.195886 0
    outer loop
      vertex 224.409 21.6718 698
      vertex 224.327 22.0823 694
      vertex 224.327 22.0823 698
    endloop
  endfacet
  facet normal 0.980627 0.195886 0
    outer loop
      vertex 224.327 22.0823 694
      vertex 224.409 21.6718 698
      vertex 224.409 21.6718 694
    endloop
  endfacet
  facet normal 0.751821 -0.659367 0
    outer loop
      vertex 224.961 24.448 698
      vertex 225.237 24.7627 694
      vertex 225.237 24.7627 698
    endloop
  endfacet
  facet normal 0.751821 -0.659367 0
    outer loop
      vertex 225.237 24.7627 694
      vertex 224.961 24.448 698
      vertex 224.961 24.448 694
    endloop
  endfacet
  facet normal -0.997917 0.0645051 0
    outer loop
      vertex 230.673 22.0823 694
      vertex 230.7 22.5 698
      vertex 230.7 22.5 694
    endloop
  endfacet
  facet normal -0.997917 0.0645051 0
    outer loop
      vertex 230.7 22.5 698
      vertex 230.673 22.0823 694
      vertex 230.673 22.0823 698
    endloop
  endfacet
  facet normal 0.32109 -0.947049 0
    outer loop
      vertex 226.275 25.4564 694
      vertex 226.672 25.591 698
      vertex 226.275 25.4564 698
    endloop
  endfacet
  facet normal 0.32109 -0.947049 0
    outer loop
      vertex 226.672 25.591 698
      vertex 226.275 25.4564 694
      vertex 226.672 25.591 694
    endloop
  endfacet
  facet normal -0.555692 0.831388 0
    outer loop
      vertex 229.448 19.9613 694
      vertex 229.1 19.7287 698
      vertex 229.448 19.9613 698
    endloop
  endfacet
  facet normal -0.555692 0.831388 0
    outer loop
      vertex 229.1 19.7287 698
      vertex 229.448 19.9613 694
      vertex 229.1 19.7287 694
    endloop
  endfacet
  facet normal 0.659012 0.752133 -0
    outer loop
      vertex 225.552 19.9613 694
      vertex 225.237 20.2373 698
      vertex 225.552 19.9613 698
    endloop
  endfacet
  facet normal 0.659012 0.752133 0
    outer loop
      vertex 225.237 20.2373 698
      vertex 225.552 19.9613 694
      vertex 225.237 20.2373 694
    endloop
  endfacet
  facet normal 0.997917 0.0645051 0
    outer loop
      vertex 224.327 22.0823 698
      vertex 224.3 22.5 694
      vertex 224.3 22.5 698
    endloop
  endfacet
  facet normal 0.997917 0.0645051 0
    outer loop
      vertex 224.3 22.5 694
      vertex 224.327 22.0823 698
      vertex 224.327 22.0823 694
    endloop
  endfacet
  facet normal -0.195196 0.980764 0
    outer loop
      vertex 228.328 19.409 694
      vertex 227.918 19.3274 698
      vertex 228.328 19.409 698
    endloop
  endfacet
  facet normal -0.195196 0.980764 0
    outer loop
      vertex 227.918 19.3274 698
      vertex 228.328 19.409 694
      vertex 227.918 19.3274 694
    endloop
  endfacet
  facet normal 0.896993 0.442045 0
    outer loop
      vertex 224.729 20.9 698
      vertex 224.544 21.2754 694
      vertex 224.544 21.2754 698
    endloop
  endfacet
  facet normal 0.896993 0.442045 0
    outer loop
      vertex 224.544 21.2754 694
      vertex 224.729 20.9 698
      vertex 224.729 20.9 694
    endloop
  endfacet
  facet normal 0.94661 -0.322382 0
    outer loop
      vertex 224.409 23.3282 698
      vertex 224.544 23.7246 694
      vertex 224.544 23.7246 698
    endloop
  endfacet
  facet normal 0.94661 -0.322382 0
    outer loop
      vertex 224.544 23.7246 694
      vertex 224.409 23.3282 698
      vertex 224.409 23.3282 694
    endloop
  endfacet
  facet normal 0.0654099 0.997858 -0
    outer loop
      vertex 227.5 19.3 694
      vertex 227.082 19.3274 698
      vertex 227.5 19.3 698
    endloop
  endfacet
  facet normal 0.0654099 0.997858 0
    outer loop
      vertex 227.082 19.3274 698
      vertex 227.5 19.3 694
      vertex 227.082 19.3274 694
    endloop
  endfacet
  facet normal 0.32109 0.947049 -0
    outer loop
      vertex 226.672 19.409 694
      vertex 226.275 19.5436 698
      vertex 226.672 19.409 698
    endloop
  endfacet
  facet normal 0.32109 0.947049 0
    outer loop
      vertex 226.275 19.5436 698
      vertex 226.672 19.409 694
      vertex 226.275 19.5436 694
    endloop
  endfacet
  facet normal 0.94661 0.322382 0
    outer loop
      vertex 224.544 21.2754 698
      vertex 224.409 21.6718 694
      vertex 224.409 21.6718 698
    endloop
  endfacet
  facet normal 0.94661 0.322382 0
    outer loop
      vertex 224.409 21.6718 694
      vertex 224.544 21.2754 698
      vertex 224.544 21.2754 694
    endloop
  endfacet
  facet normal -0.94661 0.322382 0
    outer loop
      vertex 230.456 21.2754 694
      vertex 230.591 21.6718 698
      vertex 230.591 21.6718 694
    endloop
  endfacet
  facet normal -0.94661 0.322382 0
    outer loop
      vertex 230.591 21.6718 698
      vertex 230.456 21.2754 694
      vertex 230.456 21.2754 698
    endloop
  endfacet
  facet normal -0.896993 0.442045 0
    outer loop
      vertex 230.271 20.9 694
      vertex 230.456 21.2754 698
      vertex 230.456 21.2754 694
    endloop
  endfacet
  facet normal -0.896993 0.442045 0
    outer loop
      vertex 230.456 21.2754 698
      vertex 230.271 20.9 694
      vertex 230.271 20.9 698
    endloop
  endfacet
  facet normal -0.83205 0.5547 0
    outer loop
      vertex 230.039 20.552 694
      vertex 230.271 20.9 698
      vertex 230.271 20.9 694
    endloop
  endfacet
  facet normal -0.83205 0.5547 0
    outer loop
      vertex 230.271 20.9 698
      vertex 230.039 20.552 694
      vertex 230.039 20.552 698
    endloop
  endfacet
  facet normal -0.442617 0.896711 0
    outer loop
      vertex 229.1 19.7287 694
      vertex 228.725 19.5436 698
      vertex 229.1 19.7287 698
    endloop
  endfacet
  facet normal -0.442617 0.896711 0
    outer loop
      vertex 228.725 19.5436 698
      vertex 229.1 19.7287 694
      vertex 228.725 19.5436 694
    endloop
  endfacet
  facet normal 0 1 -0
    outer loop
      vertex 250 45 694
      vertex 205 45 698
      vertex 250 45 698
    endloop
  endfacet
  facet normal 0 1 0
    outer loop
      vertex 205 45 698
      vertex 250 45 694
      vertex 205 45 694
    endloop
  endfacet
  facet normal 0 0 1
    outer loop
      vertex 230.673 -22.9177 698
      vertex 250 -10.7937 698
      vertex 230.7 -22.5 698
    endloop
  endfacet
  facet normal 0 0 1
    outer loop
      vertex 250 -10.7937 698
      vertex 230.673 -22.0823 698
      vertex 230.7 -22.5 698
    endloop
  endfacet
  facet normal 0 0 1
    outer loop
      vertex 250 -10.7937 698
      vertex 230.591 -21.6718 698
      vertex 230.673 -22.0823 698
    endloop
  endfacet
  facet normal 0 0 1
    outer loop
      vertex 250 -10.7937 698
      vertex 230.456 -21.2754 698
      vertex 230.591 -21.6718 698
    endloop
  endfacet
  facet normal 0 0 1
    outer loop
      vertex 250 -10.7937 698
      vertex 230.271 -20.9 698
      vertex 230.456 -21.2754 698
    endloop
  endfacet
  facet normal 0 0 1
    outer loop
      vertex 250 -10.7937 698
      vertex 230.039 -20.552 698
      vertex 230.271 -20.9 698
    endloop
  endfacet
  facet normal 0 0 1
    outer loop
      vertex 250 -10.7937 698
      vertex 229.763 -20.2373 698
      vertex 230.039 -20.552 698
    endloop
  endfacet
  facet normal 0 0 1
    outer loop
      vertex 250 -10.7937 698
      vertex 229.448 -19.9613 698
      vertex 229.763 -20.2373 698
    endloop
  endfacet
  facet normal 0 0 1
    outer loop
      vertex 250 -10.7937 698
      vertex 229.1 -19.7287 698
      vertex 229.448 -19.9613 698
    endloop
  endfacet
  facet normal 0 0 1
    outer loop
      vertex 250 -10.7937 698
      vertex 228.725 -19.5436 698
      vertex 229.1 -19.7287 698
    endloop
  endfacet
  facet normal 0 0 1
    outer loop
      vertex 250 -10.7937 698
      vertex 228.328 -19.409 698
      vertex 228.725 -19.5436 698
    endloop
  endfacet
  facet normal 0 0 1
    outer loop
      vertex 250 -10.7937 698
      vertex 227.918 -19.3274 698
      vertex 228.328 -19.409 698
    endloop
  endfacet
  facet normal 0 0 1
    outer loop
      vertex 250 -10.7937 698
      vertex 227.5 -19.3 698
      vertex 227.918 -19.3274 698
    endloop
  endfacet
  facet normal -0 0 1
    outer loop
      vertex 205 -10.7937 698
      vertex 227.5 -19.3 698
      vertex 250 -10.7937 698
    endloop
  endfacet
  facet normal 0 0 1
    outer loop
      vertex 227.5 -19.3 698
      vertex 205 -10.7937 698
      vertex 227.082 -19.3274 698
    endloop
  endfacet
  facet normal 0 0 1
    outer loop
      vertex 227.082 -19.3274 698
      vertex 205 -10.7937 698
      vertex 226.672 -19.409 698
    endloop
  endfacet
  facet normal 0 0 1
    outer loop
      vertex 224.327 -22.0823 698
      vertex 205 -10.7937 698
      vertex 224.3 -22.5 698
    endloop
  endfacet
  facet normal 0 0 1
    outer loop
      vertex 224.409 -21.6718 698
      vertex 205 -10.7937 698
      vertex 224.327 -22.0823 698
    endloop
  endfacet
  facet normal 0 0 1
    outer loop
      vertex 224.544 -21.2754 698
      vertex 205 -10.7937 698
      vertex 224.409 -21.6718 698
    endloop
  endfacet
  facet normal 0 0 1
    outer loop
      vertex 224.729 -20.9 698
      vertex 205 -10.7937 698
      vertex 224.544 -21.2754 698
    endloop
  endfacet
  facet normal 0 0 1
    outer loop
      vertex 224.961 -20.552 698
      vertex 205 -10.7937 698
      vertex 224.729 -20.9 698
    endloop
  endfacet
  facet normal 0 0 1
    outer loop
      vertex 225.237 -20.2373 698
      vertex 205 -10.7937 698
      vertex 224.961 -20.552 698
    endloop
  endfacet
  facet normal 0 0 1
    outer loop
      vertex 225.552 -19.9613 698
      vertex 205 -10.7937 698
      vertex 225.237 -20.2373 698
    endloop
  endfacet
  facet normal 0 0 1
    outer loop
      vertex 225.9 -19.7287 698
      vertex 205 -10.7937 698
      vertex 225.552 -19.9613 698
    endloop
  endfacet
  facet normal 0 0 1
    outer loop
      vertex 226.275 -19.5436 698
      vertex 205 -10.7937 698
      vertex 225.9 -19.7287 698
    endloop
  endfacet
  facet normal 0 0 1
    outer loop
      vertex 226.672 -19.409 698
      vertex 205 -10.7937 698
      vertex 226.275 -19.5436 698
    endloop
  endfacet
  facet normal 0 0 1
    outer loop
      vertex 230.591 -23.3282 698
      vertex 250 -10.7937 698
      vertex 230.673 -22.9177 698
    endloop
  endfacet
  facet normal 0 0 1
    outer loop
      vertex 250 -10.7937 698
      vertex 230.591 -23.3282 698
      vertex 250 -45 698
    endloop
  endfacet
  facet normal -0 0 1
    outer loop
      vertex 230.456 -23.7246 698
      vertex 250 -45 698
      vertex 230.591 -23.3282 698
    endloop
  endfacet
  facet normal -0 0 1
    outer loop
      vertex 230.271 -24.1 698
      vertex 250 -45 698
      vertex 230.456 -23.7246 698
    endloop
  endfacet
  facet normal -0 0 1
    outer loop
      vertex 230.039 -24.448 698
      vertex 250 -45 698
      vertex 230.271 -24.1 698
    endloop
  endfacet
  facet normal -0 0 1
    outer loop
      vertex 229.763 -24.7627 698
      vertex 250 -45 698
      vertex 230.039 -24.448 698
    endloop
  endfacet
  facet normal -0 0 1
    outer loop
      vertex 229.448 -25.0387 698
      vertex 250 -45 698
      vertex 229.763 -24.7627 698
    endloop
  endfacet
  facet normal -0 0 1
    outer loop
      vertex 229.1 -25.2713 698
      vertex 250 -45 698
      vertex 229.448 -25.0387 698
    endloop
  endfacet
  facet normal -0 0 1
    outer loop
      vertex 228.725 -25.4564 698
      vertex 250 -45 698
      vertex 229.1 -25.2713 698
    endloop
  endfacet
  facet normal -0 0 1
    outer loop
      vertex 228.328 -25.591 698
      vertex 250 -45 698
      vertex 228.725 -25.4564 698
    endloop
  endfacet
  facet normal -0 0 1
    outer loop
      vertex 227.918 -25.6726 698
      vertex 250 -45 698
      vertex 228.328 -25.591 698
    endloop
  endfacet
  facet normal -0 0 1
    outer loop
      vertex 227.5 -25.7 698
      vertex 250 -45 698
      vertex 227.918 -25.6726 698
    endloop
  endfacet
  facet normal 0 0 1
    outer loop
      vertex 205 -45 698
      vertex 227.5 -25.7 698
      vertex 227.082 -25.6726 698
    endloop
  endfacet
  facet normal 0 0 1
    outer loop
      vertex 205 -45 698
      vertex 227.082 -25.6726 698
      vertex 226.672 -25.591 698
    endloop
  endfacet
  facet normal 0 0 1
    outer loop
      vertex 205 -45 698
      vertex 226.672 -25.591 698
      vertex 226.275 -25.4564 698
    endloop
  endfacet
  facet normal 0 0 1
    outer loop
      vertex 205 -45 698
      vertex 226.275 -25.4564 698
      vertex 225.9 -25.2713 698
    endloop
  endfacet
  facet normal 0 0 1
    outer loop
      vertex 205 -45 698
      vertex 225.9 -25.2713 698
      vertex 225.552 -25.0387 698
    endloop
  endfacet
  facet normal 0 0 1
    outer loop
      vertex 205 -10.7937 698
      vertex 224.327 -22.9177 698
      vertex 224.3 -22.5 698
    endloop
  endfacet
  facet normal 0 0 1
    outer loop
      vertex 205 -10.7937 698
      vertex 224.409 -23.3282 698
      vertex 224.327 -22.9177 698
    endloop
  endfacet
  facet normal 0 0 1
    outer loop
      vertex 205 -45 698
      vertex 224.409 -23.3282 698
      vertex 205 -10.7937 698
    endloop
  endfacet
  facet normal 0 0 1
    outer loop
      vertex 224.409 -23.3282 698
      vertex 205 -45 698
      vertex 224.544 -23.7246 698
    endloop
  endfacet
  facet normal 0 0 1
    outer loop
      vertex 224.544 -23.7246 698
      vertex 205 -45 698
      vertex 224.729 -24.1 698
    endloop
  endfacet
  facet normal 0 0 1
    outer loop
      vertex 224.729 -24.1 698
      vertex 205 -45 698
      vertex 224.961 -24.448 698
    endloop
  endfacet
  facet normal 0 0 1
    outer loop
      vertex 224.961 -24.448 698
      vertex 205 -45 698
      vertex 225.237 -24.7627 698
    endloop
  endfacet
  facet normal 0 0 1
    outer loop
      vertex 225.237 -24.7627 698
      vertex 205 -45 698
      vertex 225.552 -25.0387 698
    endloop
  endfacet
  facet normal 0 0 1
    outer loop
      vertex 227.5 -25.7 698
      vertex 205 -45 698
      vertex 250 -45 698
    endloop
  endfacet
  facet normal -0 0 1
    outer loop
      vertex 230.591 23.3282 698
      vertex 250 10.7937 698
      vertex 250 45 698
    endloop
  endfacet
  facet normal 0 0 1
    outer loop
      vertex 250 10.7937 698
      vertex 230.673 22.9177 698
      vertex 230.7 22.5 698
    endloop
  endfacet
  facet normal 0 0 1
    outer loop
      vertex 250 10.7937 698
      vertex 230.591 23.3282 698
      vertex 230.673 22.9177 698
    endloop
  endfacet
  facet normal 0 0 1
    outer loop
      vertex 250 45 698
      vertex 230.456 23.7246 698
      vertex 230.591 23.3282 698
    endloop
  endfacet
  facet normal 0 0 1
    outer loop
      vertex 250 45 698
      vertex 230.271 24.1 698
      vertex 230.456 23.7246 698
    endloop
  endfacet
  facet normal 0 0 1
    outer loop
      vertex 250 45 698
      vertex 230.039 24.448 698
      vertex 230.271 24.1 698
    endloop
  endfacet
  facet normal 0 0 1
    outer loop
      vertex 250 45 698
      vertex 229.763 24.7627 698
      vertex 230.039 24.448 698
    endloop
  endfacet
  facet normal 0 0 1
    outer loop
      vertex 250 45 698
      vertex 229.448 25.0387 698
      vertex 229.763 24.7627 698
    endloop
  endfacet
  facet normal 0 0 1
    outer loop
      vertex 250 45 698
      vertex 229.1 25.2713 698
      vertex 229.448 25.0387 698
    endloop
  endfacet
  facet normal 0 0 1
    outer loop
      vertex 250 45 698
      vertex 228.725 25.4564 698
      vertex 229.1 25.2713 698
    endloop
  endfacet
  facet normal 0 0 1
    outer loop
      vertex 250 45 698
      vertex 228.328 25.591 698
      vertex 228.725 25.4564 698
    endloop
  endfacet
  facet normal 0 0 1
    outer loop
      vertex 250 45 698
      vertex 227.918 25.6726 698
      vertex 228.328 25.591 698
    endloop
  endfacet
  facet normal 0 0 1
    outer loop
      vertex 250 45 698
      vertex 227.5 25.7 698
      vertex 227.918 25.6726 698
    endloop
  endfacet
  facet normal -0 0 1
    outer loop
      vertex 205 45 698
      vertex 227.5 25.7 698
      vertex 250 45 698
    endloop
  endfacet
  facet normal 0 0 1
    outer loop
      vertex 227.5 25.7 698
      vertex 205 45 698
      vertex 227.082 25.6726 698
    endloop
  endfacet
  facet normal 0 0 1
    outer loop
      vertex 227.082 25.6726 698
      vertex 205 45 698
      vertex 226.672 25.591 698
    endloop
  endfacet
  facet normal 0 0 1
    outer loop
      vertex 226.672 25.591 698
      vertex 205 45 698
      vertex 226.275 25.4564 698
    endloop
  endfacet
  facet normal 0 0 1
    outer loop
      vertex 226.275 25.4564 698
      vertex 205 45 698
      vertex 225.9 25.2713 698
    endloop
  endfacet
  facet normal 0 0 1
    outer loop
      vertex 224.409 23.3282 698
      vertex 205 10.7937 698
      vertex 224.327 22.9177 698
    endloop
  endfacet
  facet normal 0 0 1
    outer loop
      vertex 205 10.7937 698
      vertex 224.409 23.3282 698
      vertex 205 45 698
    endloop
  endfacet
  facet normal 0 0 1
    outer loop
      vertex 224.544 23.7246 698
      vertex 205 45 698
      vertex 224.409 23.3282 698
    endloop
  endfacet
  facet normal 0 0 1
    outer loop
      vertex 224.729 24.1 698
      vertex 205 45 698
      vertex 224.544 23.7246 698
    endloop
  endfacet
  facet normal 0 0 1
    outer loop
      vertex 224.961 24.448 698
      vertex 205 45 698
      vertex 224.729 24.1 698
    endloop
  endfacet
  facet normal 0 0 1
    outer loop
      vertex 225.237 24.7627 698
      vertex 205 45 698
      vertex 224.961 24.448 698
    endloop
  endfacet
  facet normal 0 0 1
    outer loop
      vertex 225.552 25.0387 698
      vertex 205 45 698
      vertex 225.237 24.7627 698
    endloop
  endfacet
  facet normal 0 0 1
    outer loop
      vertex 225.9 25.2713 698
      vertex 205 45 698
      vertex 225.552 25.0387 698
    endloop
  endfacet
  facet normal -0 0 1
    outer loop
      vertex 230.673 22.0823 698
      vertex 250 10.7937 698
      vertex 230.7 22.5 698
    endloop
  endfacet
  facet normal -0 0 1
    outer loop
      vertex 230.591 21.6718 698
      vertex 250 10.7937 698
      vertex 230.673 22.0823 698
    endloop
  endfacet
  facet normal -0 0 1
    outer loop
      vertex 230.456 21.2754 698
      vertex 250 10.7937 698
      vertex 230.591 21.6718 698
    endloop
  endfacet
  facet normal -0 0 1
    outer loop
      vertex 230.271 20.9 698
      vertex 250 10.7937 698
      vertex 230.456 21.2754 698
    endloop
  endfacet
  facet normal -0 0 1
    outer loop
      vertex 230.039 20.552 698
      vertex 250 10.7937 698
      vertex 230.271 20.9 698
    endloop
  endfacet
  facet normal -0 0 1
    outer loop
      vertex 229.763 20.2373 698
      vertex 250 10.7937 698
      vertex 230.039 20.552 698
    endloop
  endfacet
  facet normal -0 0 1
    outer loop
      vertex 229.448 19.9613 698
      vertex 250 10.7937 698
      vertex 229.763 20.2373 698
    endloop
  endfacet
  facet normal -0 0 1
    outer loop
      vertex 229.1 19.7287 698
      vertex 250 10.7937 698
      vertex 229.448 19.9613 698
    endloop
  endfacet
  facet normal -0 0 1
    outer loop
      vertex 228.725 19.5436 698
      vertex 250 10.7937 698
      vertex 229.1 19.7287 698
    endloop
  endfacet
  facet normal -0 0 1
    outer loop
      vertex 228.328 19.409 698
      vertex 250 10.7937 698
      vertex 228.725 19.5436 698
    endloop
  endfacet
  facet normal -0 0 1
    outer loop
      vertex 227.918 19.3274 698
      vertex 250 10.7937 698
      vertex 228.328 19.409 698
    endloop
  endfacet
  facet normal -0 0 1
    outer loop
      vertex 227.5 19.3 698
      vertex 250 10.7937 698
      vertex 227.918 19.3274 698
    endloop
  endfacet
  facet normal 0 0 1
    outer loop
      vertex 205 10.7937 698
      vertex 227.5 19.3 698
      vertex 227.082 19.3274 698
    endloop
  endfacet
  facet normal 0 0 1
    outer loop
      vertex 205 10.7937 698
      vertex 227.082 19.3274 698
      vertex 226.672 19.409 698
    endloop
  endfacet
  facet normal 0 0 1
    outer loop
      vertex 205 10.7937 698
      vertex 226.672 19.409 698
      vertex 226.275 19.5436 698
    endloop
  endfacet
  facet normal 0 0 1
    outer loop
      vertex 224.327 22.9177 698
      vertex 205 10.7937 698
      vertex 224.3 22.5 698
    endloop
  endfacet
  facet normal 0 0 1
    outer loop
      vertex 224.3 22.5 698
      vertex 205 10.7937 698
      vertex 224.327 22.0823 698
    endloop
  endfacet
  facet normal 0 0 1
    outer loop
      vertex 224.327 22.0823 698
      vertex 205 10.7937 698
      vertex 224.409 21.6718 698
    endloop
  endfacet
  facet normal 0 0 1
    outer loop
      vertex 224.409 21.6718 698
      vertex 205 10.7937 698
      vertex 224.544 21.2754 698
    endloop
  endfacet
  facet normal 0 0 1
    outer loop
      vertex 224.544 21.2754 698
      vertex 205 10.7937 698
      vertex 224.729 20.9 698
    endloop
  endfacet
  facet normal 0 0 1
    outer loop
      vertex 227.5 19.3 698
      vertex 205 10.7937 698
      vertex 250 10.7937 698
    endloop
  endfacet
  facet normal 0 0 1
    outer loop
      vertex 225.9 19.7287 698
      vertex 205 10.7937 698
      vertex 226.275 19.5436 698
    endloop
  endfacet
  facet normal 0 0 1
    outer loop
      vertex 225.552 19.9613 698
      vertex 205 10.7937 698
      vertex 225.9 19.7287 698
    endloop
  endfacet
  facet normal 0 0 1
    outer loop
      vertex 225.237 20.2373 698
      vertex 205 10.7937 698
      vertex 225.552 19.9613 698
    endloop
  endfacet
  facet normal 0 0 1
    outer loop
      vertex 224.961 20.552 698
      vertex 205 10.7937 698
      vertex 225.237 20.2373 698
    endloop
  endfacet
  facet normal 0 0 1
    outer loop
      vertex 224.729 20.9 698
      vertex 205 10.7937 698
      vertex 224.961 20.552 698
    endloop
  endfacet
  facet normal 0 0 -1
    outer loop
      vertex 230.673 22.9177 694
      vertex 250 9.19219 694
      vertex 230.7 22.5 694
    endloop
  endfacet
  facet normal 0 0 -1
    outer loop
      vertex 250 9.19219 694
      vertex 230.673 22.0823 694
      vertex 230.7 22.5 694
    endloop
  endfacet
  facet normal 0 0 -1
    outer loop
      vertex 250 9.19219 694
      vertex 230.591 21.6718 694
      vertex 230.673 22.0823 694
    endloop
  endfacet
  facet normal 0 0 -1
    outer loop
      vertex 250 9.19219 694
      vertex 230.456 21.2754 694
      vertex 230.591 21.6718 694
    endloop
  endfacet
  facet normal 0 0 -1
    outer loop
      vertex 250 9.19219 694
      vertex 230.271 20.9 694
      vertex 230.456 21.2754 694
    endloop
  endfacet
  facet normal 0 0 -1
    outer loop
      vertex 250 9.19219 694
      vertex 230.039 20.552 694
      vertex 230.271 20.9 694
    endloop
  endfacet
  facet normal 0 0 -1
    outer loop
      vertex 250 9.19219 694
      vertex 229.763 20.2373 694
      vertex 230.039 20.552 694
    endloop
  endfacet
  facet normal 0 0 -1
    outer loop
      vertex 250 9.19219 694
      vertex 229.448 19.9613 694
      vertex 229.763 20.2373 694
    endloop
  endfacet
  facet normal 0 0 -1
    outer loop
      vertex 250 9.19219 694
      vertex 229.1 19.7287 694
      vertex 229.448 19.9613 694
    endloop
  endfacet
  facet normal 0 0 -1
    outer loop
      vertex 250 9.19219 694
      vertex 228.725 19.5436 694
      vertex 229.1 19.7287 694
    endloop
  endfacet
  facet normal 0 0 -1
    outer loop
      vertex 250 9.19219 694
      vertex 228.328 19.409 694
      vertex 228.725 19.5436 694
    endloop
  endfacet
  facet normal 0 0 -1
    outer loop
      vertex 250 9.19219 694
      vertex 227.918 19.3274 694
      vertex 228.328 19.409 694
    endloop
  endfacet
  facet normal 0 0 -1
    outer loop
      vertex 250 9.19219 694
      vertex 227.5 19.3 694
      vertex 227.918 19.3274 694
    endloop
  endfacet
  facet normal 0 0 -1
    outer loop
      vertex 205 9.19219 694
      vertex 227.5 19.3 694
      vertex 250 9.19219 694
    endloop
  endfacet
  facet normal -0 0 -1
    outer loop
      vertex 227.5 19.3 694
      vertex 205 9.19219 694
      vertex 227.082 19.3274 694
    endloop
  endfacet
  facet normal -0 0 -1
    outer loop
      vertex 227.082 19.3274 694
      vertex 205 9.19219 694
      vertex 226.672 19.409 694
    endloop
  endfacet
  facet normal -0 0 -1
    outer loop
      vertex 224.327 22.0823 694
      vertex 205 9.19219 694
      vertex 224.3 22.5 694
    endloop
  endfacet
  facet normal -0 0 -1
    outer loop
      vertex 224.409 21.6718 694
      vertex 205 9.19219 694
      vertex 224.327 22.0823 694
    endloop
  endfacet
  facet normal -0 0 -1
    outer loop
      vertex 224.544 21.2754 694
      vertex 205 9.19219 694
      vertex 224.409 21.6718 694
    endloop
  endfacet
  facet normal -0 0 -1
    outer loop
      vertex 224.729 20.9 694
      vertex 205 9.19219 694
      vertex 224.544 21.2754 694
    endloop
  endfacet
  facet normal -0 0 -1
    outer loop
      vertex 224.961 20.552 694
      vertex 205 9.19219 694
      vertex 224.729 20.9 694
    endloop
  endfacet
  facet normal -0 0 -1
    outer loop
      vertex 225.237 20.2373 694
      vertex 205 9.19219 694
      vertex 224.961 20.552 694
    endloop
  endfacet
  facet normal -0 0 -1
    outer loop
      vertex 225.552 19.9613 694
      vertex 205 9.19219 694
      vertex 225.237 20.2373 694
    endloop
  endfacet
  facet normal -0 0 -1
    outer loop
      vertex 225.9 19.7287 694
      vertex 205 9.19219 694
      vertex 225.552 19.9613 694
    endloop
  endfacet
  facet normal -0 0 -1
    outer loop
      vertex 226.275 19.5436 694
      vertex 205 9.19219 694
      vertex 225.9 19.7287 694
    endloop
  endfacet
  facet normal -0 0 -1
    outer loop
      vertex 226.672 19.409 694
      vertex 205 9.19219 694
      vertex 226.275 19.5436 694
    endloop
  endfacet
  facet normal 0 0 -1
    outer loop
      vertex 230.591 23.3282 694
      vertex 250 9.19219 694
      vertex 230.673 22.9177 694
    endloop
  endfacet
  facet normal 0 0 -1
    outer loop
      vertex 250 9.19219 694
      vertex 230.591 23.3282 694
      vertex 250 45 694
    endloop
  endfacet
  facet normal 0 0 -1
    outer loop
      vertex 230.456 23.7246 694
      vertex 250 45 694
      vertex 230.591 23.3282 694
    endloop
  endfacet
  facet normal 0 0 -1
    outer loop
      vertex 230.271 24.1 694
      vertex 250 45 694
      vertex 230.456 23.7246 694
    endloop
  endfacet
  facet normal 0 0 -1
    outer loop
      vertex 230.039 24.448 694
      vertex 250 45 694
      vertex 230.271 24.1 694
    endloop
  endfacet
  facet normal 0 0 -1
    outer loop
      vertex 229.763 24.7627 694
      vertex 250 45 694
      vertex 230.039 24.448 694
    endloop
  endfacet
  facet normal 0 0 -1
    outer loop
      vertex 229.448 25.0387 694
      vertex 250 45 694
      vertex 229.763 24.7627 694
    endloop
  endfacet
  facet normal 0 0 -1
    outer loop
      vertex 229.1 25.2713 694
      vertex 250 45 694
      vertex 229.448 25.0387 694
    endloop
  endfacet
  facet normal 0 0 -1
    outer loop
      vertex 228.725 25.4564 694
      vertex 250 45 694
      vertex 229.1 25.2713 694
    endloop
  endfacet
  facet normal 0 0 -1
    outer loop
      vertex 228.328 25.591 694
      vertex 250 45 694
      vertex 228.725 25.4564 694
    endloop
  endfacet
  facet normal 0 0 -1
    outer loop
      vertex 227.918 25.6726 694
      vertex 250 45 694
      vertex 228.328 25.591 694
    endloop
  endfacet
  facet normal 0 0 -1
    outer loop
      vertex 227.5 25.7 694
      vertex 250 45 694
      vertex 227.918 25.6726 694
    endloop
  endfacet
  facet normal 0 0 -1
    outer loop
      vertex 205 45 694
      vertex 227.5 25.7 694
      vertex 227.082 25.6726 694
    endloop
  endfacet
  facet normal 0 0 -1
    outer loop
      vertex 205 45 694
      vertex 227.082 25.6726 694
      vertex 226.672 25.591 694
    endloop
  endfacet
  facet normal 0 0 -1
    outer loop
      vertex 205 45 694
      vertex 226.672 25.591 694
      vertex 226.275 25.4564 694
    endloop
  endfacet
  facet normal 0 0 -1
    outer loop
      vertex 205 45 694
      vertex 226.275 25.4564 694
      vertex 225.9 25.2713 694
    endloop
  endfacet
  facet normal 0 0 -1
    outer loop
      vertex 205 45 694
      vertex 225.9 25.2713 694
      vertex 225.552 25.0387 694
    endloop
  endfacet
  facet normal 0 0 -1
    outer loop
      vertex 205 9.19219 694
      vertex 224.327 22.9177 694
      vertex 224.3 22.5 694
    endloop
  endfacet
  facet normal 0 0 -1
    outer loop
      vertex 205 9.19219 694
      vertex 224.409 23.3282 694
      vertex 224.327 22.9177 694
    endloop
  endfacet
  facet normal 0 0 -1
    outer loop
      vertex 205 45 694
      vertex 224.409 23.3282 694
      vertex 205 9.19219 694
    endloop
  endfacet
  facet normal 0 0 -1
    outer loop
      vertex 224.409 23.3282 694
      vertex 205 45 694
      vertex 224.544 23.7246 694
    endloop
  endfacet
  facet normal 0 0 -1
    outer loop
      vertex 224.544 23.7246 694
      vertex 205 45 694
      vertex 224.729 24.1 694
    endloop
  endfacet
  facet normal 0 0 -1
    outer loop
      vertex 224.729 24.1 694
      vertex 205 45 694
      vertex 224.961 24.448 694
    endloop
  endfacet
  facet normal 0 0 -1
    outer loop
      vertex 224.961 24.448 694
      vertex 205 45 694
      vertex 225.237 24.7627 694
    endloop
  endfacet
  facet normal 0 0 -1
    outer loop
      vertex 225.237 24.7627 694
      vertex 205 45 694
      vertex 225.552 25.0387 694
    endloop
  endfacet
  facet normal 0 0 -1
    outer loop
      vertex 227.5 25.7 694
      vertex 205 45 694
      vertex 250 45 694
    endloop
  endfacet
  facet normal 0 0 -1
    outer loop
      vertex 230.591 -23.3282 694
      vertex 250 -9.19219 694
      vertex 250 -45 694
    endloop
  endfacet
  facet normal 0 0 -1
    outer loop
      vertex 250 -9.19219 694
      vertex 230.673 -22.9177 694
      vertex 230.7 -22.5 694
    endloop
  endfacet
  facet normal 0 0 -1
    outer loop
      vertex 250 -9.19219 694
      vertex 230.591 -23.3282 694
      vertex 230.673 -22.9177 694
    endloop
  endfacet
  facet normal 0 0 -1
    outer loop
      vertex 250 -45 694
      vertex 230.456 -23.7246 694
      vertex 230.591 -23.3282 694
    endloop
  endfacet
  facet normal 0 0 -1
    outer loop
      vertex 250 -45 694
      vertex 230.271 -24.1 694
      vertex 230.456 -23.7246 694
    endloop
  endfacet
  facet normal 0 0 -1
    outer loop
      vertex 250 -45 694
      vertex 230.039 -24.448 694
      vertex 230.271 -24.1 694
    endloop
  endfacet
  facet normal 0 0 -1
    outer loop
      vertex 250 -45 694
      vertex 229.763 -24.7627 694
      vertex 230.039 -24.448 694
    endloop
  endfacet
  facet normal 0 0 -1
    outer loop
      vertex 250 -45 694
      vertex 229.448 -25.0387 694
      vertex 229.763 -24.7627 694
    endloop
  endfacet
  facet normal 0 0 -1
    outer loop
      vertex 250 -45 694
      vertex 229.1 -25.2713 694
      vertex 229.448 -25.0387 694
    endloop
  endfacet
  facet normal 0 0 -1
    outer loop
      vertex 250 -45 694
      vertex 228.725 -25.4564 694
      vertex 229.1 -25.2713 694
    endloop
  endfacet
  facet normal 0 0 -1
    outer loop
      vertex 250 -45 694
      vertex 228.328 -25.591 694
      vertex 228.725 -25.4564 694
    endloop
  endfacet
  facet normal 0 0 -1
    outer loop
      vertex 250 -45 694
      vertex 227.918 -25.6726 694
      vertex 228.328 -25.591 694
    endloop
  endfacet
  facet normal 0 0 -1
    outer loop
      vertex 250 -45 694
      vertex 227.5 -25.7 694
      vertex 227.918 -25.6726 694
    endloop
  endfacet
  facet normal 0 0 -1
    outer loop
      vertex 205 -45 694
      vertex 227.5 -25.7 694
      vertex 250 -45 694
    endloop
  endfacet
  facet normal -0 0 -1
    outer loop
      vertex 227.5 -25.7 694
      vertex 205 -45 694
      vertex 227.082 -25.6726 694
    endloop
  endfacet
  facet normal -0 0 -1
    outer loop
      vertex 227.082 -25.6726 694
      vertex 205 -45 694
      vertex 226.672 -25.591 694
    endloop
  endfacet
  facet normal -0 0 -1
    outer loop
      vertex 226.672 -25.591 694
      vertex 205 -45 694
      vertex 226.275 -25.4564 694
    endloop
  endfacet
  facet normal -0 0 -1
    outer loop
      vertex 226.275 -25.4564 694
      vertex 205 -45 694
      vertex 225.9 -25.2713 694
    endloop
  endfacet
  facet normal 0 0 -1
    outer loop
      vertex 224.409 -23.3282 694
      vertex 205 -9.19219 694
      vertex 224.327 -22.9177 694
    endloop
  endfacet
  facet normal 0 0 -1
    outer loop
      vertex 205 -9.19219 694
      vertex 224.409 -23.3282 694
      vertex 205 -45 694
    endloop
  endfacet
  facet normal -0 0 -1
    outer loop
      vertex 224.544 -23.7246 694
      vertex 205 -45 694
      vertex 224.409 -23.3282 694
    endloop
  endfacet
  facet normal -0 0 -1
    outer loop
      vertex 224.729 -24.1 694
      vertex 205 -45 694
      vertex 224.544 -23.7246 694
    endloop
  endfacet
  facet normal -0 0 -1
    outer loop
      vertex 224.961 -24.448 694
      vertex 205 -45 694
      vertex 224.729 -24.1 694
    endloop
  endfacet
  facet normal -0 0 -1
    outer loop
      vertex 225.237 -24.7627 694
      vertex 205 -45 694
      vertex 224.961 -24.448 694
    endloop
  endfacet
  facet normal -0 0 -1
    outer loop
      vertex 225.552 -25.0387 694
      vertex 205 -45 694
      vertex 225.237 -24.7627 694
    endloop
  endfacet
  facet normal -0 0 -1
    outer loop
      vertex 225.9 -25.2713 694
      vertex 205 -45 694
      vertex 225.552 -25.0387 694
    endloop
  endfacet
  facet normal 0 0 -1
    outer loop
      vertex 230.673 -22.0823 694
      vertex 250 -9.19219 694
      vertex 230.7 -22.5 694
    endloop
  endfacet
  facet normal 0 0 -1
    outer loop
      vertex 230.591 -21.6718 694
      vertex 250 -9.19219 694
      vertex 230.673 -22.0823 694
    endloop
  endfacet
  facet normal 0 0 -1
    outer loop
      vertex 230.456 -21.2754 694
      vertex 250 -9.19219 694
      vertex 230.591 -21.6718 694
    endloop
  endfacet
  facet normal 0 0 -1
    outer loop
      vertex 230.271 -20.9 694
      vertex 250 -9.19219 694
      vertex 230.456 -21.2754 694
    endloop
  endfacet
  facet normal 0 0 -1
    outer loop
      vertex 230.039 -20.552 694
      vertex 250 -9.19219 694
      vertex 230.271 -20.9 694
    endloop
  endfacet
  facet normal 0 0 -1
    outer loop
      vertex 229.763 -20.2373 694
      vertex 250 -9.19219 694
      vertex 230.039 -20.552 694
    endloop
  endfacet
  facet normal 0 0 -1
    outer loop
      vertex 229.448 -19.9613 694
      vertex 250 -9.19219 694
      vertex 229.763 -20.2373 694
    endloop
  endfacet
  facet normal 0 0 -1
    outer loop
      vertex 229.1 -19.7287 694
      vertex 250 -9.19219 694
      vertex 229.448 -19.9613 694
    endloop
  endfacet
  facet normal 0 0 -1
    outer loop
      vertex 228.725 -19.5436 694
      vertex 250 -9.19219 694
      vertex 229.1 -19.7287 694
    endloop
  endfacet
  facet normal 0 0 -1
    outer loop
      vertex 228.328 -19.409 694
      vertex 250 -9.19219 694
      vertex 228.725 -19.5436 694
    endloop
  endfacet
  facet normal 0 0 -1
    outer loop
      vertex 227.918 -19.3274 694
      vertex 250 -9.19219 694
      vertex 228.328 -19.409 694
    endloop
  endfacet
  facet normal 0 0 -1
    outer loop
      vertex 227.5 -19.3 694
      vertex 250 -9.19219 694
      vertex 227.918 -19.3274 694
    endloop
  endfacet
  facet normal 0 0 -1
    outer loop
      vertex 205 -9.19219 694
      vertex 227.5 -19.3 694
      vertex 227.082 -19.3274 694
    endloop
  endfacet
  facet normal 0 0 -1
    outer loop
      vertex 205 -9.19219 694
      vertex 227.082 -19.3274 694
      vertex 226.672 -19.409 694
    endloop
  endfacet
  facet normal 0 0 -1
    outer loop
      vertex 205 -9.19219 694
      vertex 226.672 -19.409 694
      vertex 226.275 -19.5436 694
    endloop
  endfacet
  facet normal 0 0 -1
    outer loop
      vertex 224.327 -22.9177 694
      vertex 205 -9.19219 694
      vertex 224.3 -22.5 694
    endloop
  endfacet
  facet normal 0 0 -1
    outer loop
      vertex 224.3 -22.5 694
      vertex 205 -9.19219 694
      vertex 224.327 -22.0823 694
    endloop
  endfacet
  facet normal 0 0 -1
    outer loop
      vertex 224.327 -22.0823 694
      vertex 205 -9.19219 694
      vertex 224.409 -21.6718 694
    endloop
  endfacet
  facet normal 0 0 -1
    outer loop
      vertex 224.409 -21.6718 694
      vertex 205 -9.19219 694
      vertex 224.544 -21.2754 694
    endloop
  endfacet
  facet normal 0 0 -1
    outer loop
      vertex 224.544 -21.2754 694
      vertex 205 -9.19219 694
      vertex 224.729 -20.9 694
    endloop
  endfacet
  facet normal 0 0 -1
    outer loop
      vertex 227.5 -19.3 694
      vertex 205 -9.19219 694
      vertex 250 -9.19219 694
    endloop
  endfacet
  facet normal 0 0 -1
    outer loop
      vertex 225.9 -19.7287 694
      vertex 205 -9.19219 694
      vertex 226.275 -19.5436 694
    endloop
  endfacet
  facet normal 0 0 -1
    outer loop
      vertex 225.552 -19.9613 694
      vertex 205 -9.19219 694
      vertex 225.9 -19.7287 694
    endloop
  endfacet
  facet normal 0 0 -1
    outer loop
      vertex 225.237 -20.2373 694
      vertex 205 -9.19219 694
      vertex 225.552 -19.9613 694
    endloop
  endfacet
  facet normal 0 0 -1
    outer loop
      vertex 224.961 -20.552 694
      vertex 205 -9.19219 694
      vertex 225.237 -20.2373 694
    endloop
  endfacet
  facet normal 0 0 -1
    outer loop
      vertex 224.729 -20.9 694
      vertex 205 -9.19219 694
      vertex 224.961 -20.552 694
    endloop
  endfacet
  facet normal 0 -1 0
    outer loop
      vertex 205 -45 694
      vertex 250 -45 698
      vertex 205 -45 698
    endloop
  endfacet
  facet normal 0 -1 -0
    outer loop
      vertex 250 -45 698
      vertex 205 -45 694
      vertex 250 -45 694
    endloop
  endfacet
  facet normal -1 0 0
    outer loop
      vertex 205 -45 694
      vertex 205 -9.52628 694.5
      vertex 205 -9.19219 694
    endloop
  endfacet
  facet normal -1 0 0
    outer loop
      vertex 205 -45 694
      vertex 205 -10.1627 695.79
      vertex 205 -9.52628 694.5
    endloop
  endfacet
  facet normal -1 0 0
    outer loop
      vertex 205 -45 694
      vertex 205 -10.6252 697.153
      vertex 205 -10.1627 695.79
    endloop
  endfacet
  facet normal -1 0 0
    outer loop
      vertex 205 -45 694
      vertex 205 -10.7937 698
      vertex 205 -10.6252 697.153
    endloop
  endfacet
  facet normal -1 -0 0
    outer loop
      vertex 205 -10.7937 698
      vertex 205 -45 694
      vertex 205 -45 698
    endloop
  endfacet
  facet normal -1 0 0
    outer loop
      vertex 205 45 694
      vertex 205 10.7937 698
      vertex 205 45 698
    endloop
  endfacet
  facet normal -1 0 0
    outer loop
      vertex 205 45 694
      vertex 205 10.6252 697.153
      vertex 205 10.7937 698
    endloop
  endfacet
  facet normal -1 0 0
    outer loop
      vertex 205 45 694
      vertex 205 10.1627 695.79
      vertex 205 10.6252 697.153
    endloop
  endfacet
  facet normal -1 0 0
    outer loop
      vertex 205 45 694
      vertex 205 9.52628 694.5
      vertex 205 10.1627 695.79
    endloop
  endfacet
  facet normal -1 0 -0
    outer loop
      vertex 205 9.52628 694.5
      vertex 205 45 694
      vertex 205 9.19219 694
    endloop
  endfacet
  facet normal 1 0 0
    outer loop
      vertex 250 10.7937 698
      vertex 250 11 700
      vertex 250 10.9059 701.436
    endloop
  endfacet
  facet normal 1 0 0
    outer loop
      vertex 250 11 700
      vertex 250 10.7937 698
      vertex 250 10.9059 698.564
    endloop
  endfacet
  facet normal 1 0 -0
    outer loop
      vertex 250 10.7937 698
      vertex 250 10.9059 701.436
      vertex 250 10.6252 702.847
    endloop
  endfacet
  facet normal 1 -0 0
    outer loop
      vertex 250 10.7937 698
      vertex 250 45 694
      vertex 250 45 698
    endloop
  endfacet
  facet normal 1 0 0
    outer loop
      vertex 250 10.1627 704.21
      vertex 250 10.7937 698
      vertex 250 10.6252 702.847
    endloop
  endfacet
  facet normal 1 0 0
    outer loop
      vertex 250 9.52628 705.5
      vertex 250 10.7937 698
      vertex 250 10.1627 704.21
    endloop
  endfacet
  facet normal 1 0 0
    outer loop
      vertex 250 10.7937 698
      vertex 250 9.19219 694
      vertex 250 45 694
    endloop
  endfacet
  facet normal 1 0 0
    outer loop
      vertex 250 9.52628 705.5
      vertex 250 9.19219 694
      vertex 250 10.7937 698
    endloop
  endfacet
  facet normal 1 0 0
    outer loop
      vertex 250 8.72689 706.696
      vertex 250 9.19219 694
      vertex 250 9.52628 705.5
    endloop
  endfacet
  facet normal 1 0 0
    outer loop
      vertex 250 7.77817 707.778
      vertex 250 9.19219 694
      vertex 250 8.72689 706.696
    endloop
  endfacet
  facet normal 1 0 0
    outer loop
      vertex 250 6.69637 708.727
      vertex 250 9.19219 694
      vertex 250 7.77817 707.778
    endloop
  endfacet
  facet normal 1 0 0
    outer loop
      vertex 250 9.19219 694
      vertex 250 7.77817 692.222
      vertex 250 8.72689 693.304
    endloop
  endfacet
  facet normal 1 0 0
    outer loop
      vertex 250 6.69637 691.273
      vertex 250 9.19219 694
      vertex 250 6.69637 708.727
    endloop
  endfacet
  facet normal 1 0 0
    outer loop
      vertex 250 9.19219 694
      vertex 250 6.69637 691.273
      vertex 250 7.77817 692.222
    endloop
  endfacet
  facet normal 1 0 0
    outer loop
      vertex 250 5.5 709.526
      vertex 250 6.69637 691.273
      vertex 250 6.69637 708.727
    endloop
  endfacet
  facet normal 1 0 0
    outer loop
      vertex 250 5.5 709.526
      vertex 250 5.5 690.474
      vertex 250 6.69637 691.273
    endloop
  endfacet
  facet normal 1 0 0
    outer loop
      vertex 250 4.20952 710.163
      vertex 250 5.5 690.474
      vertex 250 5.5 709.526
    endloop
  endfacet
  facet normal 1 0 0
    outer loop
      vertex 250 4.20952 710.163
      vertex 250 4.20952 689.837
      vertex 250 5.5 690.474
    endloop
  endfacet
  facet normal 1 0 0
    outer loop
      vertex 250 2.84701 710.625
      vertex 250 4.20952 689.837
      vertex 250 4.20952 710.163
    endloop
  endfacet
  facet normal 1 0 0
    outer loop
      vertex 250 2.84701 710.625
      vertex 250 2.84701 689.375
      vertex 250 4.20952 689.837
    endloop
  endfacet
  facet normal 1 0 0
    outer loop
      vertex 250 1.43579 710.906
      vertex 250 2.84701 689.375
      vertex 250 2.84701 710.625
    endloop
  endfacet
  facet normal 1 0 0
    outer loop
      vertex 250 1.43579 710.906
      vertex 250 1.43579 689.094
      vertex 250 2.84701 689.375
    endloop
  endfacet
  facet normal 1 0 0
    outer loop
      vertex 250 0 711
      vertex 250 1.43579 689.094
      vertex 250 1.43579 710.906
    endloop
  endfacet
  facet normal 1 0 0
    outer loop
      vertex 250 0 711
      vertex 250 0 689
      vertex 250 1.43579 689.094
    endloop
  endfacet
  facet normal 1 -0 0
    outer loop
      vertex 250 -1.43579 710.906
      vertex 250 0 689
      vertex 250 0 711
    endloop
  endfacet
  facet normal 1 0 0
    outer loop
      vertex 250 -1.43579 710.906
      vertex 250 -1.43579 689.094
      vertex 250 0 689
    endloop
  endfacet
  facet normal 1 -0 0
    outer loop
      vertex 250 -2.84701 710.625
      vertex 250 -1.43579 689.094
      vertex 250 -1.43579 710.906
    endloop
  endfacet
  facet normal 1 0 0
    outer loop
      vertex 250 -2.84701 710.625
      vertex 250 -2.84701 689.375
      vertex 250 -1.43579 689.094
    endloop
  endfacet
  facet normal 1 -0 0
    outer loop
      vertex 250 -4.20952 710.163
      vertex 250 -2.84701 689.375
      vertex 250 -2.84701 710.625
    endloop
  endfacet
  facet normal 1 0 0
    outer loop
      vertex 250 -4.20952 710.163
      vertex 250 -4.20952 689.837
      vertex 250 -2.84701 689.375
    endloop
  endfacet
  facet normal 1 -0 0
    outer loop
      vertex 250 -5.5 709.526
      vertex 250 -4.20952 689.837
      vertex 250 -4.20952 710.163
    endloop
  endfacet
  facet normal 1 0 0
    outer loop
      vertex 250 -5.5 709.526
      vertex 250 -5.5 690.474
      vertex 250 -4.20952 689.837
    endloop
  endfacet
  facet normal 1 -0 0
    outer loop
      vertex 250 -6.69637 708.727
      vertex 250 -5.5 690.474
      vertex 250 -5.5 709.526
    endloop
  endfacet
  facet normal 1 0 0
    outer loop
      vertex 250 -6.69637 708.727
      vertex 250 -6.69637 691.273
      vertex 250 -5.5 690.474
    endloop
  endfacet
  facet normal 1 -0 0
    outer loop
      vertex 250 -7.77817 707.778
      vertex 250 -6.69637 691.273
      vertex 250 -6.69637 708.727
    endloop
  endfacet
  facet normal 1 -0 0
    outer loop
      vertex 250 -9.19219 694
      vertex 250 -6.69637 691.273
      vertex 250 -7.77817 707.778
    endloop
  endfacet
  facet normal 1 0 0
    outer loop
      vertex 250 -9.19219 694
      vertex 250 -7.77817 707.778
      vertex 250 -8.72689 706.696
    endloop
  endfacet
  facet normal 1 0 0
    outer loop
      vertex 250 -6.69637 691.273
      vertex 250 -9.19219 694
      vertex 250 -7.77817 692.222
    endloop
  endfacet
  facet normal 1 0 0
    outer loop
      vertex 250 -7.77817 692.222
      vertex 250 -9.19219 694
      vertex 250 -8.72689 693.304
    endloop
  endfacet
  facet normal 1 -0 0
    outer loop
      vertex 250 -9.52628 705.5
      vertex 250 -9.19219 694
      vertex 250 -8.72689 706.696
    endloop
  endfacet
  facet normal 1 -0 0
    outer loop
      vertex 250 -10.1627 704.21
      vertex 250 -9.19219 694
      vertex 250 -9.52628 705.5
    endloop
  endfacet
  facet normal 1 -0 0
    outer loop
      vertex 250 -10.6252 702.847
      vertex 250 -9.19219 694
      vertex 250 -10.1627 704.21
    endloop
  endfacet
  facet normal 1 -0 0
    outer loop
      vertex 250 -10.7937 698
      vertex 250 -9.19219 694
      vertex 250 -10.6252 702.847
    endloop
  endfacet
  facet normal 1 0 0
    outer loop
      vertex 250 -45 694
      vertex 250 -10.7937 698
      vertex 250 -45 698
    endloop
  endfacet
  facet normal 1 0 0
    outer loop
      vertex 250 -10.7937 698
      vertex 250 -45 694
      vertex 250 -9.19219 694
    endloop
  endfacet
  facet normal 1 -0 0
    outer loop
      vertex 250 -10.9059 701.436
      vertex 250 -10.7937 698
      vertex 250 -10.6252 702.847
    endloop
  endfacet
  facet normal 1 -0 0
    outer loop
      vertex 250 -11 700
      vertex 250 -10.7937 698
      vertex 250 -10.9059 701.436
    endloop
  endfacet
  facet normal 1 0 0
    outer loop
      vertex 250 -10.7937 698
      vertex 250 -11 700
      vertex 250 -10.9059 698.564
    endloop
  endfacet
  facet normal 0.442283 0.896875 -0
    outer loop
      vertex 7.5 12.9904 12
      vertex 5.74025 13.8582 700
      vertex 7.5 12.9904 700
    endloop
  endfacet
  facet normal 0.442283 0.896875 0
    outer loop
      vertex 5.74025 13.8582 700
      vertex 7.5 12.9904 12
      vertex 5.74025 13.8582 12
    endloop
  endfacet
  facet normal 0.980791 0.195063 0
    outer loop
      vertex 14.6948 2.84701 689.375
      vertex 14.4889 3.88229 12
      vertex 14.4889 3.88229 689.726
    endloop
  endfacet
  facet normal 0.980776 0.195136 1.15951e-07
    outer loop
      vertex 14.8717 1.95789 689.198
      vertex 14.4889 3.88229 12
      vertex 14.6948 2.84701 689.375
    endloop
  endfacet
  facet normal 0.980784 0.195097 0
    outer loop
      vertex 14.4889 3.88229 12
      vertex 14.8717 1.95789 689.198
      vertex 14.8717 1.95789 12
    endloop
  endfacet
  facet normal 0.997861 0.0653646 0
    outer loop
      vertex 14.9059 1.43579 689.094
      vertex 14.8717 1.95789 12
      vertex 14.8717 1.95789 689.198
    endloop
  endfacet
  facet normal 0.997859 0.0653985 2.62671e-08
    outer loop
      vertex 15 0 689
      vertex 14.8717 1.95789 12
      vertex 14.9059 1.43579 689.094
    endloop
  endfacet
  facet normal 0.99786 0.0653895 0
    outer loop
      vertex 14.8717 1.95789 12
      vertex 15 0 689
      vertex 15 0 12
    endloop
  endfacet
  facet normal 0.946995 0.321249 0
    outer loop
      vertex 13.9397 5.5 690.474
      vertex 13.8582 5.74025 12
      vertex 13.8582 5.74025 690.634
    endloop
  endfacet
  facet normal 0.946921 0.321466 8.5862e-08
    outer loop
      vertex 14.3778 4.20952 689.837
      vertex 13.8582 5.74025 12
      vertex 13.9397 5.5 690.474
    endloop
  endfacet
  facet normal 0.946912 0.321492 1.50987e-07
    outer loop
      vertex 14.4889 3.88229 689.726
      vertex 13.8582 5.74025 12
      vertex 14.3778 4.20952 689.837
    endloop
  endfacet
  facet normal 0.946929 0.321443 0
    outer loop
      vertex 13.8582 5.74025 12
      vertex 14.4889 3.88229 689.726
      vertex 14.4889 3.88229 12
    endloop
  endfacet
  facet normal 0.831468 0.555573 0
    outer loop
      vertex 12.1706 8.72689 693.304
      vertex 11.9003 9.13142 12
      vertex 11.9003 9.13142 693.909
    endloop
  endfacet
  facet normal 0.831475 0.555561 -9.57579e-09
    outer loop
      vertex 12.8045 7.77817 692.222
      vertex 11.9003 9.13142 12
      vertex 12.1706 8.72689 693.304
    endloop
  endfacet
  facet normal 0.831424 0.555638 2.09936e-07
    outer loop
      vertex 12.9904 7.5 691.978
      vertex 11.9003 9.13142 12
      vertex 12.8045 7.77817 692.222
    endloop
  endfacet
  facet normal 0.831465 0.555577 0
    outer loop
      vertex 11.9003 9.13142 12
      vertex 12.9904 7.5 691.978
      vertex 12.9904 7.5 12
    endloop
  endfacet
  facet normal -0.99786 -0.0653895 0
    outer loop
      vertex -14.8717 -1.95789 12
      vertex -15 0 700
      vertex -15 0 12
    endloop
  endfacet
  facet normal -0.99786 -0.0653895 0
    outer loop
      vertex -15 0 700
      vertex -14.8717 -1.95789 12
      vertex -14.8717 -1.95789 700
    endloop
  endfacet
  facet normal 0.896876 0.442283 0
    outer loop
      vertex 13.3867 6.69637 691.273
      vertex 12.9904 7.5 12
      vertex 12.9904 7.5 691.978
    endloop
  endfacet
  facet normal 0.896875 0.442284 1.64064e-09
    outer loop
      vertex 13.8582 5.74025 690.634
      vertex 12.9904 7.5 12
      vertex 13.3867 6.69637 691.273
    endloop
  endfacet
  facet normal 0.896875 0.442283 0
    outer loop
      vertex 12.9904 7.5 12
      vertex 13.8582 5.74025 690.634
      vertex 13.8582 5.74025 12
    endloop
  endfacet
  facet normal 0.946912 -0.321492 1.50987e-07
    outer loop
      vertex 13.8582 -5.74025 12
      vertex 14.4889 -3.88229 689.726
      vertex 14.3778 -4.20952 689.837
    endloop
  endfacet
  facet normal 0.946921 -0.321466 8.5862e-08
    outer loop
      vertex 13.8582 -5.74025 12
      vertex 14.3778 -4.20952 689.837
      vertex 13.9397 -5.5 690.474
    endloop
  endfacet
  facet normal 0.946995 -0.321249 0
    outer loop
      vertex 13.8582 -5.74025 12
      vertex 13.9397 -5.5 690.474
      vertex 13.8582 -5.74025 690.634
    endloop
  endfacet
  facet normal 0.946929 -0.321443 0
    outer loop
      vertex 14.4889 -3.88229 689.726
      vertex 13.8582 -5.74025 12
      vertex 14.4889 -3.88229 12
    endloop
  endfacet
  facet normal 0.0653895 -0.99786 0
    outer loop
      vertex 0 -15 12
      vertex 1.95789 -14.8717 700
      vertex 0 -15 700
    endloop
  endfacet
  facet normal 0.0653895 -0.99786 0
    outer loop
      vertex 1.95789 -14.8717 700
      vertex 0 -15 12
      vertex 1.95789 -14.8717 12
    endloop
  endfacet
  facet normal 0.555577 -0.831465 0
    outer loop
      vertex 7.5 -12.9904 12
      vertex 9.13142 -11.9003 700
      vertex 7.5 -12.9904 700
    endloop
  endfacet
  facet normal 0.555577 -0.831465 0
    outer loop
      vertex 9.13142 -11.9003 700
      vertex 7.5 -12.9904 12
      vertex 9.13142 -11.9003 12
    endloop
  endfacet
  facet normal -0.751839 -0.659346 0
    outer loop
      vertex -10.6066 -10.6066 12
      vertex -11.9003 -9.13142 700
      vertex -11.9003 -9.13142 12
    endloop
  endfacet
  facet normal -0.751839 -0.659346 0
    outer loop
      vertex -11.9003 -9.13142 700
      vertex -10.6066 -10.6066 12
      vertex -10.6066 -10.6066 700
    endloop
  endfacet
  facet normal 0.659351 0.751835 5.16126e-07
    outer loop
      vertex 10.2653 10.9059 698.564
      vertex 9.13142 11.9003 700
      vertex 10.158 11 700
    endloop
  endfacet
  facet normal 0.659364 0.751824 1.80162e-05
    outer loop
      vertex 10.5854 10.6252 697.153
      vertex 9.13142 11.9003 700
      vertex 10.2653 10.9059 698.564
    endloop
  endfacet
  facet normal 0.658838 0.752285 -0.00045676
    outer loop
      vertex 10.6066 10.6066 697.098
      vertex 9.13142 11.9003 700
      vertex 10.5854 10.6252 697.153
    endloop
  endfacet
  facet normal 0.659346 0.751839 0
    outer loop
      vertex 9.13142 11.9003 12
      vertex 10.6066 10.6066 697.098
      vertex 10.6066 10.6066 12
    endloop
  endfacet
  facet normal 0.659346 0.751839 0
    outer loop
      vertex 10.6066 10.6066 697.098
      vertex 9.13142 11.9003 12
      vertex 9.13142 11.9003 700
    endloop
  endfacet
  facet normal -0.946929 0.321443 0
    outer loop
      vertex -14.4889 3.88229 12
      vertex -13.8582 5.74025 700
      vertex -13.8582 5.74025 12
    endloop
  endfacet
  facet normal -0.946929 0.321443 0
    outer loop
      vertex -13.8582 5.74025 700
      vertex -14.4889 3.88229 12
      vertex -14.4889 3.88229 700
    endloop
  endfacet
  facet normal -0.980784 0.195097 0
    outer loop
      vertex -14.8717 1.95789 12
      vertex -14.4889 3.88229 700
      vertex -14.4889 3.88229 12
    endloop
  endfacet
  facet normal -0.980784 0.195097 0
    outer loop
      vertex -14.4889 3.88229 700
      vertex -14.8717 1.95789 12
      vertex -14.8717 1.95789 700
    endloop
  endfacet
  facet normal 0.997859 -0.0653985 2.62671e-08
    outer loop
      vertex 14.8717 -1.95789 12
      vertex 15 0 689
      vertex 14.9059 -1.43579 689.094
    endloop
  endfacet
  facet normal 0.997861 -0.0653646 0
    outer loop
      vertex 14.8717 -1.95789 12
      vertex 14.9059 -1.43579 689.094
      vertex 14.8717 -1.95789 689.198
    endloop
  endfacet
  facet normal 0.99786 -0.0653895 0
    outer loop
      vertex 15 0 689
      vertex 14.8717 -1.95789 12
      vertex 15 0 12
    endloop
  endfacet
  facet normal 0.195097 0.980784 -0
    outer loop
      vertex 3.88229 14.4889 12
      vertex 1.95789 14.8717 700
      vertex 3.88229 14.4889 700
    endloop
  endfacet
  facet normal 0.195097 0.980784 0
    outer loop
      vertex 1.95789 14.8717 700
      vertex 3.88229 14.4889 12
      vertex 1.95789 14.8717 12
    endloop
  endfacet
  facet normal 0.0653895 0.99786 -0
    outer loop
      vertex 1.95789 14.8717 12
      vertex 0 15 700
      vertex 1.95789 14.8717 700
    endloop
  endfacet
  facet normal 0.0653895 0.99786 0
    outer loop
      vertex 0 15 700
      vertex 1.95789 14.8717 12
      vertex 0 15 12
    endloop
  endfacet
  facet normal 0.659351 -0.751835 5.16126e-07
    outer loop
      vertex 9.13142 -11.9003 700
      vertex 10.2653 -10.9059 698.564
      vertex 10.158 -11 700
    endloop
  endfacet
  facet normal 0.659364 -0.751824 1.80162e-05
    outer loop
      vertex 9.13142 -11.9003 700
      vertex 10.5854 -10.6252 697.153
      vertex 10.2653 -10.9059 698.564
    endloop
  endfacet
  facet normal 0.658838 -0.752285 -0.00045676
    outer loop
      vertex 9.13142 -11.9003 700
      vertex 10.6066 -10.6066 697.098
      vertex 10.5854 -10.6252 697.153
    endloop
  endfacet
  facet normal 0.659346 -0.751839 0
    outer loop
      vertex 9.13142 -11.9003 12
      vertex 10.6066 -10.6066 697.098
      vertex 9.13142 -11.9003 700
    endloop
  endfacet
  facet normal 0.659346 -0.751839 0
    outer loop
      vertex 10.6066 -10.6066 697.098
      vertex 9.13142 -11.9003 12
      vertex 10.6066 -10.6066 12
    endloop
  endfacet
  facet normal -0.195097 -0.980784 0
    outer loop
      vertex -3.88229 -14.4889 12
      vertex -1.95789 -14.8717 700
      vertex -3.88229 -14.4889 700
    endloop
  endfacet
  facet normal -0.195097 -0.980784 -0
    outer loop
      vertex -1.95789 -14.8717 700
      vertex -3.88229 -14.4889 12
      vertex -1.95789 -14.8717 12
    endloop
  endfacet
  facet normal -0.659346 0.751839 0
    outer loop
      vertex -9.13142 11.9003 12
      vertex -10.6066 10.6066 700
      vertex -9.13142 11.9003 700
    endloop
  endfacet
  facet normal -0.659346 0.751839 0
    outer loop
      vertex -10.6066 10.6066 700
      vertex -9.13142 11.9003 12
      vertex -10.6066 10.6066 12
    endloop
  endfacet
  facet normal -0.896875 -0.442283 0
    outer loop
      vertex -12.9904 -7.5 12
      vertex -13.8582 -5.74025 700
      vertex -13.8582 -5.74025 12
    endloop
  endfacet
  facet normal -0.896875 -0.442283 0
    outer loop
      vertex -13.8582 -5.74025 700
      vertex -12.9904 -7.5 12
      vertex -12.9904 -7.5 700
    endloop
  endfacet
  facet normal 0.751831 0.659356 0
    outer loop
      vertex 10.9959 10.1627 695.79
      vertex 10.6066 10.6066 12
      vertex 10.6066 10.6066 697.098
    endloop
  endfacet
  facet normal 0.751855 0.659329 -3.05676e-08
    outer loop
      vertex 11.554 9.52628 694.5
      vertex 10.6066 10.6066 12
      vertex 10.9959 10.1627 695.79
    endloop
  endfacet
  facet normal 0.751824 0.659364 6.80545e-08
    outer loop
      vertex 11.9003 9.13142 693.909
      vertex 10.6066 10.6066 12
      vertex 11.554 9.52628 694.5
    endloop
  endfacet
  facet normal 0.751839 0.659346 0
    outer loop
      vertex 10.6066 10.6066 12
      vertex 11.9003 9.13142 693.909
      vertex 11.9003 9.13142 12
    endloop
  endfacet
  facet normal -0.442283 0.896875 0
    outer loop
      vertex -5.74025 13.8582 12
      vertex -7.5 12.9904 700
      vertex -5.74025 13.8582 700
    endloop
  endfacet
  facet normal -0.442283 0.896875 0
    outer loop
      vertex -7.5 12.9904 700
      vertex -5.74025 13.8582 12
      vertex -7.5 12.9904 12
    endloop
  endfacet
  facet normal 0.980776 -0.195136 1.15951e-07
    outer loop
      vertex 14.4889 -3.88229 12
      vertex 14.8717 -1.95789 689.198
      vertex 14.6948 -2.84701 689.375
    endloop
  endfacet
  facet normal 0.980791 -0.195063 0
    outer loop
      vertex 14.4889 -3.88229 12
      vertex 14.6948 -2.84701 689.375
      vertex 14.4889 -3.88229 689.726
    endloop
  endfacet
  facet normal 0.980784 -0.195097 0
    outer loop
      vertex 14.8717 -1.95789 689.198
      vertex 14.4889 -3.88229 12
      vertex 14.8717 -1.95789 12
    endloop
  endfacet
  facet normal -0.980784 -0.195097 0
    outer loop
      vertex -14.4889 -3.88229 12
      vertex -14.8717 -1.95789 700
      vertex -14.8717 -1.95789 12
    endloop
  endfacet
  facet normal -0.980784 -0.195097 0
    outer loop
      vertex -14.8717 -1.95789 700
      vertex -14.4889 -3.88229 12
      vertex -14.4889 -3.88229 700
    endloop
  endfacet
  facet normal 0.195097 -0.980784 0
    outer loop
      vertex 1.95789 -14.8717 12
      vertex 3.88229 -14.4889 700
      vertex 1.95789 -14.8717 700
    endloop
  endfacet
  facet normal 0.195097 -0.980784 0
    outer loop
      vertex 3.88229 -14.4889 700
      vertex 1.95789 -14.8717 12
      vertex 3.88229 -14.4889 12
    endloop
  endfacet
  facet normal 0.442283 -0.896875 0
    outer loop
      vertex 5.74025 -13.8582 12
      vertex 7.5 -12.9904 700
      vertex 5.74025 -13.8582 700
    endloop
  endfacet
  facet normal 0.442283 -0.896875 0
    outer loop
      vertex 7.5 -12.9904 700
      vertex 5.74025 -13.8582 12
      vertex 7.5 -12.9904 12
    endloop
  endfacet
  facet normal -0.0653895 0.99786 0
    outer loop
      vertex 0 15 12
      vertex -1.95789 14.8717 700
      vertex 0 15 700
    endloop
  endfacet
  facet normal -0.0653895 0.99786 0
    outer loop
      vertex -1.95789 14.8717 700
      vertex 0 15 12
      vertex -1.95789 14.8717 12
    endloop
  endfacet
  facet normal 0.321443 0.946929 -0
    outer loop
      vertex 5.74025 13.8582 12
      vertex 3.88229 14.4889 700
      vertex 5.74025 13.8582 700
    endloop
  endfacet
  facet normal 0.321443 0.946929 0
    outer loop
      vertex 3.88229 14.4889 700
      vertex 5.74025 13.8582 12
      vertex 3.88229 14.4889 12
    endloop
  endfacet
  facet normal -0.555577 -0.831465 0
    outer loop
      vertex -9.13142 -11.9003 12
      vertex -7.5 -12.9904 700
      vertex -9.13142 -11.9003 700
    endloop
  endfacet
  facet normal -0.555577 -0.831465 -0
    outer loop
      vertex -7.5 -12.9904 700
      vertex -9.13142 -11.9003 12
      vertex -7.5 -12.9904 12
    endloop
  endfacet
  facet normal 0.896875 -0.442284 1.64064e-09
    outer loop
      vertex 12.9904 -7.5 12
      vertex 13.8582 -5.74025 690.634
      vertex 13.3867 -6.69637 691.273
    endloop
  endfacet
  facet normal 0.896876 -0.442283 0
    outer loop
      vertex 12.9904 -7.5 12
      vertex 13.3867 -6.69637 691.273
      vertex 12.9904 -7.5 691.978
    endloop
  endfacet
  facet normal 0.896875 -0.442283 0
    outer loop
      vertex 13.8582 -5.74025 690.634
      vertex 12.9904 -7.5 12
      vertex 13.8582 -5.74025 12
    endloop
  endfacet
  facet normal -0.0653895 -0.99786 0
    outer loop
      vertex -1.95789 -14.8717 12
      vertex 0 -15 700
      vertex -1.95789 -14.8717 700
    endloop
  endfacet
  facet normal -0.0653895 -0.99786 -0
    outer loop
      vertex 0 -15 700
      vertex -1.95789 -14.8717 12
      vertex 0 -15 12
    endloop
  endfacet
  facet normal 0.555577 0.831465 -0
    outer loop
      vertex 9.13142 11.9003 12
      vertex 7.5 12.9904 700
      vertex 9.13142 11.9003 700
    endloop
  endfacet
  facet normal 0.555577 0.831465 0
    outer loop
      vertex 7.5 12.9904 700
      vertex 9.13142 11.9003 12
      vertex 7.5 12.9904 12
    endloop
  endfacet
  facet normal 0.751824 -0.659364 6.80545e-08
    outer loop
      vertex 10.6066 -10.6066 12
      vertex 11.9003 -9.13142 693.909
      vertex 11.554 -9.52628 694.5
    endloop
  endfacet
  facet normal 0.751855 -0.659329 -3.05676e-08
    outer loop
      vertex 10.6066 -10.6066 12
      vertex 11.554 -9.52628 694.5
      vertex 10.9959 -10.1627 695.79
    endloop
  endfacet
  facet normal 0.751831 -0.659356 0
    outer loop
      vertex 10.6066 -10.6066 12
      vertex 10.9959 -10.1627 695.79
      vertex 10.6066 -10.6066 697.098
    endloop
  endfacet
  facet normal 0.751839 -0.659346 0
    outer loop
      vertex 11.9003 -9.13142 693.909
      vertex 10.6066 -10.6066 12
      vertex 11.9003 -9.13142 12
    endloop
  endfacet
  facet normal -0.195097 0.980784 0
    outer loop
      vertex -1.95789 14.8717 12
      vertex -3.88229 14.4889 700
      vertex -1.95789 14.8717 700
    endloop
  endfacet
  facet normal -0.195097 0.980784 0
    outer loop
      vertex -3.88229 14.4889 700
      vertex -1.95789 14.8717 12
      vertex -3.88229 14.4889 12
    endloop
  endfacet
  facet normal -0.946929 -0.321443 0
    outer loop
      vertex -13.8582 -5.74025 12
      vertex -14.4889 -3.88229 700
      vertex -14.4889 -3.88229 12
    endloop
  endfacet
  facet normal -0.946929 -0.321443 0
    outer loop
      vertex -14.4889 -3.88229 700
      vertex -13.8582 -5.74025 12
      vertex -13.8582 -5.74025 700
    endloop
  endfacet
  facet normal -0.321443 0.946929 0
    outer loop
      vertex -3.88229 14.4889 12
      vertex -5.74025 13.8582 700
      vertex -3.88229 14.4889 700
    endloop
  endfacet
  facet normal -0.321443 0.946929 0
    outer loop
      vertex -5.74025 13.8582 700
      vertex -3.88229 14.4889 12
      vertex -5.74025 13.8582 12
    endloop
  endfacet
  facet normal -0.99786 0.0653895 0
    outer loop
      vertex -15 0 12
      vertex -14.8717 1.95789 700
      vertex -14.8717 1.95789 12
    endloop
  endfacet
  facet normal -0.99786 0.0653895 0
    outer loop
      vertex -14.8717 1.95789 700
      vertex -15 0 12
      vertex -15 0 700
    endloop
  endfacet
  facet normal 0.321443 -0.946929 0
    outer loop
      vertex 3.88229 -14.4889 12
      vertex 5.74025 -13.8582 700
      vertex 3.88229 -14.4889 700
    endloop
  endfacet
  facet normal 0.321443 -0.946929 0
    outer loop
      vertex 5.74025 -13.8582 700
      vertex 3.88229 -14.4889 12
      vertex 5.74025 -13.8582 12
    endloop
  endfacet
  facet normal -0.751839 0.659346 0
    outer loop
      vertex -11.9003 9.13142 12
      vertex -10.6066 10.6066 700
      vertex -10.6066 10.6066 12
    endloop
  endfacet
  facet normal -0.751839 0.659346 0
    outer loop
      vertex -10.6066 10.6066 700
      vertex -11.9003 9.13142 12
      vertex -11.9003 9.13142 700
    endloop
  endfacet
  facet normal -0.659346 -0.751839 0
    outer loop
      vertex -10.6066 -10.6066 12
      vertex -9.13142 -11.9003 700
      vertex -10.6066 -10.6066 700
    endloop
  endfacet
  facet normal -0.659346 -0.751839 -0
    outer loop
      vertex -9.13142 -11.9003 700
      vertex -10.6066 -10.6066 12
      vertex -9.13142 -11.9003 12
    endloop
  endfacet
  facet normal 0.831424 -0.555638 2.09936e-07
    outer loop
      vertex 11.9003 -9.13142 12
      vertex 12.9904 -7.5 691.978
      vertex 12.8045 -7.77817 692.222
    endloop
  endfacet
  facet normal 0.831475 -0.555561 -9.57579e-09
    outer loop
      vertex 11.9003 -9.13142 12
      vertex 12.8045 -7.77817 692.222
      vertex 12.1706 -8.72689 693.304
    endloop
  endfacet
  facet normal 0.831468 -0.555573 0
    outer loop
      vertex 11.9003 -9.13142 12
      vertex 12.1706 -8.72689 693.304
      vertex 11.9003 -9.13142 693.909
    endloop
  endfacet
  facet normal 0.831465 -0.555577 0
    outer loop
      vertex 12.9904 -7.5 691.978
      vertex 11.9003 -9.13142 12
      vertex 12.9904 -7.5 12
    endloop
  endfacet
  facet normal -0.442283 -0.896875 0
    outer loop
      vertex -7.5 -12.9904 12
      vertex -5.74025 -13.8582 700
      vertex -7.5 -12.9904 700
    endloop
  endfacet
  facet normal -0.442283 -0.896875 -0
    outer loop
      vertex -5.74025 -13.8582 700
      vertex -7.5 -12.9904 12
      vertex -5.74025 -13.8582 12
    endloop
  endfacet
  facet normal -0.555577 0.831465 0
    outer loop
      vertex -7.5 12.9904 12
      vertex -9.13142 11.9003 700
      vertex -7.5 12.9904 700
    endloop
  endfacet
  facet normal -0.555577 0.831465 0
    outer loop
      vertex -9.13142 11.9003 700
      vertex -7.5 12.9904 12
      vertex -9.13142 11.9003 12
    endloop
  endfacet
  facet normal -0.831465 -0.555577 0
    outer loop
      vertex -11.9003 -9.13142 12
      vertex -12.9904 -7.5 700
      vertex -12.9904 -7.5 12
    endloop
  endfacet
  facet normal -0.831465 -0.555577 0
    outer loop
      vertex -12.9904 -7.5 700
      vertex -11.9003 -9.13142 12
      vertex -11.9003 -9.13142 700
    endloop
  endfacet
  facet normal -0.896875 0.442283 0
    outer loop
      vertex -13.8582 5.74025 12
      vertex -12.9904 7.5 700
      vertex -12.9904 7.5 12
    endloop
  endfacet
  facet normal -0.896875 0.442283 0
    outer loop
      vertex -12.9904 7.5 700
      vertex -13.8582 5.74025 12
      vertex -13.8582 5.74025 700
    endloop
  endfacet
  facet normal -0.831465 0.555577 0
    outer loop
      vertex -12.9904 7.5 12
      vertex -11.9003 9.13142 700
      vertex -11.9003 9.13142 12
    endloop
  endfacet
  facet normal -0.831465 0.555577 0
    outer loop
      vertex -11.9003 9.13142 700
      vertex -12.9904 7.5 12
      vertex -12.9904 7.5 700
    endloop
  endfacet
  facet normal -0.321443 -0.946929 0
    outer loop
      vertex -5.74025 -13.8582 12
      vertex -3.88229 -14.4889 700
      vertex -5.74025 -13.8582 700
    endloop
  endfacet
  facet normal -0.321443 -0.946929 -0
    outer loop
      vertex -3.88229 -14.4889 700
      vertex -5.74025 -13.8582 12
      vertex -3.88229 -14.4889 12
    endloop
  endfacet
  facet normal 0 0 1
    outer loop
      vertex 0 11 700
      vertex 9.13142 11.9003 700
      vertex 7.5 12.9904 700
    endloop
  endfacet
  facet normal 0 0 1
    outer loop
      vertex 0 11 700
      vertex 7.5 12.9904 700
      vertex 5.74025 13.8582 700
    endloop
  endfacet
  facet normal 0 0 1
    outer loop
      vertex 0 11 700
      vertex 5.74025 13.8582 700
      vertex 3.88229 14.4889 700
    endloop
  endfacet
  facet normal 0 0 1
    outer loop
      vertex 0 11 700
      vertex 3.88229 14.4889 700
      vertex 1.95789 14.8717 700
    endloop
  endfacet
  facet normal 0 0 1
    outer loop
      vertex 0 11 700
      vertex 1.95789 14.8717 700
      vertex 0 15 700
    endloop
  endfacet
  facet normal 0 0 1
    outer loop
      vertex 9.13142 11.9003 700
      vertex 0 11 700
      vertex 10.158 11 700
    endloop
  endfacet
  facet normal -0 0 1
    outer loop
      vertex -1.95789 14.8717 700
      vertex 0 11 700
      vertex 0 15 700
    endloop
  endfacet
  facet normal -0 0 1
    outer loop
      vertex -3.88229 14.4889 700
      vertex 0 11 700
      vertex -1.95789 14.8717 700
    endloop
  endfacet
  facet normal -0 0 1
    outer loop
      vertex -5.74025 13.8582 700
      vertex 0 11 700
      vertex -3.88229 14.4889 700
    endloop
  endfacet
  facet normal 0 0 1
    outer loop
      vertex 0 -11 700
      vertex -1.95789 -14.8717 700
      vertex 0 -15 700
    endloop
  endfacet
  facet normal -0 0 1
    outer loop
      vertex -7.5 12.9904 700
      vertex 0 11 700
      vertex -5.74025 13.8582 700
    endloop
  endfacet
  facet normal 0 0 1
    outer loop
      vertex 0 -11 700
      vertex -3.88229 -14.4889 700
      vertex -1.95789 -14.8717 700
    endloop
  endfacet
  facet normal -0 0 1
    outer loop
      vertex -9.13142 11.9003 700
      vertex 0 11 700
      vertex -7.5 12.9904 700
    endloop
  endfacet
  facet normal 0 0 1
    outer loop
      vertex 0 -11 700
      vertex -5.74025 -13.8582 700
      vertex -3.88229 -14.4889 700
    endloop
  endfacet
  facet normal 0 0 1
    outer loop
      vertex -10.6066 10.6066 700
      vertex 0 11 700
      vertex -9.13142 11.9003 700
    endloop
  endfacet
  facet normal 0 0 1
    outer loop
      vertex 0 -11 700
      vertex -7.5 -12.9904 700
      vertex -5.74025 -13.8582 700
    endloop
  endfacet
  facet normal 0 0 1
    outer loop
      vertex -11.9003 9.13142 700
      vertex 0 11 700
      vertex -10.6066 10.6066 700
    endloop
  endfacet
  facet normal 0 0 1
    outer loop
      vertex 0 -11 700
      vertex -9.13142 -11.9003 700
      vertex -7.5 -12.9904 700
    endloop
  endfacet
  facet normal 0 0 1
    outer loop
      vertex -12.9904 7.5 700
      vertex 0 11 700
      vertex -11.9003 9.13142 700
    endloop
  endfacet
  facet normal 0 0 1
    outer loop
      vertex 0 -11 700
      vertex -10.6066 -10.6066 700
      vertex -9.13142 -11.9003 700
    endloop
  endfacet
  facet normal 0 0 1
    outer loop
      vertex -13.8582 5.74025 700
      vertex 0 11 700
      vertex -12.9904 7.5 700
    endloop
  endfacet
  facet normal 0 0 1
    outer loop
      vertex 0 -11 700
      vertex -11.9003 -9.13142 700
      vertex -10.6066 -10.6066 700
    endloop
  endfacet
  facet normal 0 0 1
    outer loop
      vertex -14.4889 3.88229 700
      vertex 0 11 700
      vertex -13.8582 5.74025 700
    endloop
  endfacet
  facet normal 0 0 1
    outer loop
      vertex 0 -11 700
      vertex -12.9904 -7.5 700
      vertex -11.9003 -9.13142 700
    endloop
  endfacet
  facet normal 0 0 1
    outer loop
      vertex -14.8717 1.95789 700
      vertex 0 11 700
      vertex -14.4889 3.88229 700
    endloop
  endfacet
  facet normal 0 0 1
    outer loop
      vertex 0 -11 700
      vertex -13.8582 -5.74025 700
      vertex -12.9904 -7.5 700
    endloop
  endfacet
  facet normal 0 0 1
    outer loop
      vertex -15 0 700
      vertex 0 11 700
      vertex -14.8717 1.95789 700
    endloop
  endfacet
  facet normal 0 0 1
    outer loop
      vertex 0 -11 700
      vertex -14.4889 -3.88229 700
      vertex -13.8582 -5.74025 700
    endloop
  endfacet
  facet normal 0 0 1
    outer loop
      vertex 0 11 700
      vertex -15 0 700
      vertex 0 -11 700
    endloop
  endfacet
  facet normal 0 0 1
    outer loop
      vertex 0 -11 700
      vertex -14.8717 -1.95789 700
      vertex -14.4889 -3.88229 700
    endloop
  endfacet
  facet normal 0 0 1
    outer loop
      vertex 0 -11 700
      vertex -15 0 700
      vertex -14.8717 -1.95789 700
    endloop
  endfacet
  facet normal -0 0 1
    outer loop
      vertex 0 -11 700
      vertex 9.13142 -11.9003 700
      vertex 10.158 -11 700
    endloop
  endfacet
  facet normal 0 0 1
    outer loop
      vertex 9.13142 -11.9003 700
      vertex 0 -11 700
      vertex 7.5 -12.9904 700
    endloop
  endfacet
  facet normal 0 0 1
    outer loop
      vertex 7.5 -12.9904 700
      vertex 0 -11 700
      vertex 5.74025 -13.8582 700
    endloop
  endfacet
  facet normal 0 0 1
    outer loop
      vertex 5.74025 -13.8582 700
      vertex 0 -11 700
      vertex 3.88229 -14.4889 700
    endloop
  endfacet
  facet normal 0 0 1
    outer loop
      vertex 3.88229 -14.4889 700
      vertex 0 -11 700
      vertex 1.95789 -14.8717 700
    endloop
  endfacet
  facet normal 0 0 1
    outer loop
      vertex 1.95789 -14.8717 700
      vertex 0 -11 700
      vertex 0 -15 700
    endloop
  endfacet
  facet normal 0 -0.831491 -0.555538
    outer loop
      vertex 11.9003 -9.13142 693.909
      vertex 205 -9.52628 694.5
      vertex 11.554 -9.52628 694.5
    endloop
  endfacet
  facet normal 1.32832e-06 -0.831291 -0.555838
    outer loop
      vertex 12.1706 -8.72689 693.304
      vertex 205 -9.52628 694.5
      vertex 11.9003 -9.13142 693.909
    endloop
  endfacet
  facet normal -1.06384e-06 -0.831469 -0.555571
    outer loop
      vertex 205 -9.52628 694.5
      vertex 12.1706 -8.72689 693.304
      vertex 205 -9.19219 694
    endloop
  endfacet
  facet normal -0 -0.831333 -0.555775
    outer loop
      vertex 250 -8.72689 693.304
      vertex 205 -9.19219 694
      vertex 12.1706 -8.72689 693.304
    endloop
  endfacet
  facet normal 0 -0.831333 -0.555775
    outer loop
      vertex 205 -9.19219 694
      vertex 250 -8.72689 693.304
      vertex 250 -9.19219 694
    endloop
  endfacet
  facet normal 0 -0.555383 0.831594
    outer loop
      vertex 0 -5.5 709.526
      vertex 250 -6.69637 708.727
      vertex 250 -5.5 709.526
    endloop
  endfacet
  facet normal 0 -0.555383 0.831594
    outer loop
      vertex 250 -6.69637 708.727
      vertex 0 -5.5 709.526
      vertex 0 -6.69637 708.727
    endloop
  endfacet
  facet normal 0 -0.8968 0.442435
    outer loop
      vertex 0 -10.1627 704.21
      vertex 250 -9.52628 705.5
      vertex 0 -9.52628 705.5
    endloop
  endfacet
  facet normal 0 -0.8968 0.442435
    outer loop
      vertex 250 -9.52628 705.5
      vertex 0 -10.1627 704.21
      vertex 250 -10.1627 704.21
    endloop
  endfacet
  facet normal 0 0.0653293 -0.997864
    outer loop
      vertex 15 0 689
      vertex 250 1.43579 689.094
      vertex 250 0 689
    endloop
  endfacet
  facet normal 0 0.0653293 -0.997864
    outer loop
      vertex 250 1.43579 689.094
      vertex 15 0 689
      vertex 14.9059 1.43579 689.094
    endloop
  endfacet
  facet normal 0 0.555383 -0.831594
    outer loop
      vertex 13.9397 5.5 690.474
      vertex 250 6.69637 691.273
      vertex 250 5.5 690.474
    endloop
  endfacet
  facet normal 7.91939e-06 0.554302 -0.832315
    outer loop
      vertex 13.8582 5.74025 690.634
      vertex 250 6.69637 691.273
      vertex 13.9397 5.5 690.474
    endloop
  endfacet
  facet normal 0 0.555655 -0.831413
    outer loop
      vertex 250 6.69637 691.273
      vertex 13.8582 5.74025 690.634
      vertex 13.3867 6.69637 691.273
    endloop
  endfacet
  facet normal 0 -0.195285 -0.980747
    outer loop
      vertex 250 -2.84701 689.375
      vertex 14.9059 -1.43579 689.094
      vertex 250 -1.43579 689.094
    endloop
  endfacet
  facet normal -4.53502e-07 -0.195357 -0.980732
    outer loop
      vertex 250 -2.84701 689.375
      vertex 14.8717 -1.95789 689.198
      vertex 14.9059 -1.43579 689.094
    endloop
  endfacet
  facet normal 0 -0.195242 -0.980755
    outer loop
      vertex 14.8717 -1.95789 689.198
      vertex 250 -2.84701 689.375
      vertex 14.6948 -2.84701 689.375
    endloop
  endfacet
  facet normal 0 0.751898 -0.65928
    outer loop
      vertex 12.8045 7.77817 692.222
      vertex 250 8.72689 693.304
      vertex 250 7.77817 692.222
    endloop
  endfacet
  facet normal 0 0.751898 -0.65928
    outer loop
      vertex 250 8.72689 693.304
      vertex 12.8045 7.77817 692.222
      vertex 12.1706 8.72689 693.304
    endloop
  endfacet
  facet normal 0 0.751898 0.65928
    outer loop
      vertex 250 8.72689 706.696
      vertex 0 7.77817 707.778
      vertex 250 7.77817 707.778
    endloop
  endfacet
  facet normal 0 0.751898 0.65928
    outer loop
      vertex 0 7.77817 707.778
      vertex 250 8.72689 706.696
      vertex 0 8.72689 706.696
    endloop
  endfacet
  facet normal 0 0.8968 -0.442435
    outer loop
      vertex 11.554 9.52628 694.5
      vertex 205 10.1627 695.79
      vertex 205 9.52628 694.5
    endloop
  endfacet
  facet normal 0 0.8968 -0.442435
    outer loop
      vertex 205 10.1627 695.79
      vertex 11.554 9.52628 694.5
      vertex 10.9959 10.1627 695.79
    endloop
  endfacet
  facet normal 0 -0.659458 -0.751741
    outer loop
      vertex 250 -7.77817 692.222
      vertex 13.3867 -6.69637 691.273
      vertex 250 -6.69637 691.273
    endloop
  endfacet
  facet normal -9.51801e-08 -0.65947 -0.751731
    outer loop
      vertex 250 -7.77817 692.222
      vertex 12.9904 -7.5 691.978
      vertex 13.3867 -6.69637 691.273
    endloop
  endfacet
  facet normal 0 -0.659424 -0.751771
    outer loop
      vertex 12.9904 -7.5 691.978
      vertex 250 -7.77817 692.222
      vertex 12.8045 -7.77817 692.222
    endloop
  endfacet
  facet normal 0 -0.99786 -0.065389
    outer loop
      vertex 10.2653 -10.9059 698.564
      vertex 250 -11 700
      vertex 10.158 -11 700
    endloop
  endfacet
  facet normal 0 -0.99786 -0.065389
    outer loop
      vertex 250 -11 700
      vertex 10.2653 -10.9059 698.564
      vertex 250 -10.9059 698.564
    endloop
  endfacet
  facet normal 0 -0.321122 0.947038
    outer loop
      vertex 0 -2.84701 710.625
      vertex 250 -4.20952 710.163
      vertex 250 -2.84701 710.625
    endloop
  endfacet
  facet normal 0 -0.321122 0.947038
    outer loop
      vertex 250 -4.20952 710.163
      vertex 0 -2.84701 710.625
      vertex 0 -4.20952 710.163
    endloop
  endfacet
  facet normal 0 -0.947296 -0.320358
    outer loop
      vertex 10.6066 -10.6066 697.098
      vertex 205 -10.6252 697.153
      vertex 10.5854 -10.6252 697.153
    endloop
  endfacet
  facet normal 3.19142e-07 -0.946954 -0.32137
    outer loop
      vertex 10.9959 -10.1627 695.79
      vertex 205 -10.6252 697.153
      vertex 10.6066 -10.6066 697.098
    endloop
  endfacet
  facet normal 0 -0.946967 -0.32133
    outer loop
      vertex 205 -10.6252 697.153
      vertex 10.9959 -10.1627 695.79
      vertex 205 -10.1627 695.79
    endloop
  endfacet
  facet normal 0 0.946967 0.32133
    outer loop
      vertex 250 10.6252 702.847
      vertex 0 10.1627 704.21
      vertex 250 10.1627 704.21
    endloop
  endfacet
  facet normal 0 0.946967 0.32133
    outer loop
      vertex 0 10.1627 704.21
      vertex 250 10.6252 702.847
      vertex 0 10.6252 702.847
    endloop
  endfacet
  facet normal 0 -0.195285 0.980747
    outer loop
      vertex 0 -1.43579 710.906
      vertex 250 -2.84701 710.625
      vertex 250 -1.43579 710.906
    endloop
  endfacet
  facet normal 0 -0.195285 0.980747
    outer loop
      vertex 250 -2.84701 710.625
      vertex 0 -1.43579 710.906
      vertex 0 -2.84701 710.625
    endloop
  endfacet
  facet normal 0 0.980781 0.195113
    outer loop
      vertex 250 10.9059 701.436
      vertex 0 10.6252 702.847
      vertex 250 10.6252 702.847
    endloop
  endfacet
  facet normal 0 0.980781 0.195113
    outer loop
      vertex 0 10.6252 702.847
      vertex 250 10.9059 701.436
      vertex 0 10.9059 701.436
    endloop
  endfacet
  facet normal -0 0.0653293 0.997864
    outer loop
      vertex 0 1.43579 710.906
      vertex 250 0 711
      vertex 250 1.43579 710.906
    endloop
  endfacet
  facet normal 0 0.0653293 0.997864
    outer loop
      vertex 250 0 711
      vertex 0 1.43579 710.906
      vertex 0 0 711
    endloop
  endfacet
  facet normal 0 0.195285 -0.980747
    outer loop
      vertex 14.9059 1.43579 689.094
      vertex 250 2.84701 689.375
      vertex 250 1.43579 689.094
    endloop
  endfacet
  facet normal -4.53502e-07 0.195357 -0.980732
    outer loop
      vertex 14.8717 1.95789 689.198
      vertex 250 2.84701 689.375
      vertex 14.9059 1.43579 689.094
    endloop
  endfacet
  facet normal 0 0.195242 -0.980755
    outer loop
      vertex 250 2.84701 689.375
      vertex 14.8717 1.95789 689.198
      vertex 14.6948 2.84701 689.375
    endloop
  endfacet
  facet normal -0 0.321122 0.947038
    outer loop
      vertex 0 4.20952 710.163
      vertex 250 2.84701 710.625
      vertex 250 4.20952 710.163
    endloop
  endfacet
  facet normal 0 0.321122 0.947038
    outer loop
      vertex 250 2.84701 710.625
      vertex 0 4.20952 710.163
      vertex 0 2.84701 710.625
    endloop
  endfacet
  facet normal 0 0.8968 0.442435
    outer loop
      vertex 250 10.1627 704.21
      vertex 0 9.52628 705.5
      vertex 250 9.52628 705.5
    endloop
  endfacet
  facet normal 0 0.8968 0.442435
    outer loop
      vertex 0 9.52628 705.5
      vertex 250 10.1627 704.21
      vertex 0 10.1627 704.21
    endloop
  endfacet
  facet normal 0 -0.442627 -0.896706
    outer loop
      vertex 250 -5.5 690.474
      vertex 14.3778 -4.20952 689.837
      vertex 250 -4.20952 689.837
    endloop
  endfacet
  facet normal 0 -0.442627 -0.896706
    outer loop
      vertex 14.3778 -4.20952 689.837
      vertex 250 -5.5 690.474
      vertex 13.9397 -5.5 690.474
    endloop
  endfacet
  facet normal 0 -0.751898 -0.65928
    outer loop
      vertex 12.8045 -7.77817 692.222
      vertex 250 -8.72689 693.304
      vertex 12.1706 -8.72689 693.304
    endloop
  endfacet
  facet normal 0 -0.751898 -0.65928
    outer loop
      vertex 250 -8.72689 693.304
      vertex 12.8045 -7.77817 692.222
      vertex 250 -7.77817 692.222
    endloop
  endfacet
  facet normal 0 0.442627 -0.896706
    outer loop
      vertex 14.3778 4.20952 689.837
      vertex 250 5.5 690.474
      vertex 250 4.20952 689.837
    endloop
  endfacet
  facet normal 0 0.442627 -0.896706
    outer loop
      vertex 250 5.5 690.474
      vertex 14.3778 4.20952 689.837
      vertex 13.9397 5.5 690.474
    endloop
  endfacet
  facet normal 0 -0.0653293 -0.997864
    outer loop
      vertex 250 -1.43579 689.094
      vertex 15 0 689
      vertex 250 0 689
    endloop
  endfacet
  facet normal 0 -0.0653293 -0.997864
    outer loop
      vertex 15 0 689
      vertex 250 -1.43579 689.094
      vertex 14.9059 -1.43579 689.094
    endloop
  endfacet
  facet normal 0 0.659458 -0.751741
    outer loop
      vertex 13.3867 6.69637 691.273
      vertex 250 7.77817 692.222
      vertex 250 6.69637 691.273
    endloop
  endfacet
  facet normal -9.51801e-08 0.65947 -0.751731
    outer loop
      vertex 12.9904 7.5 691.978
      vertex 250 7.77817 692.222
      vertex 13.3867 6.69637 691.273
    endloop
  endfacet
  facet normal 0 0.659424 -0.751771
    outer loop
      vertex 250 7.77817 692.222
      vertex 12.9904 7.5 691.978
      vertex 12.8045 7.77817 692.222
    endloop
  endfacet
  facet normal 0 -0.99786 0.065389
    outer loop
      vertex 10.158 -11 700
      vertex 0 -10.9059 701.436
      vertex 0 -11 700
    endloop
  endfacet
  facet normal 0 -0.99786 0.065389
    outer loop
      vertex 0 -10.9059 701.436
      vertex 10.158 -11 700
      vertex 250 -10.9059 701.436
    endloop
  endfacet
  facet normal 0 -0.99786 0.065389
    outer loop
      vertex 250 -10.9059 701.436
      vertex 10.158 -11 700
      vertex 250 -11 700
    endloop
  endfacet
  facet normal -0 0.99786 0.065389
    outer loop
      vertex 10.158 11 700
      vertex 250 10.9059 701.436
      vertex 250 11 700
    endloop
  endfacet
  facet normal 0 0.99786 0.065389
    outer loop
      vertex 250 10.9059 701.436
      vertex 10.158 11 700
      vertex 0 10.9059 701.436
    endloop
  endfacet
  facet normal 0 0.99786 0.065389
    outer loop
      vertex 0 10.9059 701.436
      vertex 10.158 11 700
      vertex 0 11 700
    endloop
  endfacet
  facet normal 0 0.947296 -0.320358
    outer loop
      vertex 205 10.6252 697.153
      vertex 10.6066 10.6066 697.098
      vertex 10.5854 10.6252 697.153
    endloop
  endfacet
  facet normal 0 0.946967 -0.32133
    outer loop
      vertex 10.9959 10.1627 695.79
      vertex 205 10.6252 697.153
      vertex 205 10.1627 695.79
    endloop
  endfacet
  facet normal 3.19142e-07 0.946954 -0.32137
    outer loop
      vertex 205 10.6252 697.153
      vertex 10.9959 10.1627 695.79
      vertex 10.6066 10.6066 697.098
    endloop
  endfacet
  facet normal 0 -0.980781 -0.195113
    outer loop
      vertex 10.2653 -10.9059 698.564
      vertex 205 -10.7937 698
      vertex 250 -10.9059 698.564
    endloop
  endfacet
  facet normal -2.14308e-09 -0.980781 -0.195113
    outer loop
      vertex 10.5854 -10.6252 697.153
      vertex 205 -10.7937 698
      vertex 10.2653 -10.9059 698.564
    endloop
  endfacet
  facet normal 0 -0.980781 -0.195114
    outer loop
      vertex 205 -10.7937 698
      vertex 10.5854 -10.6252 697.153
      vertex 205 -10.6252 697.153
    endloop
  endfacet
  facet normal 0 -0.980781 -0.195113
    outer loop
      vertex 250 -10.9059 698.564
      vertex 205 -10.7937 698
      vertex 250 -10.7937 698
    endloop
  endfacet
  facet normal 0 -0.8968 -0.442435
    outer loop
      vertex 11.554 -9.52628 694.5
      vertex 205 -10.1627 695.79
      vertex 10.9959 -10.1627 695.79
    endloop
  endfacet
  facet normal 0 -0.8968 -0.442435
    outer loop
      vertex 205 -10.1627 695.79
      vertex 11.554 -9.52628 694.5
      vertex 205 -9.52628 694.5
    endloop
  endfacet
  facet normal 0 -0.321122 -0.947038
    outer loop
      vertex 250 -4.20952 689.837
      vertex 14.6948 -2.84701 689.375
      vertex 250 -2.84701 689.375
    endloop
  endfacet
  facet normal 2.26582e-07 -0.321087 -0.94705
    outer loop
      vertex 250 -4.20952 689.837
      vertex 14.4889 -3.88229 689.726
      vertex 14.6948 -2.84701 689.375
    endloop
  endfacet
  facet normal 0 -0.321233 -0.947
    outer loop
      vertex 14.4889 -3.88229 689.726
      vertex 250 -4.20952 689.837
      vertex 14.3778 -4.20952 689.837
    endloop
  endfacet
  facet normal -0 0.659458 0.751741
    outer loop
      vertex 0 7.77817 707.778
      vertex 250 6.69637 708.727
      vertex 250 7.77817 707.778
    endloop
  endfacet
  facet normal 0 0.659458 0.751741
    outer loop
      vertex 250 6.69637 708.727
      vertex 0 7.77817 707.778
      vertex 0 6.69637 708.727
    endloop
  endfacet
  facet normal 0 -0.442627 0.896706
    outer loop
      vertex 0 -4.20952 710.163
      vertex 250 -5.5 709.526
      vertex 250 -4.20952 710.163
    endloop
  endfacet
  facet normal 0 -0.442627 0.896706
    outer loop
      vertex 250 -5.5 709.526
      vertex 0 -4.20952 710.163
      vertex 0 -5.5 709.526
    endloop
  endfacet
  facet normal 0 0.83139 0.55569
    outer loop
      vertex 250 9.52628 705.5
      vertex 0 8.72689 706.696
      vertex 250 8.72689 706.696
    endloop
  endfacet
  facet normal 0 0.83139 0.55569
    outer loop
      vertex 0 8.72689 706.696
      vertex 250 9.52628 705.5
      vertex 0 9.52628 705.5
    endloop
  endfacet
  facet normal 0 -0.555383 -0.831594
    outer loop
      vertex 250 -6.69637 691.273
      vertex 13.9397 -5.5 690.474
      vertex 250 -5.5 690.474
    endloop
  endfacet
  facet normal 7.91939e-06 -0.554302 -0.832315
    outer loop
      vertex 250 -6.69637 691.273
      vertex 13.8582 -5.74025 690.634
      vertex 13.9397 -5.5 690.474
    endloop
  endfacet
  facet normal 0 -0.555655 -0.831413
    outer loop
      vertex 13.8582 -5.74025 690.634
      vertex 250 -6.69637 691.273
      vertex 13.3867 -6.69637 691.273
    endloop
  endfacet
  facet normal 0 0.831333 -0.555775
    outer loop
      vertex 250 8.72689 693.304
      vertex 205 9.19219 694
      vertex 250 9.19219 694
    endloop
  endfacet
  facet normal 0 0.831333 -0.555775
    outer loop
      vertex 205 9.19219 694
      vertex 250 8.72689 693.304
      vertex 12.1706 8.72689 693.304
    endloop
  endfacet
  facet normal 3.29955e-07 0.831291 -0.555838
    outer loop
      vertex 205 9.19219 694
      vertex 12.1706 8.72689 693.304
      vertex 11.9003 9.13142 693.909
    endloop
  endfacet
  facet normal 1.48037e-07 0.831469 -0.555571
    outer loop
      vertex 11.9003 9.13142 693.909
      vertex 205 9.52628 694.5
      vertex 205 9.19219 694
    endloop
  endfacet
  facet normal 0 0.831491 -0.555538
    outer loop
      vertex 205 9.52628 694.5
      vertex 11.9003 9.13142 693.909
      vertex 11.554 9.52628 694.5
    endloop
  endfacet
  facet normal 0 0.99786 -0.065389
    outer loop
      vertex 10.2653 10.9059 698.564
      vertex 250 11 700
      vertex 250 10.9059 698.564
    endloop
  endfacet
  facet normal 0 0.99786 -0.065389
    outer loop
      vertex 250 11 700
      vertex 10.2653 10.9059 698.564
      vertex 10.158 11 700
    endloop
  endfacet
  facet normal 0 0.980781 -0.195113
    outer loop
      vertex 205 10.7937 698
      vertex 250 10.9059 698.564
      vertex 250 10.7937 698
    endloop
  endfacet
  facet normal 0 0.980781 -0.195113
    outer loop
      vertex 250 10.9059 698.564
      vertex 205 10.7937 698
      vertex 10.2653 10.9059 698.564
    endloop
  endfacet
  facet normal 0 0.980781 -0.195114
    outer loop
      vertex 10.5854 10.6252 697.153
      vertex 205 10.7937 698
      vertex 205 10.6252 697.153
    endloop
  endfacet
  facet normal -2.14308e-09 0.980781 -0.195113
    outer loop
      vertex 205 10.7937 698
      vertex 10.5854 10.6252 697.153
      vertex 10.2653 10.9059 698.564
    endloop
  endfacet
  facet normal -0 0.555383 0.831594
    outer loop
      vertex 0 6.69637 708.727
      vertex 250 5.5 709.526
      vertex 250 6.69637 708.727
    endloop
  endfacet
  facet normal 0 0.555383 0.831594
    outer loop
      vertex 250 5.5 709.526
      vertex 0 6.69637 708.727
      vertex 0 5.5 709.526
    endloop
  endfacet
  facet normal 0 -0.946967 0.32133
    outer loop
      vertex 0 -10.6252 702.847
      vertex 250 -10.1627 704.21
      vertex 0 -10.1627 704.21
    endloop
  endfacet
  facet normal 0 -0.946967 0.32133
    outer loop
      vertex 250 -10.1627 704.21
      vertex 0 -10.6252 702.847
      vertex 250 -10.6252 702.847
    endloop
  endfacet
  facet normal 0 0.321122 -0.947038
    outer loop
      vertex 14.6948 2.84701 689.375
      vertex 250 4.20952 689.837
      vertex 250 2.84701 689.375
    endloop
  endfacet
  facet normal 2.26582e-07 0.321087 -0.94705
    outer loop
      vertex 14.4889 3.88229 689.726
      vertex 250 4.20952 689.837
      vertex 14.6948 2.84701 689.375
    endloop
  endfacet
  facet normal 0 0.321233 -0.947
    outer loop
      vertex 250 4.20952 689.837
      vertex 14.4889 3.88229 689.726
      vertex 14.3778 4.20952 689.837
    endloop
  endfacet
  facet normal -0 0.195285 0.980747
    outer loop
      vertex 0 2.84701 710.625
      vertex 250 1.43579 710.906
      vertex 250 2.84701 710.625
    endloop
  endfacet
  facet normal 0 0.195285 0.980747
    outer loop
      vertex 250 1.43579 710.906
      vertex 0 2.84701 710.625
      vertex 0 1.43579 710.906
    endloop
  endfacet
  facet normal 0 -0.751898 0.65928
    outer loop
      vertex 0 -8.72689 706.696
      vertex 250 -7.77817 707.778
      vertex 0 -7.77817 707.778
    endloop
  endfacet
  facet normal 0 -0.751898 0.65928
    outer loop
      vertex 250 -7.77817 707.778
      vertex 0 -8.72689 706.696
      vertex 250 -8.72689 706.696
    endloop
  endfacet
  facet normal -0 0.442627 0.896706
    outer loop
      vertex 0 5.5 709.526
      vertex 250 4.20952 710.163
      vertex 250 5.5 709.526
    endloop
  endfacet
  facet normal 0 0.442627 0.896706
    outer loop
      vertex 250 4.20952 710.163
      vertex 0 5.5 709.526
      vertex 0 4.20952 710.163
    endloop
  endfacet
  facet normal 0 -0.0653293 0.997864
    outer loop
      vertex 0 0 711
      vertex 250 -1.43579 710.906
      vertex 250 0 711
    endloop
  endfacet
  facet normal 0 -0.0653293 0.997864
    outer loop
      vertex 250 -1.43579 710.906
      vertex 0 0 711
      vertex 0 -1.43579 710.906
    endloop
  endfacet
  facet normal -1 0 0
    outer loop
      vertex 0 11 700
      vertex 0 10.6252 702.847
      vertex 0 10.9059 701.436
    endloop
  endfacet
  facet normal -1 0 0
    outer loop
      vertex 0 11 700
      vertex 0 10.1627 704.21
      vertex 0 10.6252 702.847
    endloop
  endfacet
  facet normal -1 0 0
    outer loop
      vertex 0 11 700
      vertex 0 9.52628 705.5
      vertex 0 10.1627 704.21
    endloop
  endfacet
  facet normal -1 0 0
    outer loop
      vertex 0 11 700
      vertex 0 8.72689 706.696
      vertex 0 9.52628 705.5
    endloop
  endfacet
  facet normal -1 0 0
    outer loop
      vertex 0 11 700
      vertex 0 7.77817 707.778
      vertex 0 8.72689 706.696
    endloop
  endfacet
  facet normal -1 0 0
    outer loop
      vertex 0 11 700
      vertex 0 6.69637 708.727
      vertex 0 7.77817 707.778
    endloop
  endfacet
  facet normal -1 0 0
    outer loop
      vertex 0 11 700
      vertex 0 5.5 709.526
      vertex 0 6.69637 708.727
    endloop
  endfacet
  facet normal -1 0 0
    outer loop
      vertex 0 11 700
      vertex 0 4.20952 710.163
      vertex 0 5.5 709.526
    endloop
  endfacet
  facet normal -1 0 0
    outer loop
      vertex 0 11 700
      vertex 0 2.84701 710.625
      vertex 0 4.20952 710.163
    endloop
  endfacet
  facet normal -1 0 0
    outer loop
      vertex 0 11 700
      vertex 0 1.43579 710.906
      vertex 0 2.84701 710.625
    endloop
  endfacet
  facet normal -1 0 0
    outer loop
      vertex 0 11 700
      vertex 0 0 711
      vertex 0 1.43579 710.906
    endloop
  endfacet
  facet normal -1 0 0
    outer loop
      vertex 0 11 700
      vertex 0 -1.43579 710.906
      vertex 0 0 711
    endloop
  endfacet
  facet normal -1 0 0
    outer loop
      vertex 0 11 700
      vertex 0 -2.84701 710.625
      vertex 0 -1.43579 710.906
    endloop
  endfacet
  facet normal -1 0 0
    outer loop
      vertex 0 11 700
      vertex 0 -4.20952 710.163
      vertex 0 -2.84701 710.625
    endloop
  endfacet
  facet normal -1 0 0
    outer loop
      vertex 0 11 700
      vertex 0 -5.5 709.526
      vertex 0 -4.20952 710.163
    endloop
  endfacet
  facet normal -1 0 0
    outer loop
      vertex 0 11 700
      vertex 0 -6.69637 708.727
      vertex 0 -5.5 709.526
    endloop
  endfacet
  facet normal -1 0 0
    outer loop
      vertex 0 11 700
      vertex 0 -7.77817 707.778
      vertex 0 -6.69637 708.727
    endloop
  endfacet
  facet normal -1 0 0
    outer loop
      vertex 0 11 700
      vertex 0 -8.72689 706.696
      vertex 0 -7.77817 707.778
    endloop
  endfacet
  facet normal -1 0 0
    outer loop
      vertex 0 11 700
      vertex 0 -9.52628 705.5
      vertex 0 -8.72689 706.696
    endloop
  endfacet
  facet normal -1 0 0
    outer loop
      vertex 0 11 700
      vertex 0 -10.1627 704.21
      vertex 0 -9.52628 705.5
    endloop
  endfacet
  facet normal -1 0 0
    outer loop
      vertex 0 11 700
      vertex 0 -10.6252 702.847
      vertex 0 -10.1627 704.21
    endloop
  endfacet
  facet normal -1 0 0
    outer loop
      vertex 0 11 700
      vertex 0 -10.9059 701.436
      vertex 0 -10.6252 702.847
    endloop
  endfacet
  facet normal -1 0 -0
    outer loop
      vertex 0 -10.9059 701.436
      vertex 0 11 700
      vertex 0 -11 700
    endloop
  endfacet
  facet normal 0 -0.659458 0.751741
    outer loop
      vertex 0 -6.69637 708.727
      vertex 250 -7.77817 707.778
      vertex 250 -6.69637 708.727
    endloop
  endfacet
  facet normal 0 -0.659458 0.751741
    outer loop
      vertex 250 -7.77817 707.778
      vertex 0 -6.69637 708.727
      vertex 0 -7.77817 707.778
    endloop
  endfacet
  facet normal 0 -0.980781 0.195113
    outer loop
      vertex 0 -10.9059 701.436
      vertex 250 -10.6252 702.847
      vertex 0 -10.6252 702.847
    endloop
  endfacet
  facet normal 0 -0.980781 0.195113
    outer loop
      vertex 250 -10.6252 702.847
      vertex 0 -10.9059 701.436
      vertex 250 -10.9059 701.436
    endloop
  endfacet
  facet normal 0 -0.83139 0.55569
    outer loop
      vertex 0 -9.52628 705.5
      vertex 250 -8.72689 706.696
      vertex 0 -8.72689 706.696
    endloop
  endfacet
  facet normal 0 -0.83139 0.55569
    outer loop
      vertex 250 -8.72689 706.696
      vertex 0 -9.52628 705.5
      vertex 250 -9.52628 705.5
    endloop
  endfacet
endsolid OpenSCAD_Model
